--procs-- -----------------------memory---------------------- ---swap-- -----io---- -system-- --------cpu--------
   r    b         swpd         free         buff        cache   si   so    bi    bo   in   cs  us  sy  id  wa  st
   0    0            0     10149340        53980      1070240    0    0     0    63  397  708   1   0  99   0   0
   0    0            0     10148336        54012      1070212    0    0     0   140  267  465   0   0 100   0   0
   0    0            0     10148336        54044      1070252    0    0     0   179  240  423   0   0 100   0   0
   0    0            0     10148336        54076      1070252    0    0     0    60  274  447   0   0  99   0   0
   0    0            0     10153880        54108      1070252    0    0     0    59  461  764   0   0  99   0   0
   0    0            0     10153880        54140      1070220    0    0     0    67  252  424   0   0 100   0   0
   0    0            0     10153880        54172      1070252    0    0     0   201  268  443   0   0 100   0   0
   0    0            0     10153880        54204      1070220    0    0     0    60  240  424   0   0 100   0   0
   0    0            0     10153880        54236      1070252    0    0     0    59  405  668   0   0  99   0   0
   0    0            0     10153880        54268      1070220    0    0     0    64  232  420   0   0 100   0   0
   0    0            0     10153880        54300      1070252    0    0     0    91  244  416   0   0 100   0   0
   0    0            0     10153880        54332      1070220    0    0     0    61  265  443   0   0 100   0   0
   0    0            0     10156148        54364      1070256    0    0     0   381  418  710   0   0  99   0   0
   0    0            0     10155896        54396      1070224    0    0     0    60  249  413   0   0 100   0   0
   0    0            0     10155896        54428      1070224    0    0     0    88  241  425   0   0 100   0   0
   0    0            0     10155896        54460      1070224    0    0     0    56  280  456   0   0 100   0   0
   0    0            0     10160440        54492      1070264    0    0     0    72  486  712   1   0  99   0   0
   0    0            0     10160440        54524      1070232    0    0     0    64  224  309   0   0 100   0   0
   1    0            0     10160440        54556      1070264    0    0     0    96  149  191   0   0 100   0   0
   0    0            0     10160440        54588      1070264    0    0     0    60  143  212   0   0 100   0   0
--procs-- -----------------------memory---------------------- ---swap-- -----io---- -system-- --------cpu--------
   r    b         swpd         free         buff        cache   si   so    bi    bo   in   cs  us  sy  id  wa  st
   2    0            0     10162708        54620      1070260    0    0     0    59  330  517   0   0  99   0   0
   0    0            0     10161700        54652      1070236    0    0     0    64  142  203   0   0 100   0   0
   0    0            0     10161448        54684      1070272    0    0     0    99  137  193   0   0 100   0   0
   0    0            0     10161448        54716      1070240    0    0     0    64  156  221   0   0 100   0   0
   0    0            0     10159684        54748      1070272    0    0     0   415  313  500   0   0  99   0   0
   0    0            0     10159684        54780      1070272    0    0     0    64  166  221   0   0 100   0   0
   0    0            0     10159460        54812      1070276    0    0     0   117  185  236   0   0 100   0   0
   0    0            0     10159460        54844      1070276    0    0     0    84  167  229   0   0 100   0   0
   0    0            0     10160752        54876      1070276    0    0     0    60  317  495   0   0 100   0   0
   0    0            0     10160500        54908      1070276    0    0     0   101  143  199   0   0 100   0   0
   0    0            0     10160500        54940      1070276    0    0     0    60  141  187   0   0 100   0   0
   0    0            0     10160500        54972      1070284    0    0     0    61  153  223   0   0 100   0   0
   0    0            0     10156252        55004      1070284    0    0     0    55  314  483   0   0 100   0   0
   0    0            0     10156252        55036      1070284    0    0     0    59  146  201   0   0 100   0   0
   0    0            0     10156252        55068      1070284    0    0     0    91  133  183   0   0 100   0   0
   0    0            0     10156252        55100      1070284    0    0     0    55  150  214   0   0 100   0   0
   0    0            0     10156756        55132      1070288    0    0     0   413  318  505   0   0  99   0   0
   0    0            0     10156756        55164      1070288    0    0     0    60  233  303   0   0 100   0   0
   0    0            0     10156756        55196      1070288    0    0     0   119  175  183   0   0 100   0   0
   0    0            0     10156756        55228      1070256    0    0     0    55  193  224   0   0 100   0   0
   0    0            0     10158520        55276      1070288    0    0     0    73  351  500   0   0 100   0   0
--procs-- -----------------------memory---------------------- ---swap-- -----io---- -system-- --------cpu--------
   r    b         swpd         free         buff        cache   si   so    bi    bo   in   cs  us  sy  id  wa  st
   1    0            0     10158520        55308      1070256    0    0     0    64  150  197   0   0 100   0   0
   0    0            0     10158268        55348      1070252    0    0     0   321  156  202   0   0 100   0   0
   0    0            0     10158044        55380      1070296    0    0     0    63  163  235   0   0 100   0   0
   0    0            0     10159808        55412      1070300    0    0     0    59  316  496   0   0  99   0   0
   0    0            0     10159808        55444      1070268    0    0     0    64  137  207   0   0 100   0   0
   0    0            0     10159808        55476      1070304    0    0     0   105  122  192   0   0 100   0   0
   0    0            0     10159808        55516      1070264    0    0     0    73  167  252   0   0 100   0   0
   0    0            0     10156036        55548      1070268    0    0     0   249  313  486   0   0  99   0   0
   0    0            0     10156036        55580      1070304    0    0     0   149  141  203   0   0 100   0   0
   0    0            0     10156036        55612      1070308    0    0     0    59  142  189   0   0 100   0   0
   0    0            0     10156036        55644      1070276    0    0     0    60  149  230   0   0 100   0   0
   0    0            0     10161580        55676      1070308    0    0     0    59  333  503   0   0  99   0   0
   0    0            0     10161580        55708      1070308    0    0     0    64  135  193   0   0 100   0   0
   0    0            0     10161580        55740      1070312    0    0     0   103  131  185   0   0 100   0   0
   0    0            0     10161580        55772      1070312    0    0     0    60  146  223   0   0 100   0   0
   0    0            0     10163596        55804      1070276    0    0     0    59  307  486   0   0  99   0   0
   0    0            0     10163344        55836      1070312    0    0     0    65  181  303   0   0 100   0   0
   0    0            0     10163344        55868      1070312    0    0     0   104  144  184   0   0 100   0   0
   0    0            0     10163344        55900      1070280    0    0     0    60  179  218   0   0 100   0   0
   0    0            0     10158052        55932      1070444    0    0     0   435  360  504   0   0  99   0   0
   0    0            0     10158052        55964      1070444    0    0     0    60  157  197   0   0 100   0   0
--procs-- -----------------------memory---------------------- ---swap-- -----io---- -system-- --------cpu--------
   r    b         swpd         free         buff        cache   si   so    bi    bo   in   cs  us  sy  id  wa  st
   1    0            0     10158052        55996      1070444    0    0     0    97  136  191   0   0 100   0   0
   0    0            0     10158052        56028      1070416    0    0     0    57  168  231   0   0 100   0   0
   0    0            0     10165108        56060      1070412    0    0     0    53  292  495   0   0  99   0   0
   0    0            0     10165108        56092      1070452    0    0     0    59  147  218   0   0 100   0   0
   0    0            0     10165108        56124      1070452    0    0     0    95  128  179   0   0 100   0   0
   0    0            0     10165108        56156      1070420    0    0     0    55  143  220   0   0 100   0   0
   0    0            0     10161592        56188      1070432    0    0     0    57  288  481   0   0 100   0   0
   0    0            0     10161088        56220      1070472    0    0     0    65  161  233   0   0 100   0   0
   0    0            0     10161088        56252      1070440    0    0     0   117  139  200   0   0 100   0   0
   0    0            0     10161088        56284      1070472    0    0     0    76  139  217   0   0 100   0   0
   0    0            0     10164364        56316      1070476    0    0     0   387  303  499   0   0  99   0   0
   0    0            0     10164364        56348      1070444    0    0     0    59  140  201   0   0 100   0   0
   0    0            0     10164364        56380      1070444    0    0     0    97  125  186   0   0 100   0   0
   0    0            0     10164112        56412      1070480    0    0     0    55  154  234   0   0 100   0   0
   0    0            0     10165624        56444      1070480    0    0     0    53  312  495   0   0  99   0   0
   0    0            0     10165624        56476      1070480    0    0     0    59  170  281   0   0 100   0   0
   0    0            0     10165372        56508      1070484    0    0     0    97  121  178   0   0 100   0   0
   0    0            0     10165372        56540      1070484    0    0     0   260  149  225   0   0 100   0   0
   0    0            0     10160584        56572      1070484    0    0     0    55  350  485   0   0 100   0   0
   0    0            0     10160080        56604      1070484    0    0     0    63  176  208   0   0 100   0   0
   0    0            0     10160080        56636      1070452    0    0     0   121  164  187   0   0 100   0   0
--procs-- -----------------------memory---------------------- ---swap-- -----io---- -system-- --------cpu--------
   r    b         swpd         free         buff        cache   si   so    bi    bo   in   cs  us  sy  id  wa  st
   1    0            0     10160080        56668      1070488    0    0     0    64  152  209   0   0 100   0   0
   0    0            0     10160844        56700      1070452    0    0     0    59  291  480   0   0  99   0   0
   0    0            0     10160592        56732      1070488    0    0     0    60  138  209   0   0 100   0   0
   0    0            0     10160592        56764      1070488    0    0     0    95  120  192   0   0 100   0   0
   0    0            0     10160592        56796      1070456    0    0     0    55  141  220   0   0 100   0   0
   0    0            0     10162384        56828      1070492    0    0     0   383  293  480   0   0 100   0   0
   0    0            0     10162384        56860      1070492    0    0     0   103  139  205   0   0 100   0   0
   0    0            0     10162384        56892      1070492    0    0     0    97  159  223   0   0 100   0   0
   0    0            0     10162384        56924      1070492    0    0     0    60  143  235   0   0 100   0   0
   0    0            0     10165660        56956      1070492    0    0     0    69  311  510   0   0  99   0   0
   0    0            0     10165156        56988      1070496    0    0     0    89  130  201   0   0 100   0   0
   0    0            0     10165156        57020      1070464    0    0     0   103  123  178   0   0 100   0   0
   0    0            0     10165156        57052      1070496    0    0     0   217  154  229   0   0 100   0   0
   0    0            0     10171456        57084      1070496    0    0     0    59  301  480   0   0 100   0   0
   0    0            0     10170952        57116      1070504    0    0     0   107  195  302   0   0 100   0   0
   0    0            0     10170700        57148      1070508    0    0     0   135  128  186   0   0 100   0   0
   0    0            0     10170700        57180      1070508    0    0     0   179  149  228   0   0 100   0   0
   0    0            0     10165156        57212      1070504    0    0     0    57  299  485   0   0  99   0   0
   0    0            0     10164904        57244      1070512    0    0     0    65  157  215   0   0 100   0   0
   0    0            0     10164652        57276      1070512    0    0     0   104  168  189   0   0 100   0   0
   0    0            0     10164652        57308      1070516    0    0     0   183  179  234   0   0 100   0   0
--procs-- -----------------------memory---------------------- ---swap-- -----io---- -system-- --------cpu--------
   r    b         swpd         free         buff        cache   si   so    bi    bo   in   cs  us  sy  id  wa  st
   1    0            0     10167424        57340      1070516    0    0     0   112  320  465   0   0 100   0   0
   0    0            0     10167424        57372      1070484    0    0     0   125  173  211   0   0 100   0   0
   0    0            0     10167424        57404      1070516    0    0     0   101  152  197   0   0 100   0   0
   0    0            0     10167424        57436      1070484    0    0     0   169  164  234   0   0 100   0   0
   0    0            0     10167676        57468      1070480    0    0     0    59  305  476   0   0  99   0   0
   0    0            0     10167452        57500      1070520    0    0     0    64  132  188   0   0 100   0   0
   0    0            0     10167212        57532      1070536    0    0     0   191  162  209   0   0 100   0   0
   0    0            0     10167212        57564      1070504    0    0     0    60  171  267   0   0 100   0   0
   0    0            0     10162928        57596      1070540    0    0     0   144  333  526   0   0  99   0   0
   2    0            0     10162928        57628      1070508    0    0     0   145  162  219   0   0 100   0   0
   0    0            0     10162928        57660      1070540    0    0     0   144  134  181   0   0 100   0   0
   0    0            0     10162928        57692      1070508    0    0     0    55  159  231   0   0 100   0   0
   0    0            0     10161416        57724      1070540    0    0     0   129  306  487   0   0  99   0   0
   0    0            0     10161164        57756      1070508    0    0     0    59  173  297   0   0 100   0   0
   0    0            0     10161164        57788      1070512    0    0     0   179  141  195   0   0 100   0   0
   0    0            0     10160912        57820      1070544    0    0     0    55  152  226   0   0 100   0   0
   0    0            0     10155620        57852      1070508    0    0     0   131  305  487   0   0 100   0   0
   0    0            0     10155620        57884      1070544    0    0     0    59  126  190   0   0 100   0   0
   0    0            0     10155620        57916      1070548    0    0     0   179  141  194   0   0 100   0   0
   0    0            0     10155620        57948      1070548    0    0     0    56  178  221   0   0 100   0   0
   0    0            0     10151336        57980      1070552    0    0     0   132  356  506   0   0 100   0   0
--procs-- -----------------------memory---------------------- ---swap-- -----io---- -system-- --------cpu--------
   r    b         swpd         free         buff        cache   si   so    bi    bo   in   cs  us  sy  id  wa  st
   1    0            0     10151336        58012      1070552    0    0     0    63  163  217   0   0 100   0   0
   0    0            0     10151084        58044      1070552    0    0     0   189  126  182   0   0 100   0   0
   0    0            0     10151084        58076      1070520    0    0     0    60  154  225   0   0 100   0   0
   0    0            0     10158644        58108      1070520    0    0     0   137  321  498   0   0  99   0   0
   0    0            0     10158644        58144      1070560    0    0     0    65  142  211   0   0 100   0   0
   0    0            0     10158644        58176      1070528    0    0     0   201  152  195   0   0 100   0   0
   0    0            0     10158644        58208      1070560    0    0     0    64  157  230   0   0 100   0   0
   0    0            0     10157384        58240      1070528    0    0     0   147  320  508   0   0 100   0   0
   0    0            0     10156628        58272      1070564    0    0     0    60  164  234   0   0 100   0   0
   0    0            0     10156628        58304      1070564    0    0     0   264  140  199   0   0 100   0   0
   0    0            0     10156628        58336      1070532    0    0     0    57  145  229   0   0 100   0   0
   0    0            0     10156124        58368      1070564    0    0     0   109  326  493   0   0  99   0   0
   0    0            0     10156124        58400      1070532    0    0     0    59  170  286   0   0 100   0   0
   0    0            0     10156124        58432      1070568    0    0     0   179  127  193   0   0 100   0   0
   0    0            0     10156124        58464      1070536    0    0     0    55  128  214   0   0 100   0   0
   0    0            0     10157132        58512      1070568    0    0     0    81  329  504   0   0 100   0   0
   0    0            0     10157132        58544      1070572    0    0     0    63  129  203   0   0 100   0   0
   0    0            0     10157132        58576      1070572    0    0     0   124  138  196   0   0 100   0   0
   0    0            0     10157132        58608      1070572    0    0     0    60  162  235   0   0 100   0   0
   0    0            0     10153112        58640      1070572    0    0     0    73  330  493   0   0  99   0   0
   0    0            0     10153112        58672      1070572    0    0     0    64  193  218   0   0 100   0   0
--procs-- -----------------------memory---------------------- ---swap-- -----io---- -system-- --------cpu--------
   r    b         swpd         free         buff        cache   si   so    bi    bo   in   cs  us  sy  id  wa  st
   1    0            0     10153112        58704      1070576    0    0     0   120  142  186   0   0 100   0   0
   0    0            0     10153112        58736      1070544    0    0     0    60  158  229   0   0 100   0   0
   1    0            0     10152104        58768      1070576    0    0     0   400  320  489   0   0  99   0   0
   0    0            0     10152104        58800      1070576    0    0     0    60  143  200   0   0 100   0   0
   0    0            0     10152104        58832      1070576    0    0     0   112  144  194   0   0 100   0   0
   0    0            0     10152104        58864      1070544    0    0     0    55  137  214   0   0 100   0   0
   0    0            0     10150340        58896      1070544    0    0     0    68  313  493   0   0  99   0   0
   0    0            0     10149848        58928      1070600    0    0     0    60  148  206   0   0 100   0   0
   0    0            0     10149848        58960      1070600    0    0     0   117  147  194   0   0 100   0   0
   0    0            0     10149848        59000      1070600    0    0     0    71  204  272   0   0 100   0   0
   0    0            0     10155896        59032      1070604    0    0     0   136  336  523   0   0  99   0   0
   0    0            0     10155644        59064      1070604    0    0     0    64  197  300   0   0 100   0   0
   0    0            0     10155644        59096      1070572    0    0     0    77  127  178   0   0 100   0   0
   0    0            0     10155644        59128      1070540    0    0     0    60  140  211   0   0 100   0   0
   0    0            0     10150856        59160      1070608    0    0     0   431  332  506   0   0  99   0   0
   0    0            0     10150352        59192      1070608    0    0     0    64  147  206   0   0 100   0   0
   0    0            0     10150352        59224      1070576    0    0     0   120  133  187   0   0 100   0   0
   0    0            0     10150352        59256      1070612    0    0     0    61  155  227   0   0 100   0   0
   0    0            0     10149596        59288      1070612    0    0     0    73  320  498   0   0  99   0   0
   0    0            0     10149092        59320      1070616    0    0     0    65  191  260   0   0 100   0   0
   0    0            0     10149092        59352      1070584    0    0     0   143  139  198   0   0 100   0   0
--procs-- -----------------------memory---------------------- ---swap-- -----io---- -system-- --------cpu--------
   r    b         swpd         free         buff        cache   si   so    bi    bo   in   cs  us  sy  id  wa  st
   1    0            0     10149092        59384      1070616    0    0     0    60  171  242   0   0 100   0   0
   0    0            0     10154888        59416      1070580    0    0     0    76  303  492   0   0  99   0   0
   0    0            0     10154888        59448      1070584    0    0     0    64  140  215   0   0 100   0   0
   0    0            0     10154888        59480      1070620    0    0     0   125  137  200   0   0 100   0   0
   0    0            0     10154888        59512      1070588    0    0     0    60  149  237   0   0 100   0   0
   0    0            0     10158416        59544      1070748    0    0     0   421  309  471   0   0 100   0   0
   0    0            0     10158416        59576      1070748    0    0     0    59  145  209   0   0 100   0   0
   0    0            0     10158416        59608      1070716    0    0     0   127  130  185   0   0 100   0   0
   0    0            0     10158416        59640      1070716    0    0     0    55  144  221   0   0 100   0   0
   0    0            0     10160180        59672      1070752    0    0     0   172  363  570   0   0  99   0   0
   0    0            0     10160180        59704      1070720    0    0     0    64  177  204   0   0 100   0   0
   0    0            0     10159956        59736      1070752    0    0     0   129  155  183   0   0 100   0   0
   0    0            0     10159956        59768      1070752    0    0     0    60  159  218   0   0 100   0   0
   0    0            0     10158192        59800      1070760    0    0     0    72  287  484   0   0 100   0   0
   0    0            0     10158192        59832      1070760    0    0     0   268  138  201   0   0 100   0   0
   0    0            0     10158192        59864      1070760    0    0     0   124  143  193   0   0 100   0   0
   0    0            0     10158192        59896      1070760    0    0     0    55  168  227   0   0 100   0   0
   0    0            0     10153152        59928      1070760    0    0     0    67  333  496   0   0  99   0   0
   0    0            0     10153152        59960      1070764    0    0     0    63  176  222   0   0 100   0   0
   0    0            0     10153152        59992      1070764    0    0     0   284  149  199   0   0 100   0   0
   0    0            0     10153152        60024      1070764    0    0     0    68  190  272   0   0 100   0   0
--procs-- -----------------------memory---------------------- ---swap-- -----io---- -system-- --------cpu--------
   r    b         swpd         free         buff        cache   si   so    bi    bo   in   cs  us  sy  id  wa  st
   1    0            0     10152900        60056      1070764    0    0     0    75  324  496   0   0 100   0   0
   0    0            0     10152900        60088      1070732    0    0     0   124  140  202   0   0 100   0   0
   0    0            0     10152900        60120      1070768    0    0     0    71  146  192   0   0 100   0   0
   0    0            0     10152900        60152      1070768    0    0     0    55  155  227   0   0 100   0   0
   0    0            0     10151388        60184      1070768    0    0     0    64  320  486   0   0 100   0   0
   0    0            0     10151388        60216      1070768    0    0     0    59  150  205   0   0 100   0   0
   0    0            0     10151148        60248      1070784    0    0     0   120  139  188   0   0 100   0   0
   0    0            0     10151148        60280      1070792    0    0     0    56  159  236   0   0 100   0   0
   0    0            0     10151652        60312      1070792    0    0     0    71  303  484   0   0 100   0   0
   0    0            0     10151652        60344      1070760    0    0     0    60  177  276   0   0 100   0   0
   0    0            0     10151652        60376      1070792    0    0     0   493  186  194   0   0 100   0   0
   0    0            0     10151652        60408      1070796    0    0     0    59  182  209   0   0 100   0   0
   0    0            0     10151652        60440      1070796    0    0     0    75  336  486   0   0 100   0   0
   0    0            0     10151400        60472      1070796    0    0     0    60  175  212   0   0 100   0   0
   0    0            0     10151400        60504      1070796    0    0     0   121  159  190   0   0 100   0   0
   0    0            0     10151400        60536      1070796    0    0     0    55  175  237   0   0 100   0   0
   0    0            0     10153176        60568      1070800    0    0     0    69  328  494   0   0 100   0   0
   0    0            0     10153176        60600      1070800    0    0     0    60  146  206   0   0 100   0   0
   0    0            0     10153176        60632      1070800    0    0     0   120  136  183   0   0 100   0   0
   0    0            0     10153176        60664      1070800    0    0     0    55  156  232   0   0 100   0   0
   0    0            0     10154940        60696      1070772    0    0     0    64  342  523   0   0  99   0   0
--procs-- -----------------------memory---------------------- ---swap-- -----io---- -system-- --------cpu--------
   r    b         swpd         free         buff        cache   si   so    bi    bo   in   cs  us  sy  id  wa  st
   0    0            0     10154940        60728      1070808    0    0     0    65  144  206   0   0 100   0   0
   0    0            0     10154940        60760      1070776    0    0     0   472  158  197   0   0 100   0   0
   0    0            0     10154940        60792      1070808    0    0     0    64  157  228   0   0 100   0   0
   0    0            0     10152924        60824      1070776    0    0     0    76  303  489   0   0 100   0   0
   0    0            0     10152924        60856      1070808    0    0     0    64  149  211   0   0 100   0   0
   0    0            0     10152672        60888      1070812    0    0     0   125  130  183   0   0 100   0   0
   0    0            0     10152672        60920      1070812    0    0     0    60  164  242   0   0 100   0   0
   0    0            0     10146876        60952      1070812    0    0     0    72  349  562   0   0 100   0   0
   0    0            0     10146876        60984      1070812    0    0     0    60  147  210   0   0 100   0   0
   0    0            0     10146876        61016      1070780    0    0     0   121  128  182   0   0 100   0   0
   0    0            0     10146876        61048      1070816    0    0     0    56  160  226   0   0 100   0   0
   0    0            0     10144860        61080      1070816    0    0     0    71  372  496   0   0  99   0   0
   0    0            0     10144860        61112      1070816    0    0     0   388  182  215   0   0 100   0   0
   0    0            0     10144860        61144      1070816    0    0     0   131  167  201   0   0 100   0   0
   0    0            0     10144860        61176      1070816    0    0     0    60  172  234   0   0 100   0   0
   0    0            0     10139824        61208      1070820    0    0     0    69  334  501   0   0 100   0   0
   0    0            0     10139824        61240      1070820    0    0     0    63  165  217   0   0 100   0   0
   0    0            0     10139824        61272      1070820    0    0     0   125  135  189   0   0 100   0   0
   0    0            0     10139824        61304      1070820    0    0     0   304  158  225   0   0 100   0   0
   0    0            0     10141092        61336      1070820    0    0     0    75  324  513   0   0  99   0   0
   0    0            0     10141092        61368      1070828    0    0     0    65  150  209   0   0 100   0   0
--procs-- -----------------------memory---------------------- ---swap-- -----io---- -system-- --------cpu--------
   r    b         swpd         free         buff        cache   si   so    bi    bo   in   cs  us  sy  id  wa  st
   1    0            0     10141092        61400      1070796    0    0     0   149  187  229   0   0 100   0   0
   0    0            0     10141092        61432      1070796    0    0     0    55  166  238   0   0 100   0   0
   0    0            0     10137060        61464      1070832    0    0     0   236  319  489   0   0  99   0   0
   0    0            0     10137060        61496      1070832    0    0     0   111  143  200   0   0 100   0   0
   0    0            0     10137060        61528      1070800    0    0     0    75  147  189   0   0 100   0   0
   0    0            0     10137060        61560      1070836    0    0     0    55  155  226   0   0 100   0   0
   0    0            0     10144380        61592      1070852    0    0     0   164  269  442   0   0  99   0   0
   0    0            0     10144380        61624      1070852    0    0     0    59  171  287   0   0 100   0   0
   0    0            0     10144380        61656      1070820    0    0     0   120  123  186   0   0 100   0   0
   0    0            0     10144380        61688      1070856    0    0     0    55  135  218   0   0 100   0   0
   0    0            0     10149168        61728      1070856    0    0     0    75  311  499   0   0 100   0   0
   0    0            0     10149168        61760      1070856    0    0     0    60  188  213   0   0 100   0   0
   0    0            0     10149168        61792      1070824    0    0     0    72  179  183   0   0 100   0   0
   0    0            0     10149168        61824      1070860    0    0     0    55  180  229   0   0 100   0   0
   0    0            0     10152696        61856      1070860    0    0     0    69  317  493   0   0  99   0   0
   0    0            0     10152696        61888      1070860    0    0     0    64  146  214   0   0 100   0   0
   0    0            0     10152696        61920      1070828    0    0     0   405  139  188   0   0 100   0   0
   0    0            0     10152696        61952      1070828    0    0     0    60  148  228   0   0 100   0   0
   0    0            0     10154712        61984      1070864    0    0     0    71  311  499   0   0  99   0   0
   0    0            0     10154712        62016      1070864    0    0     0    60  137  207   0   0 100   0   0
   0    0            0     10154712        62048      1070832    0    0     0   141  150  195   0   0 100   0   0
--procs-- -----------------------memory---------------------- ---swap-- -----io---- -system-- --------cpu--------
   r    b         swpd         free         buff        cache   si   so    bi    bo   in   cs  us  sy  id  wa  st
   1    0            0     10154712        62088      1070864    0    0     0    65  195  282   0   0 100   0   0
   0    0            0     10156980        62120      1070832    0    0     0    71  333  505   0   0 100   0   0
   0    0            0     10156476        62152      1070868    0    0     0    60  154  217   0   0 100   0   0
   0    0            0     10156476        62184      1070836    0    0     0    71  125  184   0   0 100   0   0
   0    0            0     10156476        62216      1070868    0    0     0    55  154  233   0   0 100   0   0
   0    0            0     10153956        62248      1070868    0    0     0    57  337  546   0   0  99   0   0
   0    0            0     10153956        62280      1070836    0    0     0    76  140  207   0   0 100   0   0
   0    0            0     10153704        62312      1070872    0    0     0   421  127  184   0   0 100   0   0
   0    0            0     10153704        62344      1070872    0    0     0    71  152  222   0   0 100   0   0
   0    0            0     10155972        62376      1070876    0    0     0    53  306  484   0   0 100   0   0
   0    0            0     10155972        62408      1070880    0    0     0    69  142  209   0   0 100   0   0
   0    0            0     10155972        62440      1070884    0    0     0    85  147  196   0   0 100   0   0
   0    0            0     10155748        62472      1070884    0    0     0   148  209  222   0   0 100   0   0
   0    0            0     10150708        62504      1070884    0    0     0    59  370  494   0   0  99   0   0
   0    0            0     10150204        62536      1070884    0    0     0    76  191  223   0   0 100   0   0
   0    0            0     10150204        62568      1070852    0    0     0    60  158  186   0   0 100   0   0
   0    0            0     10150204        62600      1070888    0    0     0    75  182  242   0   0 100   0   0
   0    0            0     10152220        62632      1070888    0    0     0    59  324  484   0   0 100   0   0
   0    0            0     10152220        62664      1070888    0    0     0    75  153  206   0   0 100   0   0
   0    0            0     10152220        62696      1070888    0    0     0   412  146  192   0   0 100   0   0
   0    0            0     10152220        62728      1070888    0    0     0    77  158  232   0   0 100   0   0
--procs-- -----------------------memory---------------------- ---swap-- -----io---- -system-- --------cpu--------
   r    b         swpd         free         buff        cache   si   so    bi    bo   in   cs  us  sy  id  wa  st
   0    0            0     10152220        62760      1071020    0    0     0    59  310  479   0   0  99   0   0
   0    0            0     10152220        62792      1071020    0    0     0   204  156  228   0   0 100   0   0
   0    0            0     10152220        62824      1070988    0    0     0   156  149  211   0   0 100   0   0
   0    0            0     10151996        62856      1071020    0    0     0    87  164  244   0   0 100   0   0
   0    0            0     10150232        62888      1071020    0    0     0    59  327  510   0   0 100   0   0
   0    0            0     10149728        62920      1071024    0    0     0    64  182  287   0   0 100   0   0
   0    0            0     10149728        62952      1070992    0    0     0    77  126  181   0   0 100   0   0
   0    0            0     10149488        62984      1071040    0    0     0    60  155  234   0   0 100   0   0
   0    0            0     10155032        63016      1071040    0    0     0    71  297  493   0   0  99   0   0
   0    0            0     10155032        63048      1071040    0    0     0    64  148  207   0   0 100   0   0
   0    0            0     10155032        63080      1071044    0    0     0   348  144  191   0   0 100   0   0
   0    0            0     10155032        63112      1071012    0    0     0    77  170  238   0   0 100   0   0
   0    0            0     10159316        63144      1071044    0    0     0    75  350  527   0   0  99   0   0
   0    0            0     10159316        63176      1071012    0    0     0    65  152  216   0   0 100   0   0
   0    0            0     10159316        63208      1071044    0    0     0   159  140  188   0   0 100   0   0
   0    0            0     10159316        63240      1071048    0    0     0    63  141  222   0   0 100   0   0
   0    0            0     10158812        63272      1071052    0    0     0    73  287  445   0   0  99   0   0
   0    0            0     10158812        63304      1071020    0    0     0    60  148  210   0   0 100   0   0
   0    0            0     10158312        63336      1071052    0    0     0    73  148  198   0   0 100   0   0
   0    0            0     10158312        63368      1071052    0    0     0    55  152  233   0   0 100   0   0
   0    0            0     10153272        63400      1071052    0    0     0    72  320  483   0   0  99   0   0
--procs-- -----------------------memory---------------------- ---swap-- -----io---- -system-- --------cpu--------
   r    b         swpd         free         buff        cache   si   so    bi    bo   in   cs  us  sy  id  wa  st
   1    0            0     10152768        63432      1071056    0    0     0    60  148  210   0   0 100   0   0
   0    0            0     10152768        63464      1071028    0    0     0   403  154  203   0   0 100   0   0
   0    0            0     10152768        63496      1071060    0    0     0    75  208  236   0   0 100   0   0
   0    0            0     10154532        63528      1071064    0    0     0    72  376  560   0   0  99   0   0
   0    0            0     10154532        63560      1071064    0    0     0    64  154  203   0   0 100   0   0
   0    0            0     10154532        63592      1071064    0    0     0   157  137  185   0   0 100   0   0
   0    0            0     10154532        63624      1071064    0    0     0    63  138  213   0   0 100   0   0
   0    0            0     10157808        63656      1071064    0    0     0    73  313  486   0   0  99   0   0
   0    0            0     10157808        63688      1071068    0    0     0    64  141  208   0   0 100   0   0
   0    0            0     10157808        63720      1071036    0    0     0   136  135  193   0   0 100   0   0
   0    0            0     10157808        63752      1071068    0    0     0    60  153  226   0   0 100   0   0
   0    0            0     10159068        63784      1071068    0    0     0    73  336  483   0   0  99   0   0
   0    0            0     10158816        63816      1071036    0    0     0    67  174  240   0   0 100   0   0
   0    0            0     10158816        63848      1071036    0    0     0   517  141  197   0   0 100   0   0
   0    0            0     10158816        63880      1071072    0    0     0    60  150  226   0   0 100   0   0
   0    0            0     10153524        63912      1071040    0    0     0    75  298  470   0   0 100   0   0
   0    0            0     10153524        63944      1071072    0    0     0    60  140  200   0   0 100   0   0
   0    0            0     10153524        63976      1071040    0    0     0   137  134  190   0   0 100   0   0
   0    0            0     10153524        64008      1071076    0    0     0    60  142  220   0   0 100   0   0
   0    0            0     10155792        64040      1071072    0    0     0    71  308  481   0   0 100   0   0
   0    0            0     10155288        64072      1071076    0    0     0    63  145  205   0   0 100   0   0
--procs-- -----------------------memory---------------------- ---swap-- -----io---- -system-- --------cpu--------
   r    b         swpd         free         buff        cache   si   so    bi    bo   in   cs  us  sy  id  wa  st
   1    0            0     10155288        64104      1071044    0    0     0   139  145  194   0   0 100   0   0
   0    0            0     10155288        64136      1071044    0    0     0    60  152  232   0   0 100   0   0
   0    0            0     10160328        64168      1071084    0    0     0   404  357  548   0   0  99   0   0
   0    0            0     10160328        64200      1071084    0    0     0    64  176  205   0   0 100   0   0
   0    0            0     10160328        64232      1071052    0    0     0   145  169  194   0   0 100   0   0
   0    0            0     10159836        64264      1071100    0    0     0    60  172  223   0   0 100   0   0
   0    0            0     10154544        64304      1071124    0    0     0   252  343  497   0   0  99   0   0
   0    0            0     10154292        64336      1071132    0    0     0    63  156  209   0   0 100   0   0
   0    0            0     10154292        64368      1071132    0    0     0   139  137  182   0   0 100   0   0
   0    0            0     10154292        64400      1071132    0    0     0    55  155  226   0   0 100   0   0
   0    0            0     10148752        64432      1071132    0    0     0    71  310  506   0   0 100   0   0
   0    0            0     10148500        64464      1071136    0    0     0    64  165  234   0   0 100   0   0
   0    0            0     10148500        64496      1071136    0    0     0   137  142  196   0   0 100   0   0
   0    0            0     10148500        64528      1071140    0    0     0    67  188  261   0   0 100   0   0
   0    0            0     10147240        64560      1071140    0    0     0   151  306  492   0   0 100   0   0
   0    0            0     10146988        64592      1071140    0    0     0    64  144  211   0   0 100   0   0
   0    0            0     10146988        64624      1071144    0    0     0   380  134  194   0   0 100   0   0
   0    0            0     10146988        64656      1071144    0    0     0    60  146  227   0   0 100   0   0
   0    0            0     10149004        64688      1071144    0    0     0    67  318  498   0   0  99   0   0
   0    0            0     10148752        64720      1071144    0    0     0    63  147  208   0   0 100   0   0
   0    0            0     10148752        64752      1071144    0    0     0   139  145  194   0   0 100   0   0
--procs-- -----------------------memory---------------------- ---swap-- -----io---- -system-- --------cpu--------
   r    b         swpd         free         buff        cache   si   so    bi    bo   in   cs  us  sy  id  wa  st
   1    0            0     10148752        64784      1071148    0    0     0    60  145  224   0   0 100   0   0
   0    0            0     10143964        64816      1071112    0    0     0    73  328  559   0   0  99   0   0
   0    0            0     10143208        64848      1071116    0    0     0    60  151  218   0   0 100   0   0
   0    0            0     10143208        64880      1071148    0    0     0   137  179  199   0   0 100   0   0
   0    0            0     10143208        64912      1071148    0    0     0    55  175  216   0   0 100   0   0
   0    0            0     10137664        64960      1071156    0    0     0    88  313  481   0   0 100   0   0
   0    0            0     10137412        64992      1071152    0    0     0    64  139  204   0   0 100   0   0
   0    0            0     10137412        65024      1071152    0    0     0   491  141  204   0   0 100   0   0
   0    0            0     10137160        65056      1071152    0    0     0    60  146  212   0   0 100   0   0
   0    0            0     10138672        65088      1071160    0    0     0    71  313  492   0   0 100   0   0
   0    0            0     10138672        65120      1071160    0    0     0    60  144  208   0   0 100   0   0
   0    0            0     10138672        65152      1071160    0    0     0   137  134  191   0   0 100   0   0
   0    0            0     10138672        65184      1071160    0    0     0    55  145  218   0   0 100   0   0
   0    0            0     10140688        65224      1071160    0    0     0    84  333  530   0   0  99   0   0
   0    0            0     10140688        65256      1071164    0    0     0    65  141  209   0   0 100   0   0
   0    0            0     10140688        65288      1071164    0    0     0   157  149  195   0   0 100   0   0
   0    0            0     10140688        65320      1071164    0    0     0    60  149  227   0   0 100   0   0
   0    0            0     10143964        65352      1071164    0    0     0    73  274  456   0   0  99   0   0
   0    0            0     10143712        65384      1071164    0    0     0    64  137  202   0   0 100   0   0
   0    0            0     10143712        65416      1071168    0    0     0   496  144  192   0   0 100   0   0
   0    0            0     10143712        65448      1071168    0    0     0    60  141  218   0   0 100   0   0
--procs-- -----------------------memory---------------------- ---swap-- -----io---- -system-- --------cpu--------
   r    b         swpd         free         buff        cache   si   so    bi    bo   in   cs  us  sy  id  wa  st
   1    0            0     10151524        65480      1071168    0    0     0    76  345  581   0   0  99   0   0
   0    0            0     10151272        65512      1071136    0    0     0    64  132  203   0   0 100   0   0
   1    0            0     10151272        65544      1071168    0    0     0   139  129  194   0   0 100   0   0
   0    0            0     10151272        65576      1071176    0    0     0    63  150  206   0   0 100   0   0
   0    0            0     10148752        65608      1071144    0    0     0    79  340  500   0   0  99   0   0
   0    0            0     10148260        65640      1071192    0    0     0    64  179  213   0   0 100   0   0
   0    0            0     10148260        65672      1071160    0    0     0   136  174  194   0   0 100   0   0
   0    0            0     10148260        65704      1071192    0    0     0    60  167  229   0   0 100   0   0
   0    0            0     10147508        65736      1071160    0    0     0    71  325  486   0   0  99   0   0
   0    0            0     10147004        65768      1071200    0    0     0    64  142  213   0   0 100   0   0
   0    0            0     10147004        65800      1071200    0    0     0   496  141  194   0   0 100   0   0
   0    0            0     10147004        65832      1071200    0    0     0   127  151  222   0   0 100   0   0
   0    0            0     10143224        65864      1071200    0    0     0    77  288  472   0   0 100   0   0
   0    0            0     10143224        65896      1071204    0    0     0    64  146  208   0   0 100   0   0
   0    0            0     10143224        65928      1071204    0    0     0   161  178  231   0   0 100   0   0
   0    0            0     10143224        65960      1071204    0    0     0   187  154  234   0   0 100   0   0
   0    0            0     10148768        65992      1071208    0    0     0    73  306  493   0   0 100   0   0
   0    0            0     10148768        66024      1071212    0    0     0    63  141  207   0   0 100   0   0
   0    0            0     10148768        66056      1071212    0    0     0   143  147  198   0   0 100   0   0
   0    0            0     10148768        66088      1071212    0    0     0    60  155  242   0   0 100   0   0
   0    0            0     10144484        66120      1071212    0    0     0    77  348  566   0   0  99   0   0
--procs-- -----------------------memory---------------------- ---swap-- -----io---- -system-- --------cpu--------
   r    b         swpd         free         buff        cache   si   so    bi    bo   in   cs  us  sy  id  wa  st
   1    0            0     10144484        66152      1071212    0    0     0    64  146  206   0   0 100   0   0
   0    0            0     10144484        66184      1071180    0    0     0   137  137  192   0   0 100   0   0
   0    0            0     10144484        66216      1071216    0    0     0    60  140  217   0   0 100   0   0
   0    0            0     10140476        66248      1071216    0    0     0    73  316  527   0   0 100   0   0
   0    0            0     10140476        66280      1071216    0    0     0    65  396  672   1   0  99   0   0
   0    0            0     10140476        66312      1071216    0    0     0   468  188  250   0   0 100   0   0
   0    0            0     10140476        66344      1071220    0    0     0    60  166  215   0   0 100   0   0
   0    0            0     10139468        66376      1071348    0    0     0    76  298  488   0   0  99   0   0
   0    0            0     10139216        66408      1071348    0    0     0    64  157  211   0   0 100   0   0
   0    0            0     10139216        66440      1071348    0    0     0   137  147  196   0   0 100   0   0
   0    0            0     10139216        66472      1071348    0    0     0    60  168  235   0   0 100   0   0
   0    0            0     10139468        66504      1071352    0    0     0    73  321  488   0   0 100   0   0
   2    0            0     10139468        66536      1071320    0    0     0    60  143  203   0   0 100   0   0
   0    0            0     10139468        66568      1071352    0    0     0   135  145  204   0   0 100   0   0
   0    0            0     10139468        66600      1071352    0    0     0    59  179  264   0   0 100   0   0
   0    0            0     10139972        66632      1071352    0    0     0    71  302  490   0   0 100   0   0
   0    0            0     10139972        66664      1071324    0    0     0   140  168  221   0   0 100   0   0
   0    0            0     10139972        66696      1071360    0    0     0   435  129  180   0   0 100   0   0
   0    0            0     10139972        66728      1071360    0    0     0    55  155  228   0   0 100   0   0
   0    0            0     10143528        66760      1071360    0    0     0    72  335  571   0   0 100   0   0
   0    0            0     10143528        66792      1071328    0    0     0    60  146  205   0   0 100   0   0
--procs-- -----------------------memory---------------------- ---swap-- -----io---- -system-- --------cpu--------
   r    b         swpd         free         buff        cache   si   so    bi    bo   in   cs  us  sy  id  wa  st
   1    0            0     10143276        66824      1071364    0    0     0   131  133  193   0   0 100   0   0
   0    0            0     10143276        66856      1071332    0    0     0    55  146  223   0   0 100   0   0
   0    0            0     10150836        66888      1071368    0    0     0    64  310  485   0   0 100   0   0
   0    0            0     10150836        66920      1071368    0    0     0   241  149  225   0   0 100   0   0
   0    0            0     10150596        66952      1071384    0    0     0   137  172  198   0   0 100   0   0
   0    0            0     10150596        66984      1071388    0    0     0    59  194  224   0   0 100   0   0
   0    0            0     10146564        67016      1071388    0    0     0    79  354  503   0   0  99   0   0
   0    0            0     10146564        67048      1071356    0    0     0    59  168  213   0   0 100   0   0
   0    0            0     10146312        67080      1071388    0    0     0   137  139  192   0   0 100   0   0
   1    0            0     10146312        67112      1071388    0    0     0    55  146  231   0   0 100   0   0
   0    0            0     10148076        67144      1071392    0    0     0    67  302  484   0   0  99   0   0
   0    0            0     10148076        67176      1071392    0    0     0    63  138  201   0   0 100   0   0
   0    0            0     10148076        67208      1071392    0    0     0   139  146  195   0   0 100   0   0
   1    0            0     10148076        67240      1071392    0    0     0   385  165  241   0   0 100   0   0
   0    0            0     10143036        67272      1071396    0    0     0    73  304  459   0   0 100   0   0
   0    0            0     10142784        67304      1071396    0    0     0    67  176  246   0   0 100   0   0
   0    0            0     10142784        67336      1071396    0    0     0   293  143  197   0   0 100   0   0
   7    0            0     10144344        67368      1071396    0    0     0    63  173  269   0   0 100   0   0
   0    0            0     10139508        67400      1071396    0    0     0    75  315  518   0   0 100   0   0
   0    0            0     10139256        67432      1071368    0    0     0    64  145  211   0   0 100   0   0
   0    0            0     10139256        67464      1071368    0    0     0   143  131  194   0   0 100   0   0
--procs-- -----------------------memory---------------------- ---swap-- -----io---- -system-- --------cpu--------
   r    b         swpd         free         buff        cache   si   so    bi    bo   in   cs  us  sy  id  wa  st
   1    0            0     10139760        67496      1071396    0    0     0    56  169  270   0   0 100   0   0
   0    0            0     10137492        67528      1071400    0    0     0   225  289  440   0   0 100   0   0
   0    0            0     10137492        67560      1071404    0    0     0    60  136  206   0   0 100   0   0
   0    0            0     10137492        67592      1071404    0    0     0   137  134  191   0   0 100   0   0
   0    0            0     10137492        67624      1071404    0    0     0    55  161  226   0   0 100   0   0
   0    0            0     10145052        67656      1071404    0    0     0   192  365  482   0   0 100   0   0
   0    0            0     10145052        67688      1071408    0    0     0    60  204  232   0   0 100   0   0
   0    0            0     10145052        67720      1071376    0    0     0   139  170  197   0   0 100   0   0
   0    0            0     10152852        67752      1071412    0    0     0    59  194  265   0   0 100   0   0
   0    0            0     10147320        67784      1071376    0    0     0    77  310  440   0   0 100   0   0
   0    0            0     10147320        67816      1071384    0    0     0    64  163  213   0   0 100   0   0
   0    0            0     10147320        67848      1071416    0    0     0   144  151  198   0   0 100   0   0
   0    0            0     10150960        67880      1071420    0    0     0    55  164  258   0   0 100   0   0
   0    0            0     10145052        67912      1071384    0    0     0    73  286  444   0   0 100   0   0
   0    0            0     10144800        67944      1071420    0    0     0    63  153  216   0   0 100   0   0
   0    0            0     10144800        67976      1071420    0    0     0   476  172  226   0   0 100   0   0
   0    0            0     10146360        68008      1071420    0    0     0    60  186  277   0   0 100   0   0
   1    0            0     10145556        68040      1071424    0    0     0    89  335  531   0   0 100   0   0
   1    0            0     10145556        68072      1071424    0    0     0    59  138  210   0   0 100   0   0
   0    0            0     10145556        68104      1071424    0    0     0   140  130  192   0   0 100   0   0
   0    0            0     10147376        68136      1071420    0    0     0    55  176  280   0   0 100   0   0
--procs-- -----------------------memory---------------------- ---swap-- -----io---- -system-- --------cpu--------
   r    b         swpd         free         buff        cache   si   so    bi    bo   in   cs  us  sy  id  wa  st
   1    0            0     10143540        68184      1071428    0    0     0    87  260  455   0   0 100   0   0
   0    0            0     10143540        68216      1071428    0    0     0    60  149  215   0   0 100   0   0
   0    0            0     10143068        68248      1071428    0    0     0   140  181  234   0   0 100   0   0
   0    0            0     10143588        68280      1071424    0    0     0    55  186  273   0   0 100   0   0
   0    0            0     10138028        68312      1071428    0    0     0    67  289  441   0   0 100   0   0
   0    0            0     10138028        68352      1071432    0    0     0    73  182  252   0   0 100   0   0
   0    0            0     10138028        68384      1071432    0    0     0   439  165  217   0   0 100   0   0
   0    0            0     10141668        68416      1071432    0    0     0    60  198  290   0   0 100   0   0
   0    0            0     10135508        68448      1071436    0    0     0    71  291  458   0   0 100   0   0
   0    0            0     10135508        68480      1071440    0    0     0    64  157  231   0   0 100   0   0
   1    0            0     10135508        68512      1071440    0    0     0    75  156  207   0   0 100   0   0
   0    0            0     10137072        68544      1071440    0    0     0    60  181  274   0   0 100   0   0
   0    0            0     10131728        68576      1071440    0    0     0    71  277  450   0   0 100   0   0
   0    0            0     10131476        68608      1071440    0    0     0    64  148  216   0   0 100   0   0
   0    0            0     10131476        68640      1071444    0    0     0   159  145  193   0   0 100   0   0
   0    0            0     10139276        68676      1071444    0    0     0    64  185  278   0   0 100   0   0
   0    0            0     10137272        68708      1071448    0    0     0    91  391  533   0   0 100   0   0
   0    0            0     10137272        68740      1071448    0    0     0    59  188  216   0   0 100   0   0
   0    0            0     10137272        68772      1071448    0    0     0   504  166  202   0   0 100   0   0
   0    0            0     10139044        68804      1071452    0    0     0    56  193  275   0   0 100   0   0
   0    0            0     10138288        68836      1071456    0    0     0   167  289  436   0   0 100   0   0
--procs-- -----------------------memory---------------------- ---swap-- -----io---- -system-- --------cpu--------
   r    b         swpd         free         buff        cache   si   so    bi    bo   in   cs  us  sy  id  wa  st
   1    0            0     10138288        68868      1071456    0    0     0    61  140  209   0   0 100   0   0
   0    0            0     10138288        68900      1071456    0    0     0   140  134  191   0   0 100   0   0
   0    0            0     10139824        68932      1071452    0    0     0    55  206  293   0   0 100   0   0
   0    0            0     10139800        68964      1071460    0    0     0    73  297  439   0   0 100   0   0
   0    0            0     10139800        68996      1071460    0    0     0    60  157  224   0   0 100   0   0
   0    0            0     10139800        69028      1071460    0    0     0   121  166  222   0   0 100   0   0
   0    0            0     10141336        69060      1071456    0    0     0    73  186  292   0   0 100   0   0
   0    0            0     10135516        69092      1071460    0    0     0    59  265  431   0   0 100   0   0
   0    0            0     10135516        69124      1071464    0    0     0    79  141  209   0   0 100   0   0
   0    0            0     10135516        69156      1071464    0    0     0   363  142  201   0   0 100   0   0
   0    0            0     10138896        69188      1071460    0    0     0    75  176  279   0   0 100   0   0
   0    0            0     10138288        69220      1071464    0    0     0    55  276  442   0   0  99   0   0
   0    0            0     10138288        69252      1071464    0    0     0    71  156  213   0   0 100   0   0
   0    0            0     10138288        69284      1071468    0    0     0    55  128  184   0   0 100   0   0
   0    0            0     10138544        69316      1071464    0    0     0    68  199  293   0   0 100   0   0
   0    0            0     10137788        69348      1071468    0    0     0    72  312  511   0   0 100   0   0
   0    0            0     10137788        69380      1071468    0    0     0    69  182  219   0   0 100   0   0
   0    0            0     10137788        69412      1071468    0    0     0   143  195  196   0   0 100   0   0
   0    0            0     10145600        69444      1071468    0    0     0    69  235  288   0   0 100   0   0
   0    0            0     10143836        69476      1071472    0    0     0    57  287  402   0   0 100   0   0
   0    0            0     10143584        69508      1071472    0    0     0    72  158  200   0   0 100   0   0
--procs-- -----------------------memory---------------------- ---swap-- -----io---- -system-- --------cpu--------
   r    b         swpd         free         buff        cache   si   so    bi    bo   in   cs  us  sy  id  wa  st
   1    0            0     10143344        69540      1071488    0    0     0   413  146  187   0   0 100   0   0
   0    0            0     10145108        69572      1071488    0    0     0    71  197  287   0   0 100   0   0
   0    0            0     10139564        69604      1071496    0    0     0    53  259  428   0   0 100   0   0
   0    0            0     10139312        69636      1071496    0    0     0    68  145  210   0   0 100   0   0
   0    0            0     10139312        69668      1071496    0    0     0    60  127  192   0   0 100   0   0
   0    0            0     10140096        69700      1071492    0    0     0    71  195  297   0   0 100   0   0
   0    0            0     10137548        69732      1071460    0    0     0    63  282  454   0   0 100   0   0
   0    0            0     10137296        69764      1071500    0    0     0    80  148  219   0   0 100   0   0
   0    0            0     10137296        69796      1071504    0    0     0   143  157  206   0   0 100   0   0
   0    0            0     10145096        69828      1071504    0    0     0    76  180  276   0   0 100   0   0
   1    0            0     10139564        69860      1071500    0    0     0    61  273  436   0   0 100   0   0
   0    0            0     10139312        69892      1071508    0    0     0    80  145  211   0   0 100   0   0
   0    0            0     10139312        69924      1071508    0    0     0   391  132  188   0   0 100   0   0
   0    0            0     10147124        69956      1071504    0    0     0    75  200  288   0   0 100   0   0
   0    0            0     10146872        69988      1071508    0    0     0    59  305  508   0   0 100   0   0
   0    0            0     10146872        70020      1071508    0    0     0    75  146  206   0   0 100   0   0
   0    0            0     10146620        70052      1071512    0    0     0    60  129  185   0   0 100   0   0
   0    0            0     10147376        70084      1071508    0    0     0    97  210  279   0   0 100   0   0
   0    0            0     10146620        70116      1071512    0    0     0    55  300  425   0   0 100   0   0
   0    0            0     10146620        70148      1071512    0    0     0    76  160  206   0   0 100   0   0
   1    0            0     10146396        70180      1071512    0    0     0   148  160  193   0   0 100   0   0
--procs-- -----------------------memory---------------------- ---swap-- -----io---- -system-- --------cpu--------
   r    b         swpd         free         buff        cache   si   so    bi    bo   in   cs  us  sy  id  wa  st
   1    0            0     10154196        70212      1071516    0    0     0    76  227  290   0   0 100   0   0
   0    0            0     10150176        70244      1071484    0    0     0   355  248  415   0   0 100   0   0
   0    0            0     10150176        70276      1071516    0    0     0    75  152  218   0   0 100   0   0
   0    0            0     10150176        70308      1071516    0    0     0    60  119  183   0   0 100   0   0
   0    0            0     10150176        70340      1071484    0    0     0   229  146  226   0   0 100   0   0
   0    0            0     10152192        70372      1071520    0    0     0    61  409  741   1   0  99   0   0
   0    0            0     10151952        70404      1071488    0    0     0    75  421  673   1   0  98   0   0
   0    0            0     10151952        70436      1071520    0    0     0    60  260  427   0   0 100   0   0
   0    0            0     10152708        70468      1071516    0    0     0    73  310  506   0   0 100   0   0
   0    0            0     10148676        70500      1071492    0    0     0    57  315  581   0   0 100   0   0
   0    0            0     10148172        70532      1071528    0    0     0    76  249  429   0   0 100   0   0
   0    0            0     10148172        70564      1071496    0    0     0    65  246  417   0   0 100   0   0
   0    0            0     10148692        70596      1071528    0    0     0   388  310  501   0   0 100   0   0
   0    0            0     10144908        70628      1071492    0    0     0    59  434  773   0   0  99   0   0
   0    0            0     10144656        70660      1071544    0    0     0    71  289  479   0   0 100   0   0
   0    0            0     10144656        70692      1071512    0    0     0    55  239  392   0   0 100   0   0
   0    0            0     10145412        70724      1071544    0    0     0    71  287  498   0   0 100   0   0
   0    0            0     10139368        70756      1071676    0    0     0    72  410  631   0   0  99   0   0
   0    0            0     10139368        70788      1071676    0    0     0    69  330  428   0   0 100   0   0
   0    0            0     10139368        70820      1071680    0    0     0    55  274  395   0   0 100   0   0
   0    0            0     10140376        70852      1071676    0    0     0    69  318  508   0   0 100   0   0
--procs-- -----------------------memory---------------------- ---swap-- -----io---- -system-- --------cpu--------
   r    b         swpd         free         buff        cache   si   so    bi    bo   in   cs  us  sy  id  wa  st
   1    0            0     10138108        70884      1071684    0    0     0    53  389  650   0   0  99   0   0
   0    0            0     10138108        70916      1071652    0    0     0    76  253  416   0   0 100   0   0
   0    0            0     10138108        70948      1071684    0    0     0    60  135  187   0   0 100   0   0
   0    0            0     10141748        70980      1071652    0    0     0   515  199  274   0   0 100   0   0
   0    0            0     10140124        71012      1071688    0    0     0    59  274  430   0   0 100   0   0
   0    0            0     10140124        71044      1071688    0    0     0    71  159  225   0   0 100   0   0
   0    0            0     10139872        71076      1071688    0    0     0    59  140  191   0   0 100   0   0
   0    0            0     10140880        71108      1071684    0    0     0    79  226  320   0   0 100   0   0
   0    0            0     10140880        71140      1071652    0    0     0    56  276  438   0   0 100   0   0
   0    0            0     10140628        71172      1071692    0    0     0    73  149  211   0   0 100   0   0
   0    0            0     10140376        71204      1071660    0    0     0    53  125  177   0   0 100   0   0
   0    0            0     10140124        71236      1071692    0    0     0    68  149  232   0   0 100   0   0
   0    0            0     10137856        71268      1071696    0    0     0    53  358  590   0   0 100   0   0
   0    0            0     10137604        71300      1071664    0    0     0    69  140  201   0   0 100   0   0
   0    0            0     10137604        71332      1071700    0    0     0   499  138  193   0   0 100   0   0
   0    0            0     10137604        71364      1071668    0    0     0    68  149  221   0   0 100   0   0
   0    0            0     10137856        71420      1071704    0    0     0    91  317  502   0   0 100   0   0
   0    0            0     10137856        71452      1071672    0    0     0    69  128  185   0   0 100   0   0
   0    0            0     10137856        71484      1071708    0    0     0   125  170  187   0   0 100   0   0
   0    0            0     10137856        71516      1071676    0    0     0    72  191  235   0   0 100   0   0
   0    0            0     10144408        71548      1071708    0    0     0    57  339  477   0   0 100   0   0
--procs-- -----------------------memory---------------------- ---swap-- -----io---- -system-- --------cpu--------
   r    b         swpd         free         buff        cache   si   so    bi    bo   in   cs  us  sy  id  wa  st
   1    0            0     10144408        71580      1071676    0    0     0    72  171  204   0   0 100   0   0
   0    0            0     10144408        71612      1071676    0    0     0   121  136  182   0   0 100   0   0
   0    0            0     10144408        71644      1071712    0    0     0    71  158  230   0   0 100   0   0
   0    0            0     10139368        71676      1071712    0    0     0    53  301  478   0   0 100   0   0
   0    0            0     10139368        71708      1071680    0    0     0    68  139  196   0   0 100   0   0
   0    0            0     10139368        71740      1071712    0    0     0   481  151  201   0   0 100   0   0
   0    0            0     10139116        71772      1071716    0    0     0    68  157  241   0   0 100   0   0
   0    0            0     10133836        71844      1079604    0    0     0   168  335  529   0   0 100   0   0
   0    0            0     10133836        71876      1079572    0    0     0   205  158  208   0   0 100   0   0
   0    0            0     10133836        71908      1079608    0    0     0  2501  138  186   0   0 100   0   0
   0    0            0     10133836        71940      1079612    0    0     0    75  141  224   0   0 100   0   0
   0    0            0     10129328        71972      1079616    0    0     0    57  379  597   0   0  99   0   0
   0    0            0     10129080        72004      1079616    0    0     0    77  172  233   0   0 100   0   0
   0    0            0     10129080        72036      1079616    0    0     0    64  137  200   0   0 100   0   0
   0    0            0     10129080        72068      1079620    0    0     0    79  137  214   0   0 100   0   0
   0    0            0     10130088        72100      1079620    0    0     0    55  300  480   0   0 100   0   0
   0    0            0     10130088        72132      1079588    0    0     0   111  141  199   0   0 100   0   0
   0    0            0     10129848        72164      1079636    0    0     0   333  147  197   0   0 100   0   0
   0    0            0     10129848        72196      1079636    0    0     0    72  186  242   0   0 100   0   0
   0    0            0     10125816        72228      1079640    0    0     0    57  359  482   0   0 100   0   0
   0    0            0     10125816        72260      1079640    0    0     0    79  171  206   0   0 100   0   0
--procs-- -----------------------memory---------------------- ---swap-- -----io---- -system-- --------cpu--------
   r    b         swpd         free         buff        cache   si   so    bi    bo   in   cs  us  sy  id  wa  st
   2    0            0     10125816        72292      1079640    0    0     0    84  139  185   0   0 100   0   0
   0    0            0     10125816        72324      1079608    0    0     0    76  163  240   0   0 100   0   0
   0    0            0     10131360        72356      1079644    0    0     0    59  288  473   0   0 100   0   0
   0    0            0     10131108        72388      1079648    0    0     0    75  154  215   0   0 100   0   0
   0    0            0     10131108        72420      1079648    0    0     0    91  151  197   0   0 100   0   0
   0    0            0     10131108        72452      1079648    0    0     0    77  150  230   0   0 100   0   0
   0    0            0     10132872        72484      1079648    0    0     0    59  291  464   0   0 100   0   0
   0    0            0     10132872        72516      1079616    0    0     0    75  146  211   0   0 100   0   0
   0    0            0     10132872        72548      1079616    0    0     0   457  179  238   0   0 100   0   0
   0    0            0     10132872        72580      1079652    0    0     0    80  156  222   0   0 100   0   0
   0    0            0     10138668        72612      1079652    0    0     0    59  353  595   0   0  99   0   0
   0    0            0     10138416        72644      1079620    0    0     0    77  138  208   0   0 100   0   0
   0    0            0     10138416        72676      1079652    0    0     0    87  135  191   0   0 100   0   0
   0    0            0     10138416        72708      1079620    0    0     0    75  143  221   0   0 100   0   0
   0    0            0     10132872        72740      1079656    0    0     0    55  260  421   0   0  99   0   0
   1    0            0     10132872        72772      1079624    0    0     0    75  139  204   0   0 100   0   0
   0    0            0     10132872        72804      1079656    0    0     0    88  142  194   0   0 100   0   0
   0    0            0     10132872        72836      1079624    0    0     0    76  149  218   0   0 100   0   0
   0    0            0     10139424        72868      1079660    0    0     0    59  306  487   0   0 100   0   0
   0    0            0     10139424        72900      1079660    0    0     0    72  203  215   0   0 100   0   0
   0    0            0     10139424        72932      1079628    0    0     0   441  173  182   0   0 100   0   0
--procs-- -----------------------memory---------------------- ---swap-- -----io---- -system-- --------cpu--------
   r    b         swpd         free         buff        cache   si   so    bi    bo   in   cs  us  sy  id  wa  st
   1    0            0     10139424        72964      1079660    0    0     0    72  181  229   0   0 100   0   0
   0    0            0     10134636        72996      1079632    0    0     0    57  333  488   0   0 100   0   0
   0    0            0     10134384        73028      1079668    0    0     0    77  167  215   0   0 100   0   0
   0    0            0     10134384        73060      1079636    0    0     0    91  144  191   0   0 100   0   0
   0    0            0     10134384        73092      1079668    0    0     0    77  148  225   0   0 100   0   0
   0    0            0     10137912        73124      1079668    0    0     0    59  304  480   0   0 100   0   0
   0    0            0     10137660        73156      1079672    0    0     0    75  152  207   0   0 100   0   0
   0    0            0     10137660        73188      1079672    0    0     0    91  144  200   0   0 100   0   0
   0    0            0     10137660        73220      1079640    0    0     0    79  180  257   0   0 100   0   0
   0    0            0     10136904        73252      1079804    0    0     0    61  331  555   0   0  99   0   0
   0    0            0     10136904        73284      1079804    0    0     0   117  158  215   0   0 100   0   0
   0    0            0     10136652        73316      1079772    0    0     0   385  125  181   0   0 100   0   0
   0    0            0     10136400        73348      1079808    0    0     0   172  153  220   0   0 100   0   0
   0    0            0     10131612        73380      1079808    0    0     0    61  314  475   0   0 100   0   0
   0    0            0     10131612        73412      1079776    0    0     0    75  136  191   0   0 100   0   0
   0    0            0     10131360        73444      1079808    0    0     0    84  139  193   0   0 100   0   0
   0    0            0     10131360        73476      1079776    0    0     0    71  161  230   0   0 100   0   0
   0    0            0     10132884        73508      1079828    0    0     0    57  304  482   0   0 100   0   0
   0    0            0     10132884        73540      1079796    0    0     0    76  144  200   0   0 100   0   0
   0    0            0     10132884        73572      1079828    0    0     0    92  164  200   0   0 100   0   0
   0    0            0     10132884        73604      1079828    0    0     0    76  191  229   0   0 100   0   0
--procs-- -----------------------memory---------------------- ---swap-- -----io---- -system-- --------cpu--------
   r    b         swpd         free         buff        cache   si   so    bi    bo   in   cs  us  sy  id  wa  st
   1    0            0     10134144        73636      1079836    0    0     0   335  329  485   0   0 100   0   0
   0    0            0     10134144        73668      1079804    0    0     0    75  146  195   0   0 100   0   0
   0    0            0     10133892        73692      1079836    0    0     0    91  145  195   0   0 100   0   0
   0    0            0     10133892        73724      1079836    0    0     0    75  142  221   0   0 100   0   0
   0    0            0     10135908        73756      1079836    0    0     0    59  305  500   0   0 100   0   0
   0    0            0     10135908        73784      1079840    0    0     0    75  145  205   0   0 100   0   0
   0    0            0     10135908        73816      1079840    0    0     0    89  140  200   0   0 100   0   0
   0    0            0     10135908        73848      1079808    0    0     0    76  160  240   0   0 100   0   0
   0    0            0     10137924        73880      1079808    0    0     0    59  332  559   0   0 100   0   0
   0    0            0     10137672        73912      1079840    0    0     0    73  180  246   0   0 100   0   0
   0    0            0     10137672        73936      1079844    0    0     0    92  139  200   0   0 100   0   0
   0    0            0     10137672        73960      1079820    0    0     0    73  139  213   0   0 100   0   0
   0    0            0     10133388        73988      1079848    0    0     0   411  302  494   0   0 100   0   0
   0    0            0     10133388        74016      1079820    0    0     0    76  131  188   0   0 100   0   0
   0    0            0     10133388        74044      1079852    0    0     0    93  137  196   0   0 100   0   0
   0    0            0     10133388        74076      1079820    0    0     0    79  158  228   0   0 100   0   0
   0    0            0     10128348        74108      1079856    0    0     0    59  303  474   0   0 100   0   0
   0    0            0     10128348        74136      1079856    0    0     0    77  153  211   0   0 100   0   0
   0    0            0     10128348        74164      1079856    0    0     0    92  131  181   0   0 100   0   0
   0    0            0     10128348        74196      1079824    0    0     0    77  164  240   0   0 100   0   0
   0    0            0     10123560        74228      1079856    0    0     0    57  330  467   0   0 100   0   0
--procs-- -----------------------memory---------------------- ---swap-- -----io---- -system-- --------cpu--------
   r    b         swpd         free         buff        cache   si   so    bi    bo   in   cs  us  sy  id  wa  st
   1    0            0     10123308        74256      1079832    0    0     0    76  176  204   0   0 100   0   0
   0    0            0     10123308        74280      1079836    0    0     0    91  158  202   0   0 100   0   0
   0    0            0     10123308        74308      1079860    0    0     0    76  164  225   0   0 100   0   0
   0    0            0     10118520        74336      1079860    0    0     0   417  316  479   0   0 100   0   0
   0    0            0     10118268        74352      1079844    0    0     0    75  147  200   0   0 100   0   0
   0    0            0     10118268        74384      1079864    0    0     0    96  133  187   0   0 100   0   0
   0    0            0     10118268        74408      1079864    0    0     0    75  138  216   0   0 100   0   0
   0    0            0     10118800        74436      1079860    0    0     0    76  354  567   0   0  99   0   0
   0    0            0     10118800        74448      1079864    0    0     0    80  147  208   0   0 100   0   0
   0    0            0     10118800        74464      1079864    0    0     0    95  156  217   0   0 100   0   0
   0    0            0     10118800        74480      1079864    0    0     0    79  133  218   0   0 100   0   0
   0    0            0     10121068        74512      1079864    0    0     0    77  327  502   0   0 100   0   0
   0    0            0     10121068        74528      1079868    0    0     0    72  132  191   0   0 100   0   0
   0    0            0     10121068        74560      1079868    0    0     0    88  145  197   0   0 100   0   0
   0    0            0     10121068        74584      1079868    0    0     0    68  160  231   0   0 100   0   0
   0    0            0     10128124        74616      1079868    0    0     0   423  308  492   0   0  99   0   0
   0    0            0     10128124        74648      1079868    0    0     0   144  154  212   0   0 100   0   0
   0    0            0     10128124        74668      1079868    0    0     0    96  126  183   0   0 100   0   0
   1    0            0     10128124        74700      1079872    0    0     0    76  143  211   0   0 100   0   0
   0    0            0     10126864        74704      1079876    0    0     0    59  302  469   0   0  99   0   0
   0    0            0     10126864        74732      1079876    0    0     0    76  168  208   0   0 100   0   0
--procs-- -----------------------memory---------------------- ---swap-- -----io---- -system-- --------cpu--------
   r    b         swpd         free         buff        cache   si   so    bi    bo   in   cs  us  sy  id  wa  st
   1    0            0     10126864        74760      1079876    0    0     0    99  180  203   0   0 100   0   0
   0    0            0     10126864        74784      1079852    0    0     0    79  162  233   0   0 100   0   0
   0    0            0     10127368        74812      1079876    0    0     0    59  320  498   0   0 100   0   0
   0    0            0     10127368        74844      1079880    0    0     0    75  137  197   0   0 100   0   0
   0    0            0     10127368        74860      1079884    0    0     0    91  143  198   0   0 100   0   0
   0    0            0     10127368        74888      1079884    0    0     0    76  161  233   0   0 100   0   0
   0    0            0     10122328        74908      1079884    0    0     0   360  332  556   0   0 100   0   0
   0    0            0     10122328        74932      1079884    0    0     0    73  144  201   0   0 100   0   0
   0    0            0     10122328        74944      1079884    0    0     0    88  128  192   0   0 100   0   0
   0    0            0     10122328        74972      1079884    0    0     0    72  142  230   0   0 100   0   0
   0    0            0     10125604        74996      1079864    0    0     0    65  329  535   0   0 100   0   0
   0    0            0     10125604        75016      1079888    0    0     0   112  145  203   0   0 100   0   0
   0    0            0     10125604        75040      1079888    0    0     0    56  129  181   0   0 100   0   0
   0    0            0     10125604        75056      1079888    0    0     0    73  163  238   0   0 100   0   0
   0    0            0     10123840        75088      1079888    0    0     0    59  288  489   0   0 100   0   0
   0    0            0     10123840        75108      1079868    0    0     0    76  138  198   0   0 100   0   0
   0    0            0     10123840        75136      1079888    0    0     0   417  128  182   0   0 100   0   0
   0    0            0     10123588        75168      1079892    0    0     0    75  153  225   0   0 100   0   0
   0    0            0     10125352        75196      1079896    0    0     0    55  295  472   0   0 100   0   0
   0    0            0     10125352        75228      1079896    0    0     0    73  142  198   0   0 100   0   0
   0    0            0     10125352        75248      1079896    0    0     0    97  143  193   0   0 100   0   0
--procs-- -----------------------memory---------------------- ---swap-- -----io---- -system-- --------cpu--------
   r    b         swpd         free         buff        cache   si   so    bi    bo   in   cs  us  sy  id  wa  st
   1    0            0     10125352        75272      1079896    0    0     0    69  188  235   0   0 100   0   0
   0    0            0     10129636        75296      1079868    0    0     0    57  315  446   0   0 100   0   0
   0    0            0     10129636        75324      1079900    0    0     0    73  169  216   0   0 100   0   0
   0    0            0     10129636        75356      1079900    0    0     0    92  149  191   0   0 100   0   0
   0    0            0     10129636        75380      1079876    0    0     0    71  170  238   0   0 100   0   0
   0    0            0     10130140        75412      1079904    0    0     0    53  318  544   0   0 100   0   0
   0    0            0     10130140        75428      1079888    0    0     0   369  147  198   0   0 100   0   0
   0    0            0     10129888        75456      1079904    0    0     0   100  135  192   0   0 100   0   0
   0    0            0     10129888        75484      1079908    0    0     0    71  141  220   0   0 100   0   0
   0    0            0     10131904        75508      1079908    0    0     0    53  305  500   0   0 100   0   0
   0    0            0     10131904        75540      1079908    0    0     0    71  154  221   0   0 100   0   0
   0    0            0     10131652        75556      1079908    0    0     0   105  135  193   0   0 100   0   0
   0    0            0     10131652        75588      1079908    0    0     0    71  150  222   0   0 100   0   0
   0    0            0     10129888        75620      1079912    0    0     0    53  280  483   0   0 100   0   0
   0    0            0     10129888        75648      1079912    0    0     0    68  142  211   0   0 100   0   0
   0    0            0     10129888        75680      1079912    0    0     0    96  122  186   0   0 100   0   0
   0    0            0     10129888        75712      1079880    0    0     0   399  144  229   0   0 100   0   0
   1    0            0     10127620        75740      1079916    0    0     0    53  298  501   0   0 100   0   0
   0    0            0     10127620        75756      1079916    0    0     0    69  135  201   0   0 100   0   0
   0    0            0     10127368        75788      1079920    0    0     0    96  144  195   0   0 100   0   0
   0    0            0     10127368        75812      1079896    0    0     0    72  141  221   0   0 100   0   0
--procs-- -----------------------memory---------------------- ---swap-- -----io---- -system-- --------cpu--------
   r    b         swpd         free         buff        cache   si   so    bi    bo   in   cs  us  sy  id  wa  st
   1    0            0     10129384        75824      1079920    0    0     0   235  311  499   0   0 100   0   0
   0    0            0     10129384        75848      1079896    0    0     0    73  173  195   0   0 100   0   0
   0    0            0     10129384        75880      1079920    0    0     0    95  149  192   0   0 100   0   0
   0    0            0     10129384        75892      1079908    0    0     0    69  156  227   0   0 100   0   0
   0    0            0     10131400        75920      1079920    0    0     0    53  330  536   0   0 100   0   0
   0    0            0     10131400        75936      1079924    0    0     0    68  156  213   0   0 100   0   0
   0    0            0     10131400        75956      1079924    0    0     0    95  140  190   0   0 100   0   0
   0    0            0     10131400        75988      1079892    0    0     0   281  139  221   0   0 100   0   0
   0    0            0     10131148        76016      1080052    0    0     0    57  302  475   0   0 100   0   0
   1    0            0     10131148        76048      1080052    0    0     0    76  141  201   0   0 100   0   0
   0    0            0     10131148        76056      1080044    0    0     0   100  143  193   0   0 100   0   0
   0    0            0     10131148        76076      1080032    0    0     0   180  186  260   0   0 100   0   0
   0    0            0     10127368        76088      1080044    0    0     0   107  325  496   0   0 100   0   0
   0    0            0     10127116        76096      1080052    0    0     0    75  153  206   0   0 100   0   0
   0    0            0     10127116        76116      1080060    0    0     0    53  124  185   0   0 100   0   0
   0    0            0     10127116        76144      1080060    0    0     0    73  147  233   0   0 100   0   0
   0    0            0     10129384        76176      1080060    0    0     0   245  320  500   0   0 100   0   0
   0    0            0     10129384        76192      1080060    0    0     0   113  140  190   0   0 100   0   0
   0    0            0     10129384        76212      1080040    0    0     0    56  147  192   0   0 100   0   0
   0    0            0     10129384        76236      1080060    0    0     0    71  149  231   0   0 100   0   0
   0    0            0     10125856        76260      1080036    0    0     0    57  293  474   0   0 100   0   0
--procs-- -----------------------memory---------------------- ---swap-- -----io---- -system-- --------cpu--------
   r    b         swpd         free         buff        cache   si   so    bi    bo   in   cs  us  sy  id  wa  st
   1    0            0     10125100        76292      1080032    0    0     0   196  146  201   0   0 100   0   0
   0    0            0     10125100        76304      1080052    0    0     0    99  174  199   0   0 100   0   0
   0    0            0     10125100        76324      1080064    0    0     0    72  185  236   0   0 100   0   0
   0    0            0     10127368        76340      1080044    0    0     0    53  342  542   0   0 100   0   0
   0    0            0     10126864        76360      1080064    0    0     0    72  141  204   0   0 100   0   0
   0    0            0     10126864        76392      1080064    0    0     0   101  132  197   0   0 100   0   0
   0    0            0     10126864        76408      1080068    0    0     0    76  132  215   0   0 100   0   0
   0    0            0     10122832        76436      1080040    0    0     0    59  308  491   0   0 100   0   0
   0    0            0     10122328        76464      1080072    0    0     0    72  139  208   0   0 100   0   0
   0    0            0     10122328        76492      1080072    0    0     0    97  144  199   0   0 100   0   0
   0    0            0     10122328        76508      1080072    0    0     0   399  145  230   0   0 100   0   0
   0    0            0     10124092        76528      1080072    0    0     0    57  333  524   0   0 100   0   0
   0    0            0     10124092        76556      1080044    0    0     0    71  148  211   0   0 100   0   0
   0    0            0     10124092        76588      1080044    0    0     0   104  129  185   0   0 100   0   0
   0    0            0     10124092        76612      1080076    0    0     0    69  153  228   0   0 100   0   0
   0    0            0     10119052        76628      1080076    0    0     0    53  315  483   0   0 100   0   0
   0    0            0     10119052        76648      1080076    0    0     0    73  144  205   0   0 100   0   0
   0    0            0     10119052        76664      1080060    0    0     0   101  139  188   0   0 100   0   0
   0    0            0     10119052        76684      1080040    0    0     0    76  139  215   0   0 100   0   0
   0    0            0     10124596        76704      1080080    0    0     0    59  306  477   0   0  99   0   0
   0    0            0     10124596        76732      1080084    0    0     0    75  135  196   0   0 100   0   0
--procs-- -----------------------memory---------------------- ---swap-- -----io---- -system-- --------cpu--------
   r    b         swpd         free         buff        cache   si   so    bi    bo   in   cs  us  sy  id  wa  st
   1    0            0     10124596        76760      1080084    0    0     0   107  130  180   0   0 100   0   0
   0    0            0     10124596        76792      1080084    0    0     0   440  178  241   0   0 100   0   0
   0    0            0     10126360        76824      1080052    0    0     0    59  347  514   0   0  99   0   0
   0    0            0     10126360        76844      1080084    0    0     0    72  164  203   0   0 100   0   0
   0    0            0     10126360        76872      1080056    0    0     0   217  142  178   0   0 100   0   0
   0    0            0     10126360        76888      1080040    0    0     0    75  160  225   0   0 100   0   0
   0    0            0     10122076        76924      1080088    0    0     0    69  353  495   0   0 100   0   0
   0    0            0     10122076        76948      1080088    0    0     0    75  140  198   0   0 100   0   0
   0    0            0     10122076        76976      1080060    0    0     0   101  142  190   0   0 100   0   0
   0    0            0     10122076        77004      1080088    0    0     0    76  148  235   0   0 100   0   0
   0    0            0     10124344        77024      1080092    0    0     0    55  304  474   0   0 100   0   0
   0    0            0     10124344        77044      1080092    0    0     0    71  140  197   0   0 100   0   0
   0    0            0     10124344        77072      1080092    0    0     0   116  177  234   0   0 100   0   0
   0    0            0     10124344        77084      1080080    0    0     0   345  169  230   0   0 100   0   0
   0    0            0     10127368        77100      1080096    0    0     0    59  292  472   0   0 100   0   0
   0    0            0     10127116        77124      1080096    0    0     0    76  131  192   0   0 100   0   0
   0    0            0     10127116        77140      1080080    0    0     0   101  140  192   0   0 100   0   0
   0    0            0     10126864        77148      1080096    0    0     0    75  148  229   0   0 100   0   0
   0    0            0     10124848        77164      1080096    0    0     0    59  307  479   0   0 100   0   0
   0    0            0     10124848        77188      1080096    0    0     0    71  136  199   0   0 100   0   0
   0    0            0     10124848        77200      1080100    0    0     0    93  130  188   0   0 100   0   0
--procs-- -----------------------memory---------------------- ---swap-- -----io---- -system-- --------cpu--------
   r    b         swpd         free         buff        cache   si   so    bi    bo   in   cs  us  sy  id  wa  st
   1    0            0     10124848        77216      1080100    0    0     0    76  150  233   0   0 100   0   0
   0    0            0     10128880        77232      1080084    0    0     0    63  330  544   0   0 100   0   0
   0    0            0     10128628        77256      1080104    0    0     0    77  181  212   0   0 100   0   0
   0    0            0     10128628        77288      1080104    0    0     0    99  156  187   0   0 100   0   0
   0    0            0     10128628        77316      1080104    0    0     0   436  167  239   0   0 100   0   0
   0    0            0     10129888        77348      1080108    0    0     0    55  313  478   0   0 100   0   0
   0    0            0     10129888        77376      1080108    0    0     0    71  127  193   0   0 100   0   0
   0    0            0     10129888        77396      1080112    0    0     0   101  136  189   0   0 100   0   0
   0    0            0     10129888        77412      1080112    0    0     0    72  152  227   0   0 100   0   0
   0    0            0     10135180        77432      1080112    0    0     0    53  273  447   0   0 100   0   0
   0    0            0     10135180        77448      1080112    0    0     0    68  140  202   0   0 100   0   0
   0    0            0     10135180        77476      1080112    0    0     0    95  131  187   0   0 100   0   0
   0    0            0     10135180        77496      1080112    0    0     0    73  181  258   0   0 100   0   0
   0    0            0     10136440        77520      1080112    0    0     0    56  293  482   0   0 100   0   0
   0    0            0     10136440        77536      1080112    0    0     0   123  149  212   0   0 100   0   0
   0    0            0     10136440        77560      1080116    0    0     0    59  150  198   0   0 100   0   0
   0    0            0     10136440        77580      1080116    0    0     0   413  215  388   0   0 100   0   0
   0    0            0     10132420        77612      1080116    0    0     0    55  348  579   0   0  99   0   0
   0    0            0     10132420        77644      1080116    0    0     0    75  140  201   0   0 100   0   0
   0    0            0     10132420        77676      1080116    0    0     0    97  143  195   0   0 100   0   0
   0    0            0     10132168        77700      1080120    0    0     0    76  148  231   0   0 100   0   0
--procs-- -----------------------memory---------------------- ---swap-- -----io---- -system-- --------cpu--------
   r    b         swpd         free         buff        cache   si   so    bi    bo   in   cs  us  sy  id  wa  st
   1    0            0     10132932        77716      1080120    0    0     0    59  326  537   0   0 100   0   0
   0    0            0     10132932        77748      1080088    0    0     0    71  144  203   0   0 100   0   0
   0    0            0     10132932        77780      1080120    0    0     0    96  165  197   0   0 100   0   0
   0    0            0     10132932        77804      1080120    0    0     0    73  186  222   0   0 100   0   0
   0    0            0     10129152        77828      1080120    0    0     0    53  315  461   0   0 100   0   0
   0    0            0     10129152        77860      1080124    0    0     0   381  155  203   0   0 100   0   0
   0    0            0     10129152        77888      1080124    0    0     0   109  162  195   0   0 100   0   0
   0    0            0     10129152        77908      1080124    0    0     0    55  149  236   0   0 100   0   0
   0    0            0     10125624        77928      1080124    0    0     0   196  311  477   0   0 100   0   0
   0    0            0     10125624        77960      1080124    0    0     0    63  148  222   0   0 100   0   0
   0    0            0     10125624        77992      1080128    0    0     0   112  123  186   0   0 100   0   0
   0    0            0     10125372        78020      1080132    0    0     0    56  149  230   0   0 100   0   0
   0    0            0     10124868        78040      1080136    0    0     0    72  310  490   0   0 100   0   0
   0    0            0     10124616        78072      1080136    0    0     0    67  177  242   0   0 100   0   0
   0    0            0     10124364        78104      1080136    0    0     0   152  151  204   0   0 100   0   0
   0    0            0     10124364        78128      1080136    0    0     0    60  139  222   0   0 100   0   0
   0    0            0     10123356        78160      1080140    0    0     0    77  309  473   0   0 100   0   0
   0    0            0     10123356        78180      1080120    0    0     0   336  127  192   0   0 100   0   0
   1    0            0     10123356        78200      1080120    0    0     0   124  146  200   0   0 100   0   0
   0    0            0     10123356        78212      1080140    0    0     0    60  164  247   0   0 100   0   0
   0    0            0     10127136        78240      1080140    0    0     0    71  329  560   0   0 100   0   0
--procs-- -----------------------memory---------------------- ---swap-- -----io---- -system-- --------cpu--------
   r    b         swpd         free         buff        cache   si   so    bi    bo   in   cs  us  sy  id  wa  st
   1    0            0     10127136        78260      1080140    0    0     0    64  135  197   0   0 100   0   0
   0    0            0     10126884        78284      1080116    0    0     0   127  124  183   0   0 100   0   0
   0    0            0     10126884        78316      1080144    0    0     0    60  148  231   0   0 100   0   0
   0    0            0     10121340        78348      1080272    0    0     0    76  370  490   0   0 100   0   0
   0    0            0     10121340        78364      1080272    0    0     0    64  167  198   0   0 100   0   0
   0    0            0     10121340        78392      1080272    0    0     0   128  167  199   0   0 100   0   0
   0    0            0     10121340        78416      1080272    0    0     0    60  159  227   0   0 100   0   0
   0    0            0     10121844        78448      1080272    0    0     0    72  335  490   0   0 100   0   0
   0    0            0     10121592        78480      1080276    0    0     0   421  149  205   0   0 100   0   0
   0    0            0     10121592        78508      1080248    0    0     0   128  131  183   0   0 100   0   0
   0    0            0     10121592        78528      1080276    0    0     0    60  150  242   0   0 100   0   0
   0    0            0     10127388        78544      1080276    0    0     0    72  308  477   0   0 100   0   0
   0    0            0     10127388        78572      1080276    0    0     0    64  137  201   0   0 100   0   0
   0    0            0     10127388        78604      1080276    0    0     0   129  165  230   0   0 100   0   0
   0    0            0     10127388        78636      1080280    0    0     0    63  134  226   0   0 100   0   0
   0    0            0     10130916        78664      1080280    0    0     0    83  313  482   0   0 100   0   0
   0    0            0     10130916        78692      1080280    0    0     0    59  135  193   0   0 100   0   0
   0    0            0     10130916        78720      1080252    0    0     0   120  138  191   0   0 100   0   0
   0    0            0     10130916        78736      1080236    0    0     0    55  149  228   0   0 100   0   0
   0    0            0     10127640        78760      1080284    0    0     0    69  349  553   0   0  99   0   0
   0    0            0     10127640        78784      1080260    0    0     0   424  126  193   0   0 100   0   0
--procs-- -----------------------memory---------------------- ---swap-- -----io---- -system-- --------cpu--------
   r    b         swpd         free         buff        cache   si   so    bi    bo   in   cs  us  sy  id  wa  st
   1    0            0     10127640        78816      1080288    0    0     0   133  123  186   0   0 100   0   0
   0    0            0     10127640        78832      1080276    0    0     0    65  129  221   0   0 100   0   0
   0    0            0     10127640        78864      1080292    0    0     0    80  309  485   0   0 100   0   0
   0    0            0     10127640        78888      1080292    0    0     0    65  153  200   0   0 100   0   0
   0    0            0     10127640        78908      1080292    0    0     0   125  185  199   0   0 100   0   0
   0    0            0     10127640        78928      1080296    0    0     0    60  166  227   0   0 100   0   0
   0    0            0     10125624        78952      1080296    0    0     0    72  319  487   0   0 100   0   0
   0    0            0     10125624        78984      1080296    0    0     0    64  143  202   0   0 100   0   0
   0    0            0     10125624        79012      1080268    0    0     0   124  137  180   0   0 100   0   0
   0    0            0     10125624        79036      1080272    0    0     0    60  147  225   0   0 100   0   0
   0    0            0     10124112        79064      1080296    0    0     0    72  303  482   0   0 100   0   0
   0    0            0     10124112        79092      1080268    0    0     0   393  136  202   0   0 100   0   0
   0    0            0     10124112        79124      1080268    0    0     0   219  160  205   0   0 100   0   0
   0    0            0     10124112        79156      1080300    0    0     0    63  153  230   0   0 100   0   0
   0    0            0     10125624        79188      1080300    0    0     0    72  341  522   0   0 100   0   0
   0    0            0     10125624        79220      1080268    0    0     0   123  137  202   0   0 100   0   0
   0    0            0     10125624        79248      1080304    0    0     0    77  136  187   0   0 100   0   0
   0    0            0     10125624        79280      1080272    0    0     0    60  153  238   0   0 100   0   0
   0    0            0     10131672        79308      1080304    0    0     0    69  330  555   0   0  99   0   0
   0    0            0     10131672        79332      1080280    0    0     0    59  144  211   0   0 100   0   0
   0    0            0     10131420        79356      1080304    0    0     0   120  139  189   0   0 100   0   0
--procs-- -----------------------memory---------------------- ---swap-- -----io---- -system-- --------cpu--------
   r    b         swpd         free         buff        cache   si   so    bi    bo   in   cs  us  sy  id  wa  st
   1    0            0     10131420        79388      1080272    0    0     0   335  149  226   0   0 100   0   0
   0    0            0     10133184        79420      1080304    0    0     0    81  300  479   0   0 100   0   0
   0    0            0     10133184        79452      1080304    0    0     0    59  149  217   0   0 100   0   0
   0    0            0     10133184        79480      1080304    0    0     0   117  143  194   0   0 100   0   0
   0    0            0     10133184        79504      1080304    0    0     0    56  205  228   0   0 100   0   0
   0    0            0     10128396        79532      1080308    0    0     0    67  341  485   0   0 100   0   0
   0    0            0     10128144        79552      1080288    0    0     0   207  190  219   0   0 100   0   0
   0    0            0     10128144        79580      1080260    0    0     0   120  144  179   0   0 100   0   0
   0    0            0     10127920        79596      1080292    0    0     0    55  169  238   0   0 100   0   0
   0    0            0     10124140        79612      1080308    0    0     0    68  318  488   0   0 100   0   0
   0    0            0     10124140        79640      1080308    0    0     0    63  146  198   0   0 100   0   0
   0    0            0     10124140        79668      1080280    0    0     0   125  152  196   0   0 100   0   0
   0    0            0     10124140        79692      1080308    0    0     0    60  169  250   0   0 100   0   0
   0    0            0     10118848        79724      1080312    0    0     0    72  314  489   0   0 100   0   0
   0    0            0     10118848        79756      1080312    0    0     0    76  157  238   0   0 100   0   0
   0    0            0     10118848        79788      1080280    0    0     0   136  138  189   0   0 100   0   0
   0    0            0     10118848        79820      1080248    0    0     0   389  154  225   0   0 100   0   0
   0    0            0     10120612        79844      1080316    0    0     0    71  348  583   0   0  99   0   0
   0    0            0     10120612        79872      1080316    0    0     0    59  142  204   0   0 100   0   0
   0    0            0     10120612        79876      1080316    0    0     0   120  133  192   0   0 100   0   0
   0    0            0     10120612        79892      1080300    0    0     0    55  145  224   0   0 100   0   0
--procs-- -----------------------memory---------------------- ---swap-- -----io---- -system-- --------cpu--------
   r    b         swpd         free         buff        cache   si   so    bi    bo   in   cs  us  sy  id  wa  st
   1    0            0     10122628        79908      1080316    0    0     0    65  308  484   0   0 100   0   0
   0    0            0     10122628        79920      1080304    0    0     0    59  144  207   0   0 100   0   0
   0    0            0     10122628        79952      1080320    0    0     0   117  150  202   0   0 100   0   0
   0    0            0     10122628        79980      1080320    0    0     0    55  151  243   0   0 100   0   0
   0    0            0     10120864        80012      1080320    0    0     0    67  362  490   0   0 100   0   0
   0    0            0     10120864        80040      1080320    0    0     0    63  194  215   0   0 100   0   0
   0    0            0     10120864        80072      1080288    0    0     0   124  151  184   0   0 100   0   0
   0    0            0     10120864        80096      1080324    0    0     0   417  170  243   0   0 100   0   0
   0    0            0     10128424        80128      1080324    0    0     0    71  291  491   0   0 100   0   0
   0    0            0     10128424        80152      1080324    0    0     0    64  140  205   0   0 100   0   0
   0    0            0     10128424        80164      1080324    0    0     0   124  140  197   0   0 100   0   0
   0    0            0     10128424        80192      1080324    0    0     0    60  151  235   0   0 100   0   0
   0    0            0     10127668        80220      1080320    0    0     0    72  309  480   0   0 100   0   0
   0    0            0     10127416        80240      1080328    0    0     0    64  144  208   0   0 100   0   0
   0    0            0     10127164        80260      1080332    0    0     0   125  167  233   0   0 100   0   0
   0    0            0     10127164        80284      1080332    0    0     0    60  159  246   0   0 100   0   0
   0    0            0     10128424        80312      1080332    0    0     0    87  303  507   0   0 100   0   0
   0    0            0     10128424        80340      1080332    0    0     0   389  139  203   0   0 100   0   0
   0    0            0     10128424        80368      1080332    0    0     0   121  133  189   0   0 100   0   0
   0    0            0     10128424        80388      1080332    0    0     0   124  152  240   0   0 100   0   0
   0    0            0     10128928        80420      1080336    0    0     0    67  323  495   0   0  99   0   0
--procs-- -----------------------memory---------------------- ---swap-- -----io---- -system-- --------cpu--------
   r    b         swpd         free         buff        cache   si   so    bi    bo   in   cs  us  sy  id  wa  st
   1    0            0     10128928        80452      1080336    0    0     0    59  138  201   0   0 100   0   0
   0    0            0     10128928        80484      1080336    0    0     0   115  149  192   0   0 100   0   0
   0    0            0     10128928        80516      1080336    0    0     0    55  148  233   0   0 100   0   0
   0    0            0     10125148        80536      1080340    0    0     0    64  316  479   0   0 100   0   0
   0    0            0     10125148        80564      1080312    0    0     0    64  143  212   0   0 100   0   0
   0    0            0     10125148        80596      1080344    0    0     0   127  170  196   0   0 100   0   0
   0    0            0     10125148        80628      1080312    0    0     0    55  172  226   0   0 100   0   0
   0    0            0     10128676        80656      1080344    0    0     0    73  330  489   0   0 100   0   0
   0    0            0     10128676        80684      1080344    0    0     0    59  155  206   0   0 100   0   0
   0    0            0     10128676        80712      1080316    0    0     0   119  144  189   0   0 100   0   0
   0    0            0     10128676        80740      1080316    0    0     0   408  152  224   0   0 100   0   0
   0    0            0     10123132        80764      1080348    0    0     0    65  303  499   0   0 100   0   0
   1    0            0     10123132        80788      1080348    0    0     0    59  135  203   0   0 100   0   0
   0    0            0     10123132        80804      1080332    0    0     0   117  136  186   0   0 100   0   0
   0    0            0     10123132        80820      1080336    0    0     0    55  146  227   0   0 100   0   0
   0    0            0     10121116        80848      1080348    0    0     0    75  346  589   0   0 100   0   0
   0    0            0     10121116        80876      1080348    0    0     0    64  138  204   0   0 100   0   0
   0    0            0     10121116        80884      1080340    0    0     0   136  140  186   0   0 100   0   0
   0    0            0     10121116        80912      1080324    0    0     0    60  146  224   0   0 100   0   0
   0    0            0     10124896        80944      1080356    0    0     0    72  323  489   0   0 100   0   0
   0    0            0     10124896        80968      1080356    0    0     0    64  123  196   0   0 100   0   0
--procs-- -----------------------memory---------------------- ---swap-- -----io---- -system-- --------cpu--------
   r    b         swpd         free         buff        cache   si   so    bi    bo   in   cs  us  sy  id  wa  st
   1    0            0     10124896        80984      1080356    0    0     0   124  137  189   0   0 100   0   0
   0    0            0     10124896        81000      1080356    0    0     0   428  141  221   0   0 100   0   0
   0    0            0     10126408        81028      1080484    0    0     0    71  334  501   0   0 100   0   0
   0    0            0     10126408        81060      1080488    0    0     0    63  144  210   0   0 100   0   0
   0    0            0     10126408        81084      1080464    0    0     0   152  132  187   0   0 100   0   0
   0    0            0     10126408        81108      1080488    0    0     0    61  182  240   0   0 100   0   0
   0    0            0     10128172        81128      1080468    0    0     0    76  334  501   0   0 100   0   0
   0    0            0     10128172        81160      1080488    0    0     0    64  153  211   0   0 100   0   0
   0    0            0     10128172        81192      1080456    0    0     0   137  165  200   0   0 100   0   0
   1    0            0     10128172        81224      1080492    0    0     0    60  145  228   0   0 100   0   0
   0    0            0     10123888        81248      1080492    0    0     0    73  318  492   0   0  99   0   0
   0    0            0     10123888        81272      1080492    0    0     0    64  134  198   0   0 100   0   0
   0    0            0     10123888        81296      1080492    0    0     0   135  137  192   0   0 100   0   0
   0    0            0     10123888        81324      1080492    0    0     0   384  162  245   0   0 100   0   0
   0    0            0     10123636        81356      1080496    0    0     0    71  338  560   0   0 100   0   0
   0    0            0     10123636        81372      1080496    0    0     0    60  161  238   0   0 100   0   0
   0    0            0     10123636        81396      1080500    0    0     0   144  142  196   0   0 100   0   0
   0    0            0     10123636        81428      1080500    0    0     0    56  150  243   0   0 100   0   0
   0    0            0     10125152        81460      1080500    0    0     0    79  276  449   0   0 100   0   0
   0    0            0     10125152        81484      1080500    0    0     0    64  138  206   0   0 100   0   0
   0    0            0     10125152        81512      1080504    0    0     0   140  146  197   0   0 100   0   0
--procs-- -----------------------memory---------------------- ---swap-- -----io---- -system-- --------cpu--------
   r    b         swpd         free         buff        cache   si   so    bi    bo   in   cs  us  sy  id  wa  st
   2    0            0     10125152        81528      1080488    0    0     0    60  152  232   0   0 100   0   0
   0    0            0     10124652        81548      1080504    0    0     0   399  335  509   0   0 100   0   0
   0    0            0     10124652        81568      1080484    0    0     0   104  140  207   0   0 100   0   0
   0    0            0     10124652        81592      1080504    0    0     0   133  123  181   0   0 100   0   0
   0    0            0     10124652        81620      1080476    0    0     0    55  139  225   0   0 100   0   0
   0    0            0     10124652        81636      1080508    0    0     0    67  291  459   0   0 100   0   0
   0    0            0     10124652        81652      1080512    0    0     0    64  187  217   0   0 100   0   0
   0    0            0     10124652        81676      1080512    0    0     0   137  163  196   0   0 100   0   0
   0    0            0     10125408        81688      1080508    0    0     0    56  178  278   0   0 100   0   0
   0    0            0     10125660        81696      1080508    0    0     0    71  315  438   0   0 100   0   0
   0    0            0     10125408        81724      1080512    0    0     0    59  146  205   0   0 100   0   0
   0    0            0     10125408        81756      1080480    0    0     0   129  135  186   0   0 100   0   0
   0    0            0     10129188        81776      1080508    0    0     0    55  198  301   0   0 100   0   0
   1    0            0     10124904        81804      1080512    0    0     0    68  311  515   0   0 100   0   0
   0    0            0     10124904        81824      1080492    0    0     0   416  152  213   0   0 100   0   0
   0    0            0     10124904        81832      1080508    0    0     0   131  134  188   0   0 100   0   0
   0    0            0     10125172        81864      1080512    0    0     0    60  200  320   0   0 100   0   0
   0    0            0     10119864        81920      1080460    0    0     0   165  296  449   0   0 100   0   0
   0    0            0     10119108        81944      1080496    0    0     0    61  158  213   0   0 100   0   0
   0    0            0     10118856        81968      1080520    0    0     0    77  151  208   0   0 100   0   0
   0    0            0     10126656        82000      1080520    0    0     0    60  154  243   0   0 100   0   0
--procs-- -----------------------memory---------------------- ---swap-- -----io---- -system-- --------cpu--------
   r    b         swpd         free         buff        cache   si   so    bi    bo   in   cs  us  sy  id  wa  st
   1    0            0     10126164        82040      1080524    0    0     0    77  292  453   0   0 100   0   0
   0    0            0     10126164        82064      1080500    0    0     0    64  138  211   0   0 100   0   0
   0    0            0     10126164        82084      1080524    0    0     0   135  137  192   0   0 100   0   0
   0    0            0     10127928        82108      1080520    0    0     0    60  191  308   0   0 100   0   0
   0    0            0     10121628        82140      1080528    0    0     0    73  260  432   0   0 100   0   0
   0    0            0     10121628        82172      1080500    0    0     0   421  144  212   0   0 100   0   0
   0    0            0     10121628        82204      1080532    0    0     0   132  160  199   0   0 100   0   0
   0    0            0     10129440        82224      1080528    0    0     0    55  203  269   0   0 100   0   0
   0    0            0     10126920        82256      1080532    0    0     0    69  282  432   0   0 100   0   0
   0    0            0     10126920        82284      1080504    0    0     0    59  135  197   0   0 100   0   0
   0    0            0     10126668        82308      1080536    0    0     0   129  139  202   0   0 100   0   0
   0    0            0     10128228        82336      1080536    0    0     0    55  167  260   0   0 100   0   0
   0    0            0     10122132        82360      1080540    0    0     0    67  249  499   0   0 100   0   0
   0    0            0     10122132        82388      1080512    0    0     0    63  129  201   0   0 100   0   0
   0    0            0     10122132        82412      1080540    0    0     0   143  133  195   0   0 100   0   0
   0    0            0     10122652        82440      1080544    0    0     0    60  182  284   0   0 100   0   0
   0    0            0     10121124        82476      1080544    0    0     0    85  283  465   0   0 100   0   0
   1    0            0     10121124        82492      1080528    0    0     0   392  115  190   0   0 100   0   0
   0    0            0     10121124        82508      1080544    0    0     0   144  139  199   0   0 100   0   0
   1    0            0     10122436        82532      1080540    0    0     0    55  177  286   0   0 100   0   0
   0    0            0     10117092        82552      1080520    0    0     0    71  276  446   0   0 100   0   0
--procs-- -----------------------memory---------------------- ---swap-- -----io---- -system-- --------cpu--------
   r    b         swpd         free         buff        cache   si   so    bi    bo   in   cs  us  sy  id  wa  st
   1    0            0     10117092        82576      1080544    0    0     0    64  150  210   0   0 100   0   0
   0    0            0     10117092        82600      1080548    0    0     0    76  136  190   0   0 100   0   0
   0    0            0     10124640        82628      1080548    0    0     0    60  186  273   0   0 100   0   0
   0    0            0     10119612        82644      1080532    0    0     0    71  263  426   0   0 100   0   0
   0    0            0     10119612        82676      1080548    0    0     0    64  139  203   0   0 100   0   0
   0    0            0     10119612        82700      1080548    0    0     0   403  149  193   0   0 100   0   0
   0    0            0     10123392        82732      1080548    0    0     0   104  212  293   0   0 100   0   0
   0    0            0     10121880        82748      1080532    0    0     0    73  325  435   0   0 100   0   0
   0    0            0     10121376        82776      1080552    0    0     0    64  168  210   0   0 100   0   0
   0    0            0     10121376        82796      1080552    0    0     0   151  169  204   0   0 100   0   0
   0    0            0     10122888        82820      1080548    0    0     0    57  196  283   0   0 100   0   0
   0    0            0     10117344        82852      1080516    0    0     0    69  311  532   0   0 100   0   0
   0    0            0     10117092        82884      1080552    0    0     0    63  124  199   0   0 100   0   0
   0    0            0     10117092        82904      1080532    0    0     0    76  129  183   0   0 100   0   0
   0    0            0     10124904        82928      1080552    0    0     0    60  170  274   0   0 100   0   0
   0    0            0     10122888        82960      1080520    0    0     0    71  276  443   0   0 100   0   0
   0    0            0     10122888        82984      1080556    0    0     0    64  125  195   0   0 100   0   0
   0    0            0     10122888        83004      1080556    0    0     0    80  162  224   0   0 100   0   0
   0    0            0     10124652        83036      1080556    0    0     0   421  187  303   0   0 100   0   0
   1    0            0     10119108        83052      1080540    0    0     0    79  269  424   0   0 100   0   0
   0    0            0     10118352        83084      1080568    0    0     0    64  140  210   0   0 100   0   0
--procs-- -----------------------memory---------------------- ---swap-- -----io---- -system-- --------cpu--------
   r    b         swpd         free         buff        cache   si   so    bi    bo   in   cs  us  sy  id  wa  st
   1    0            0     10118352        83112      1080568    0    0     0   156  135  191   0   0 100   0   0
   0    0            0     10121992        83140      1080568    0    0     0    63  185  282   0   0 100   0   0
   0    0            0     10116336        83168      1080540    0    0     0    77  265  429   0   0 100   0   0
   0    0            0     10116084        83188      1080568    0    0     0    64  184  331   0   0 100   0   0
   0    0            0     10115844        83212      1080572    0    0     0    75  337  557   1   0  99   0   0
   0    0            0     10123644        83232      1080572    0    0     0    60  348  547   1   0  99   0   0
   0    0            0     10120128        83264      1080540    0    0     0    71  406  673   0   0 100   0   0
   0    0            0     10120128        83296      1080572    0    0     0    75  277  439   0   0 100   0   0
   0    0            0     10120128        83320      1080572    0    0     0    76  289  444   0   0 100   0   0
   0    0            0     10123908        83352      1080568    0    0     0   419  303  482   0   0 100   0   0
   0    0            0     10118112        83384      1080576    0    0     0    71  476  831   0   0  99   0   0
   0    0            0     10118112        83408      1080576    0    0     0    64  246  413   0   0 100   0   0
   1    0            0     10118112        83420      1080576    0    0     0   157  243  404   0   0 100   0   0
   0    0            0     10118868        83448      1080572    0    0     0    63  282  490   0   0 100   0   0
   0    0            0     10113324        83480      1080544    0    0     0    73  370  648   0   0 100   0   0
   0    0            0     10113324        83504      1080576    0    0     0    64  245  413   0   0 100   0   0
   0    0            0     10113324        83528      1080580    0    0     0   132  262  406   0   0 100   0   0
   0    0            0     10115088        83560      1080576    0    0     0    60  330  538   0   0  99   0   0
   0    0            0     10109044        83588      1080580    0    0     0    75  400  683   0   0  99   0   0
   0    0            0     10109044        83620      1080580    0    0     0   135  256  437   0   0 100   0   0
   0    0            0     10109044        83652      1080580    0    0     0    77  222  407   0   0 100   0   0
--procs-- -----------------------memory---------------------- ---swap-- -----io---- -system-- --------cpu--------
   r    b         swpd         free         buff        cache   si   so    bi    bo   in   cs  us  sy  id  wa  st
   1    0            0     10112824        83676      1080576    0    0     0   413  250  452   0   0 100   0   0
   0    0            0     10107280        83708      1080584    0    0     0    71  267  440   0   0 100   0   0
   0    0            0     10106524        83740      1080584    0    0     0    60  130  204   0   0 100   0   0
   0    0            0     10106524        83772      1080584    0    0     0   136  148  206   0   0 100   0   0
   0    0            0     10106524        83800      1080584    0    0     0    56  144  224   0   0 100   0   0
   0    0            0     10109800        83824      1080588    0    0     0    71  315  494   0   0 100   0   0
   0    0            0     10109800        83844      1080592    0    0     0    59  122  186   0   0 100   0   0
   0    0            0     10109800        83868      1080592    0    0     0    73  156  208   0   0 100   0   0
   0    0            0     10113580        83900      1080592    0    0     0    56  233  296   0   0 100   0   0
   0    0            0     10107536        83932      1080596    0    0     0    73  378  562   0   0 100   0   0
   0    0            0     10107536        83964      1080596    0    0     0   383  153  201   0   0 100   0   0
   0    0            0     10107536        83980      1080596    0    0     0    76  139  190   0   0 100   0   0
   0    0            0     10115096        84004      1080596    0    0     0    95  187  295   0   0 100   0   0
   0    0            0     10114844        84028      1080728    0    0     0    65  258  431   0   0 100   0   0
   0    0            0     10114844        84060      1080728    0    0     0    59  145  201   0   0 100   0   0
   0    0            0     10114844        84092      1080728    0    0     0   151  144  197   0   0 100   0   0
   0    0            0     10122656        84124      1080724    0    0     0    57  197  285   0   0 100   0   0
   0    0            0     10118624        84156      1080732    0    0     0    68  266  436   0   0 100   0   0
   0    0            0     10118624        84184      1080732    0    0     0    61  168  233   0   0 100   0   0
   0    0            0     10118624        84212      1080732    0    0     0   149  139  197   0   0 100   0   0
   0    0            0     10122404        84232      1080728    0    0     0    55  178  268   0   0 100   0   0
--procs-- -----------------------memory---------------------- ---swap-- -----io---- -system-- --------cpu--------
   r    b         swpd         free         buff        cache   si   so    bi    bo   in   cs  us  sy  id  wa  st
   1    0            0     10118120        84264      1080732    0    0     0    68  250  422   0   0 100   0   0
   0    0            0     10118120        84296      1080732    0    0     0   399  135  199   0   0 100   0   0
   0    0            0     10118120        84316      1080736    0    0     0   135  133  190   0   0 100   0   0
   0    0            0     10125688        84332      1080732    0    0     0    55  171  280   0   0 100   0   0
   0    0            0     10120396        84336      1080736    0    0     0    67  257  430   0   0 100   0   0
   0    0            0     10120396        84364      1080736    0    0     0    59  138  201   0   0 100   0   0
   0    0            0     10120396        84388      1080736    0    0     0    68  142  201   0   0 100   0   0
   0    0            0     10120396        84412      1080736    0    0     0    55  150  235   0   0 100   0   0
   0    0            0     10118632        84440      1080740    0    0     0    65  385  572   0   0 100   0   0
   0    0            0     10118380        84456      1080744    0    0     0    67  189  201   0   0 100   0   0
   0    0            0     10118380        84484      1080744    0    0     0    85  158  190   0   0 100   0   0
   0    0            0     10118380        84516      1080744    0    0     0    55  166  218   0   0 100   0   0
   0    0            0     10120144        84548      1080744    0    0     0    68  326  488   0   0 100   0   0
   0    0            0     10120144        84580      1080744    0    0     0   412  150  199   0   0 100   0   0
   0    0            0     10120144        84612      1080744    0    0     0   155  148  190   0   0 100   0   0
   0    0            0     10119892        84644      1080748    0    0     0    59  150  224   0   0 100   0   0
   0    0            0     10126192        84672      1080748    0    0     0   135  323  497   0   0  99   0   0
   0    0            0     10126192        84704      1080748    0    0     0    64  155  213   0   0 100   0   0
   0    0            0     10126192        84744      1080748    0    0     0    89  163  223   0   0 100   0   0
   0    0            0     10126192        84764      1080748    0    0     0    63  163  237   0   0 100   0   0
   0    0            0     10122160        84780      1080752    0    0     0    85  326  499   0   0  99   0   0
--procs-- -----------------------memory---------------------- ---swap-- -----io---- -system-- --------cpu--------
   r    b         swpd         free         buff        cache   si   so    bi    bo   in   cs  us  sy  id  wa  st
   1    0            0     10122160        84808      1080756    0    0     0    65  148  202   0   0 100   0   0
   0    0            0     10122160        84824      1080756    0    0     0    76  150  200   0   0 100   0   0
   0    0            0     10122160        84844      1080756    0    0     0    60  156  238   0   0 100   0   0
   0    0            0     10116868        84864      1080756    0    0     0    76  331  486   0   0  99   0   0
   0    0            0     10116868        84896      1080756    0    0     0   500  147  203   0   0 100   0   0
   0    0            0     10116868        84920      1080756    0    0     0    77  141  194   0   0 100   0   0
   0    0            0     10116868        84948      1080760    0    0     0    60  153  239   0   0 100   0   0
   0    0            0     10118884        84980      1080760    0    0     0    67  351  580   0   0  99   0   0
   0    0            0     10118884        85012      1080760    0    0     0    60  162  207   0   0 100   0   0
   0    0            0     10118884        85044      1080760    0    0     0   291  187  202   0   0 100   0   0
   0    0            0     10118884        85072      1080760    0    0     0    55  175  225   0   0 100   0   0
   0    0            0     10120396        85092      1080764    0    0     0    64  328  490   0   0 100   0   0
   0    0            0     10120396        85108      1080764    0    0     0    63  140  194   0   0 100   0   0
   0    0            0     10120396        85132      1080764    0    0     0   140  139  193   0   0 100   0   0
   0    0            0     10120396        85144      1080764    0    0     0   240  157  234   0   0 100   0   0
   0    0            0     10116364        85156      1080768    0    0     0    76  324  499   0   0 100   0   0
   0    0            0     10116364        85176      1080768    0    0     0    64  137  197   0   0 100   0   0
   0    0            0     10116364        85192      1080768    0    0     0   143  145  201   0   0 100   0   0
   0    0            0     10116364        85208      1080768    0    0     0    60  141  216   0   0 100   0   0
   0    0            0     10114852        85236      1080768    0    0     0    80  297  514   0   0 100   0   0
   0    0            0     10114628        85268      1080772    0    0     0   253  139  204   0   0 100   0   0
--procs-- -----------------------memory---------------------- ---swap-- -----io---- -system-- --------cpu--------
   r    b         swpd         free         buff        cache   si   so    bi    bo   in   cs  us  sy  id  wa  st
   1    0            0     10114628        85300      1080772    0    0     0   153  141  198   0   0 100   0   0
   1    0            0     10114628        85332      1080740    0    0     0    60  134  220   0   0 100   0   0
   0    0            0     10110596        85364      1080772    0    0     0    68  322  504   0   0  99   0   0
   0    0            0     10110596        85376      1080772    0    0     0    59  121  191   0   0 100   0   0
   0    0            0     10110596        85408      1080776    0    0     0   133  145  204   0   0 100   0   0
   0    0            0     10110596        85436      1080776    0    0     0   207  161  224   0   0 100   0   0
   0    0            0     10113620        85468      1080776    0    0     0    68  344  557   0   0 100   0   0
   0    0            0     10113620        85500      1080744    0    0     0    60  137  192   0   0 100   0   0
   0    0            0     10113620        85524      1080776    0    0     0   136  136  190   0   0 100   0   0
   0    0            0     10113620        85540      1080760    0    0     0    56  183  221   0   0 100   0   0
   0    0            0     10115384        85564      1080780    0    0     0    67  363  490   0   0 100   0   0
   0    0            0     10115384        85584      1080764    0    0     0    60  171  195   0   0 100   0   0
   0    0            0     10115384        85612      1080784    0    0     0   137  170  202   0   0 100   0   0
   0    0            0     10115384        85640      1080756    0    0     0    55  146  228   0   0 100   0   0
   0    0            0     10116896        85660      1080784    0    0     0    71  310  486   0   0 100   0   0
   0    0            0     10116896        85676      1080768    0    0     0   392  136  192   0   0 100   0   0
   0    0            0     10116896        85688      1080784    0    0     0   143  127  178   0   0 100   0   0
   0    0            0     10116896        85720      1080752    0    0     0    60  149  220   0   0 100   0   0
   0    0            0     10118156        85752      1080792    0    0     0    72  320  497   0   0 100   0   0
   0    0            0     10118156        85784      1080792    0    0     0   164  181  237   0   0 100   0   0
   0    0            0     10118156        85804      1080792    0    0     0   155  152  205   0   0 100   0   0
--procs-- -----------------------memory---------------------- ---swap-- -----io---- -system-- --------cpu--------
   r    b         swpd         free         buff        cache   si   so    bi    bo   in   cs  us  sy  id  wa  st
   1    0            0     10118156        85824      1080792    0    0     0    60  141  217   0   0 100   0   0
   0    0            0     10123448        85848      1080788    0    0     0    76  312  493   0   0 100   0   0
   1    0            0     10123196        85872      1080800    0    0     0   189  145  202   0   0 100   0   0
   0    0            0     10123196        85904      1080800    0    0     0   144  146  202   0   0 100   0   0
   0    0            0     10123196        85936      1080768    0    0     0    60  150  223   0   0 100   0   0
   0    0            0     10121936        85960      1080772    0    0     0    71  319  534   0   0  99   0   0
   0    0            0     10120928        85980      1080800    0    0     0   184  130  189   0   0 100   0   0
   0    0            0     10120928        86000      1080800    0    0     0   139  129  187   0   0 100   0   0
   0    0            0     10120928        86032      1080768    0    0     0    60  147  222   0   0 100   0   0
   0    0            0     10115636        86048      1080804    0    0     0    71  337  510   0   0  99   0   0
   0    0            0     10115636        86060      1080804    0    0     0    59  169  200   0   0 100   0   0
   0    0            0     10115636        86084      1080804    0    0     0   136  168  199   0   0 100   0   0
   0    0            0     10115636        86108      1080780    0    0     0    55  153  214   0   0 100   0   0
   0    0            0     10120424        86136      1080804    0    0     0    65  328  483   0   0 100   0   0
   0    0            0     10120424        86160      1080780    0    0     0    59  138  189   0   0 100   0   0
   0    0            0     10120172        86184      1080808    0    0     0   131  134  182   0   0 100   0   0
   0    0            0     10120172        86212      1080780    0    0     0   380  147  221   0   0 100   0   0
   0    0            0     10118156        86240      1080808    0    0     0    65  302  495   0   0 100   0   0
   0    0            0     10118156        86272      1080808    0    0     0   152  139  197   0   0 100   0   0
   0    0            0     10118156        86304      1080808    0    0     0   133  146  193   0   0 100   0   0
   0    0            0     10118156        86336      1080776    0    0     0    60  181  255   0   0 100   0   0
--procs-- -----------------------memory---------------------- ---swap-- -----io---- -system-- --------cpu--------
   r    b         swpd         free         buff        cache   si   so    bi    bo   in   cs  us  sy  id  wa  st
   1    0            0     10121936        86348      1080812    0    0     0    71  310  498   0   0 100   0   0
   0    0            0     10121936        86372      1080816    0    0     0   137  145  204   0   0 100   0   0
   0    0            0     10121936        86396      1080792    0    0     0    71  139  196   0   0 100   0   0
   0    0            0     10121936        86428      1080816    0    0     0    55  146  229   0   0 100   0   0
   0    0            0     10124456        86448      1080816    0    0     0    64  330  575   0   0 100   0   0
   0    0            0     10124204        86472      1080792    0    0     0    59  133  189   0   0 100   0   0
   0    0            0     10123952        86504      1080820    0    0     0   132  133  189   0   0 100   0   0
   0    0            0     10123952        86528      1080796    0    0     0   359  143  222   0   0 100   0   0
   0    0            0     10118412        86544      1080824    0    0     0    69  313  492   0   0 100   0   0
   0    0            0     10118412        86568      1080824    0    0     0    64  119  189   0   0 100   0   0
   0    0            0     10118412        86588      1080824    0    0     0   144  168  195   0   0 100   0   0
   0    0            0     10118412        86620      1080824    0    0     0    60  165  226   0   0 100   0   0
   0    0            0     10112868        86640      1080828    0    0     0    77  353  505   0   0  99   0   0
   0    0            0     10112868        86668      1080828    0    0     0    64  142  192   0   0 100   0   0
   0    0            0     10112868        86700      1080796    0    0     0   139  120  176   0   0 100   0   0
   0    0            0     10112868        86732      1080828    0    0     0    60  131  205   0   0 100   0   0
   0    0            0     10115136        86756      1080804    0    0     0    71  302  489   0   0 100   0   0
   0    0            0     10114632        86784      1080800    0    0     0    59  140  202   0   0 100   0   0
   0    0            0     10114632        86808      1080832    0    0     0   132  148  199   0   0 100   0   0
   0    0            0     10114632        86820      1080832    0    0     0   408  169  244   0   0 100   0   0
   0    0            0     10117908        86836      1080832    0    0     0    64  336  522   0   0 100   0   0
--procs-- -----------------------memory---------------------- ---swap-- -----io---- -system-- --------cpu--------
   r    b         swpd         free         buff        cache   si   so    bi    bo   in   cs  us  sy  id  wa  st
   1    0            0     10117908        86868      1080800    0    0     0    61  116  194   0   0 100   0   0
   0    0            0     10117908        86892      1080832    0    0     0   144  130  196   0   0 100   0   0
   0    0            0     10117908        86916      1080832    0    0     0    55  155  228   0   0 100   0   0
   0    0            0     10112868        86948      1080832    0    0     0    69  324  585   0   0 100   0   0
   0    0            0     10112392        86980      1080868    0    0     0    64  142  200   0   0 100   0   0
   0    0            0     10112392        87012      1080868    0    0     0   140  133  187   0   0 100   0   0
   0    0            0     10112392        87044      1080868    0    0     0    60  143  228   0   0 100   0   0
   0    0            0     10112644        87076      1080832    0    0     0    72  299  468   0   0 100   0   0
   0    0            0     10112392        87108      1080872    0    0     0    64  126  193   0   0 100   0   0
   0    0            0     10112392        87140      1080872    0    0     0   141  143  200   0   0 100   0   0
   0    0            0     10112392        87172      1080840    0    0     0   421  154  226   0   0 100   0   0
   0    0            0     10113656        87216      1080872    0    0     0    89  329  471   0   0 100   0   0
   0    0            0     10113408        87244      1080872    0    0     0    60  161  199   0   0 100   0   0
   0    0            0     10113408        87276      1080876    0    0     0   133  155  191   0   0 100   0   0
   0    0            0     10113408        87304      1080880    0    0     0    60  158  231   0   0 100   0   0
   0    0            0     10119708        87324      1080884    0    0     0    68  337  506   0   0 100   0   0
   0    0            0     10119708        87352      1080884    0    0     0    63  138  200   0   0 100   0   0
   0    0            0     10119456        87376      1080884    0    0     0   145  140  201   0   0 100   0   0
   0    0            0     10119456        87400      1080860    0    0     0    60  129  213   0   0 100   0   0
   0    0            0     10117188        87432      1080888    0    0     0    76  298  493   0   0 100   0   0
   0    0            0     10116936        87460      1080888    0    0     0    63  137  195   0   0 100   0   0
--procs-- -----------------------memory---------------------- ---swap-- -----io---- -system-- --------cpu--------
   r    b         swpd         free         buff        cache   si   so    bi    bo   in   cs  us  sy  id  wa  st
   1    0            0     10116936        87500      1080856    0    0     0   164  172  225   0   0 100   0   0
   0    0            0     10116936        87528      1080828    0    0     0   457  155  235   0   0 100   0   0
   0    0            0     10116432        87552      1080892    0    0     0    71  341  587   0   0  99   0   0
   0    0            0     10116432        87568      1080892    0    0     0   125  139  197   0   0 100   0   0
   0    0            0     10116432        87600      1080892    0    0     0    77  134  186   0   0 100   0   0
   0    0            0     10116432        87624      1080896    0    0     0    60  142  221   0   0 100   0   0
   0    0            0     10111392        87648      1081024    0    0     0    72  320  494   0   0 100   0   0
   0    0            0     10111140        87680      1080992    0    0     0    64  150  197   0   0 100   0   0
   0    0            0     10111140        87696      1081024    0    0     0   143  148  203   0   0 100   0   0
   0    0            0     10111140        87728      1081024    0    0     0    60  151  238   0   0 100   0   0
   0    0            0     10106100        87760      1080992    0    0     0    72  312  482   0   0 100   0   0
   1    0            0     10105848        87792      1081028    0    0     0    65  173  203   0   0 100   0   0
   0    0            0     10105848        87824      1081028    0    0     0   140  166  190   0   0 100   0   0
   0    0            0     10105848        87856      1080996    0    0     0   385  204  308   0   0 100   0   0
   1    0            0      9662376        88416      1479612    0    0 84933  1260 8852 17653   8   6  84   2   0
   0    0            0      8971192        89656      1700368    0    0 48014  8016 13340 27540  27   7  64   2   0
   0    0            0      9014740        89764      1699584    0    0    58  1124 3714 6740  16   1  82   0   0
   1    0            0      8713352        90096      1717476    0    0  2532  1923 6396 12207  16   3  81   0   0
   0    0            0      8590280        91408      1722912    0    0   132  4976 6554 14705  19   3  78   0   0
   0    0            0      8579608        91528      1734936    0    0    22   653 1453 2766   4   0  96   0   0
   0    0            0      8647932        91584      1735336    0    0     0  1095 2726 5795   8   1  91   0   0
--procs-- -----------------------memory---------------------- ---swap-- -----io---- -system-- --------cpu--------
   r    b         swpd         free         buff        cache   si   so    bi    bo   in   cs  us  sy  id  wa  st
   2    0            0      8647752        91800      1741692    0    0   614   851 3531 6901  14   1  85   0   0
   4    0            0      8595028        91868      1756456    0    0  1069   160 7323 15545  18   2  80   0   0
   0    0            0      8543960        91992      1762556    0    0    28  1083 7966 16505  33   4  63   0   0
   8    0            0      8558764        92152      1772192    0    0     0  3831 7514 15150  22   2  76   0   0
   0    0            0      8515092        92480      1777204    0    0     9  2831 9399 20610  25   3  72   0   0
   1    0            0      8491396        92524      1783044    0    0     0  1947 6911 15411  28   4  69   0   0
   1    0            0      8488448        92552      1784136    0    0     0    72 6827 14162  45   3  52   0   0
  16    0            0      7882220        92620      2271596    0    0     0  1997 11502 28713  51  22  27   0   0
  11    0            0      6793792        92640      3390908    0    0     0    69 9610 21672  66  12  22   0   0
   8    0            0      6705444        92668      3407036    0    0     0  4537 6405 13071  52   2  45   0   0
   1    0            0      6703928        92696      3407212    0    0     0   529 6486 12655  51   2  47   0   0
  10    0            0      6624268        92724      3407372    0    0     0   172 11005 21859  49  15  37   0   0
  13    0            0      6576920        92740      3407464    0    0     0   432 7704 13034  51   2  47   0   0
   9    0            0      6573016        92792      3400692    0    0     0    91 8053 14619  49   2  49   0   0
   3    0            0      6712716        92832      3401536    0    0     0  1152 10308 19691  42   4  54   0   0
   5    0            0      6736280        92864      3377048    0    0     0   957 7552 14171  39   4  58   0   0
   6    0            0      6747088        92916      3389084    0    0     0   173 7703 13791  41   3  56   0   0
  11    0            0      6727020        92932      3389004    0    0     0   132 8275 17834  33   5  63   0   0
   0    0            0      6680820        92956      3389180    0    0     0    69 11470 23052  33  11  57   0   0
   5    0            0      6639356        92976      3389184    0    0     0   193 7331 15139  28   2  70   0   0
   3    0            0      6665236        93024      3401340    0    0     0    89 7370 15086  31   2  67   0   0
--procs-- -----------------------memory---------------------- ---swap-- -----io---- -system-- --------cpu--------
   r    b         swpd         free         buff        cache   si   so    bi    bo   in   cs  us  sy  id  wa  st
   9    0            0      6688620        93056      3386796    0    0     0   107 7136 15162  27   2  71   0   0
   1    0            0      6716820        93088      3386796    0    0     0   152 7383 15938  27   2  71   0   0
   4    0            0      6710524        93116      3386796    0    0     0   149 6708 15056  28   1  70   0   0
   1    0            0      6699048        93140      3374656    0    0     0   360 11713 32805  32   7  61   0   0
   1    0            0      6693284        93172      3386836    0    0     0   417 7432 15259  28   2  70   0   0
   2    0            0      6674052        93204      3374712    0    0     0   172 7320 14922  34   2  64   0   0
   8    0            0      6713948        93224      3386868    0    0     0   125 7679 15956  35   2  63   0   0
   6    0            0      6706012        93256      3399068    0    0     0    81 7068 15192  33   2  65   0   0
   1    0            0      6695088        93288      3386920    0    0     0    59 7394 15706  31   2  68   0   0
   0    0            0      6692244        93312      3386920    0    0     0    75 7187 15742  24   2  74   0   0
   0    0            0      6582688        93344      3387052    0    0     0   129 11560 33041  29  13  58   0   0
   1    0            0      6584072        93376      3387056    0    0     0    91 7424 15725  29   2  69   0   0
   0    0            0      6581184        93428      3387056    0    0     0    99 8371 16086  31   2  67   0   0
   2    0            0      6697444        93460      3385816    0    0     0   140 8444 15372  32   2  65   0   0
   3    0            0      6689860        93520      3385736    0    0     0   225 7787 14939  31   2  67   0   0
   2    0            0      6716588        93544      3385740    0    0     0    95 7760 15895  30   2  67   0   0
   2    0            0      6694540        93568      3385764    0    0     0   107 8172 17685  28   2  70   0   0
   2    0            0      6657884        93596      3397920    0    0     0   441 10899 30826  31   5  64   0   0
   3    0            0      6665508        93616      3373608    0    0     0   128 6962 15166  27   2  71   0   0
   2    0            0      6656748        93648      3380408    0    0     0    83 7405 15483  31   2  67   0   0
   2    0            0      6632824        93672      3380408    0    0     0    55 7449 15569  27   2  71   0   0
--procs-- -----------------------memory---------------------- ---swap-- -----io---- -system-- --------cpu--------
   r    b         swpd         free         buff        cache   si   so    bi    bo   in   cs  us  sy  id  wa  st
   6    0            0      6704356        93700      3380408    0    0     0    75 7443 15550  25   2  74   0   0
   3    0            0      6673676        93732      3392580    0    0     0   123 7060 15471  25   2  74   0   0
   0    0            0      6661132        93764      3389656    0    0     0    89 7836 16340  27   2  71   0   0
   1    0            0      6708468        93784      3401828    0    0     0    83 14109 27172  28   3  69   0   0
   1    0            0      6671584        93796      3389672    0    0     0  1488 17149 31884  27   3  70   0   0
   8    0            0      6640636        93808      3389672    0    0     0  1752 15835 29587  32   3  64   0   0
  10    0            0      6703596        93828      3389672    0    0     0    57 14829 28463  31   2  67   0   0
   2    0            0      6681768        93860      3377528    0    0     0    53 14634 27411  33   3  64   0   0
   3    0            0      6664412        93876      3389692    0    0     0   421 7973 16462  30   2  68   0   0
   1    0            0      6629116        93920      3389728    0    0     0   160 13532 27332  28   3  68   0   0
   2    0            0      6672536        93952      3389728    0    0     0    65 22533 42743  31   4  65   0   0
   1    0            0      6631128        93968      3389732    0    0     0    59 19893 36511  33   4  63   0   0
   3    0            0      6602708        93996      3377580    0    0     0   129 7407 15435  29   2  70   0   0
   2    0            0      6587776        94028      3389788    0    0     0   129 8129 15610  29   2  69   0   0
   3    0            0      6573680        94060      3389792    0    0     0    85 7982 15160  29   2  69   0   0
   1    0            0      6585208        94092      3389812    0    0     0    60 8072 15471  27   2  71   0   0
   2    0            0      6520380        94104      3390008    0    0     0    68 17218 30257  31   3  66   0   0
   0    0            0      6642892        94116      3390068    0    0     0   155 20368 34861  34   4  62   0   0
   2    0            0      6609576        94144      3401988    0    0     0    60 15520 27964  29   3  69   0   0
   4    0            0      6599292        94152      3389832    0    0     0    72 7523 16017  26   2  72   0   0
   5    0            0      6599872        94192      3389832    0    0     0   445 7314 15856  29   1  70   0   0
--procs-- -----------------------memory---------------------- ---swap-- -----io---- -system-- --------cpu--------
   r    b         swpd         free         buff        cache   si   so    bi    bo   in   cs  us  sy  id  wa  st
   7    0            0      6604736        94224      3377676    0    0     0   136 7264 14684  29   2  69   0   0
   4    0            0      6573444        94256      3377680    0    0     0    55 8411 16872  26   2  73   0   0
   6    0            0      6708564        94284      3389760    0    0     0    92 15159 28205  35   4  61   0   0
   5    0            0      6659892        94304      3389880    0    0     0    64 15832 29216  36   4  61   0   0
   3    0            0      6634292        94320      3389952    0    0     0   165 16087 29565  34   4  62   0   0
   2    0            0      6593552        94352      3389880    0    0     0    60 10147 20072  43   4  54   0   0
   6    0            0      6595700        94392      3389888    0    0     0    80 7537 15442  35   2  63   0   0
   1    0            0      6592820        94424      3389888    0    0     0    60 7530 15412  31   1  68   0   0
   1    0            0      6585124        94444      3389904    0    0     0   455 8280 16934  32   2  66   0   0
   3    0            0      6577056        94476      3389924    0    0     0    63 13007 24076  33   3  65   0   0
   7    0            0      6693176        94508      3389924    0    0     0    83 16677 31776  33   3  64   0   0
   1    0            0      6638812        94540      3389924    0    0     0   163 15982 28988  35   3  62   0   0
   9    0            0      6621964        94556      3401904    0    0     0   161 9663 19055  31   2  66   0   0
   3    0            0      6621452        94592      3389948    0    0     0    88 8267 15706  33   2  65   0   0
   1    0            0      6610076        94616      3402108    0    0     0    80 7947 14548  43   3  54   0   0
   9    0            0      6732208        94640      3377792    0    0     0    65 13253 24468  38   3  59   0   0
   2    0            0      6660516        94648      3389948    0    0     0   181 15306 27629  37   4  58   0   0
   2    0            0      6676420        94676      3389948    0    0     0    55 15384 28817  32   3  65   0   0
   7    0            0      6666956        94708      3377796    0    0     0    77 8708 16998  34   3  63   0   0
   8    0            0      6641212        94740      3389968    0    0     0    60 7560 15516  35   2  63   0   0
   3    0            0      6645196        94768      3389972    0    0     0   151 7576 15717  31   2  67   0   0
--procs-- -----------------------memory---------------------- ---swap-- -----io---- -system-- --------cpu--------
   r    b         swpd         free         buff        cache   si   so    bi    bo   in   cs  us  sy  id  wa  st
   2    0            0      6643320        94784      3389988    0    0     0    60 7309 15776  32   1  67   0   0
   1    0            0      6602376        94808      3390084    0    0     0    87 14536 27844  34   3  63   0   0
   2    0            0      6694680        94836      3390004    0    0     0   397 17415 32706  34   4  62   0   0
   2    0            0      6666844        94868      3390012    0    0     0   224 15141 29390  37   3  60   0   0
   2    0            0      6667240        94900      3390012    0    0     0    60 8209 16579  32   1  67   0   0
  10    0            0      6659608        94936      3390016    0    0     0    97 7262 14774  32   2  66   0   0
   3    0            0      6638768        94960      3390016    0    0     0    64 7604 15832  32   2  66   0   0
   2    0            0      6606852        94992      3390016    0    0     0   192 8364 16669  32   2  67   0   0
   4    0            0      6566408        95000      3390068    0    0     0    61 18615 34133  32   3  65   0   0
   3    0            0      6619012        95024      3402084    0    0     0    96 16869 31970  40   5  55   0   0
   9    0            0      6595880        95040      3390172    0    0     0   340 13565 26783  33   3  64   0   0
   2    0            0      6597088        95072      3390188    0    0     0   153 7379 15637  30   2  68   0   0
   4    0            0      6578608        95092      3390300    0    0     0   387 7423 15193  30   2  69   0   0
   1    0            0      6574172        95120      3390316    0    0     0    55 7674 15771  31   2  67   0   0
   5    0            0      6540760        95136      3402624    0    0     0   180 10834 21040  41   3  56   0   0
   4    0            0      6671984        95160      3390312    0    0     0   136 15109 26590  40   4  57   0   0
  11    0            0      6638252        95188      3367660    0    0    19   208 16755 31186  40   5  55   0   0
   1    0            0      6599696        95224      3379932    0    0     0    71 13113 24517  27   2  71   0   0
   2    0            0      6661488        95248      3392184    0    0     0   397 7598 15838  21   2  78   0   0
   1    0            0      6696700        95308      3392096    0    0     0   253 6767 14456  18   1  81   0   0
   3    0            0      6680640        95328      3392152    0    0     0    60 7953 16453  37   2  60   0   0
--procs-- -----------------------memory---------------------- ---swap-- -----io---- -system-- --------cpu--------
   r    b         swpd         free         buff        cache   si   so    bi    bo   in   cs  us  sy  id  wa  st
   8    0            0      6646628        95348      3392240    0    0     0   131 8286 16757  39   3  59   0   0
   2    0            0      6699836        95392      3392272    0    0     0   103 7675 15044  33   2  65   0   0
   3    0            0      6696052        95412      3392272    0    0     0   173 7382 14785  29   2  69   0   0
   5    0            0      7674392        95440      2442984    0    0   240   520 6838 13039  24   3  74   0   0
   8    0            0      8432180        95476      1833640    0    0     0   312 9334 18410  24   3  73   0   0
   8    0            0      8421228        95516      1839780    0    0     0   284 5418 10859  16   1  83   0   0
   0    0            0      8405000        95536      1839820    0    0     0    71 4475 9348  10   1  89   0   0
   1    0            0      8454908        95596      1836796    0    0     0   365 4332 8882   8   1  90   0   0
   0    0            0      8476624        95616      1839656    0    0     0    60 4147 8884   7   1  91   0   0
   0    0            0      8471864        95640      1839856    0    0     0    97 3961 8383   7   1  92   0   0
   0    0            0      8530296        95660      1812344    0    0     0   196 3701 7904   6   1  93   0   0
   0    0            0      8431596        95716      1815924    0    0     0   393 9108 18714  23   2  75   0   0
   0    0            0      8430148        95744      1818976    0    0     0   312 5446 10880  16   1  83   0   0
   5    0            0      8443852        95760      1819048    0    0     0   399 4576 9307   9   1  90   0   0
   0    0            0      8439536        95780      1819080    0    0     0   147 4550 8656   9   1  90   0   0
   0    0            0      8465608        95796      1819104    0    0     0   129 4791 9159   8   1  91   0   0
   0    0            0      8462192        95812      1819192    0    0     0   101 4781 9492   8   1  91   0   0
   0    0            0      8523896        95848      1804040    0    0     0   133 4544 8558  10   1  89   0   0
   8    0            0      8521276        95904      1805444    0    0     0   461 1756 3065   8   1  92   0   0
   0    0            0      8522708        95924      1805440    0    0     0    56 1266 2289   7   0  93   0   0
   0    0            0      8532744        95936      1805440    0    0     0    53 1337 2597   7   1  92   0   0
--procs-- -----------------------memory---------------------- ---swap-- -----io---- -system-- --------cpu--------
   r    b         swpd         free         buff        cache   si   so    bi    bo   in   cs  us  sy  id  wa  st
   1    0            0      8531288        95956      1805424    0    0     0   105 1140 2311   6   0  93   0   0
   2    0            0      8529800        95988      1805392    0    0     0   137 1281 2366   7   0  92   0   0
   2    0            0      8530428        96000      1805424    0    0     0    55 1192 2313   7   0  93   0   0
   0    0            0      8536520        96024      1805424    0    0     0    71 1392 2641   7   1  93   0   0
   0    0            0      8533000        96032      1805424    0    0     0    88 1202 2257   7   0  93   0   0
   0    0            0      8532296        96056      1805424    0    0     0   173 1172 2305   7   1  92   0   0
   1    0            0      8543136        96076      1805428    0    0     0   459 1330 2607   7   0  93   0   0
   0    0            0      8563184        96104      1805428    0    0     0    72 1313 2606   7   1  92   0   0
   8    0            0      8559996        96112      1805352    0    0     0    65 1142 2279   7   1  93   0   0
   0    0            0      8557972        96128      1805352    0    0     0   167 1215 2340   7   0  92   0   0
   0    0            0      8552184        96156      1805352    0    0     0    57 1286 2540   7   1  92   0   0
   1    0            0      8558016        96180      1805352    0    0     0    75 1361 2603   7   1  93   0   0
   0    0            0      8555604        96192      1805344    0    0     0    59 1195 2319   7   1  92   0   0
   1    0            0      8548692        96220      1805348    0    0     0   159 1250 2362   7   0  93   0   0
   0    0            0      8547688        96232      1805348    0    0     0    56 1171 2190   7   0  92   0   0
   0    0            0      8548392        96252      1805476    0    0     0   105 1601 2656   7   1  92   0   0
   1    0            0      8533788        96276      1805480    0    0     0    69 1410 2419   7   0  92   0   0
   0    0            0      8530316        96316      1805376    0    0     0   261 1195 2139   7   1  92   0   0
   0    0            0      8529556        96340      1805376    0    0     0   387 1236 2370   7   1  92   0   0
   0    0            0      8534720        96368      1805376    0    0     0    75 1323 2667   7   1  92   0   0
   0    0            0      8531864        96388      1805380    0    0     0    60 1106 2264   7   0  92   0   0
--procs-- -----------------------memory---------------------- ---swap-- -----io---- -system-- --------cpu--------
   r    b         swpd         free         buff        cache   si   so    bi    bo   in   cs  us  sy  id  wa  st
   1    0            0      8529968        96412      1805380    0    0     0   153 1237 2371   7   1  93   0   0
   0    0            0      8525680        96424      1805368    0    0     0    56 1305 2363   7   0  92   0   0
   0    0            0      8530736        96436      1805384    0    0     0    71 1314 2623   7   1  92   0   0
   0    0            0      8528636        96444      1805384    0    0     0    59 1197 2332   7   0  92   0   0
   0    0            0      8528784        96464      1805388    0    0     0   229 1241 2367   7   1  92   0   0
   0    0            0      8529852        96488      1805388    0    0     0   104 1297 2413   7   1  92   0   0
   0    0            0      8539744        96508      1805388    0    0     0    64 1362 2642   7   1  92   0   0
   0    0            0      8537472        96536      1805388    0    0     0   469 1244 2405   7   1  92   0   0
   1    0            0      8551596        96560      1805388    0    0     0    77 1147 2319   7   1  92   0   0
   8    0            0      8549468        96572      1805392    0    0     0    56 1158 2320   7   1  92   0   0
   1    0            0      8551716        96584      1805392    0    0     0    73 1232 2445   7   0  93   0   0
   1    0            0      8548536        96592      1802240    0    0     0    61 1105 2176   7   1  93   0   0
   0    0            0      8552356        96608      1802164    0    0     0   153 1267 2429   7   1  93   0   0
   8    0            0      8552096        96636      1802164    0    0     0    55 1167 2323   7   0  92   0   0
   0    0            0      8548340        96660      1802164    0    0     0   107 1436 2702   7   1  92   0   0
   0    0            0      8546604        96680      1802164    0    0     0    85 1294 2298   7   1  92   0   0
   0    0            0      8546820        96704      1802164    0    0     0   159 1363 2220   7   1  93   0   0
   0    0            0      8547324        96708      1802168    0    0     0   392 1398 2297   7   0  92   0   0
   0    0            0      8556616        96720      1802168    0    0     0    87 1419 2470   7   1  92   0   0
   2    0            0      8554696        96740      1802168    0    0     0   135 1290 2378   7   0  92   0   0
   0    0            0      8553644        96752      1802168    0    0     0   156 1097 2139   7   1  93   0   0
--procs-- -----------------------memory---------------------- ---swap-- -----io---- -system-- --------cpu--------
   r    b         swpd         free         buff        cache   si   so    bi    bo   in   cs  us  sy  id  wa  st
   1    0            0      8551980        96768      1802172    0    0     0    61 1142 2253   7   0  93   0   0
   0    0            0      8556836        96804      1802172    0    0     0    92 1283 2489   7   1  92   0   0
   1    0            0      8559620        96824      1802172    0    0     0    60 1150 2234   7   0  93   0   0
   1    0            0      8559624        96840      1802172    0    0     0   160 1239 2345   7   1  92   0   0
   0    0            0      8559456        96868      1802172    0    0     0   100 1194 2244   8   1  92   0   0
   0    0            0      8568476        96880      1802176    0    0     0    80 1256 2391   7   1  92   0   0
   0    0            0      8566436        96904      1802176    0    0     0   165 1239 2354   7   1  93   0   0
   1    0            0      8568956        96912      1802176    0    0     0    80 1166 2303   7   0  92   0   0
   0    0            0      8563084        96932      1802176    0    0     0    56 1241 2387   7   0  92   0   0
   0    0            0      8560872        96940      1802180    0    0     0    67 1343 2545   7   1  92   0   0
   0    0            0      8554780        96952      1802184    0    0     0   417 1190 2277   7   1  92   0   0
   0    0            0      8555104        96972      1802184    0    0     0   155 1119 2194   7   1  92   0   0
   0    0            0      8555064        96988      1802184    0    0     0    55 1148 2223   7   0  93   0   0
   1    0            0      8552308        97000      1802312    0    0     0    71 1324 2566   7   1  92   0   0
   0    0            0      8552968        97028      1802312    0    0     0    85 1189 2341   7   0  92   0   0
   0    0            0      8557676        97052      1802356    0    0     0   157 1158 2167   7   1  93   0   0
   0    0            0      8556752        97080      1802356    0    0     0    60 1395 2395   7   1  92   0   0
   0    0            0      8560960        97100      1802356    0    0     0   143 1373 2528   7   1  93   0   0
   0    0            0      8556416        97120      1802356    0    0     0    61 1280 2381   7   1  92   0   0
   0    0            0      8556244        97132      1802356    0    0     0   152 1168 2234   7   1  93   0   0
   0    0            0      8559552        97148      1802356    0    0     0    56 1298 2347   7   1  92   0   0
--procs-- -----------------------memory---------------------- ---swap-- -----io---- -system-- --------cpu--------
   r    b         swpd         free         buff        cache   si   so    bi    bo   in   cs  us  sy  id  wa  st
   2    0            0      8564224        97176      1802356    0    0     0    69 1320 2506   7   0  92   0   0
   0    0            0      8561872        97188      1802356    0    0     0   387 1126 2285   7   1  92   0   0
   0    0            0      8555000        97204      1802356    0    0     0   153 1134 2290   7   0  93   0   0
   0    0            0      8553548        97232      1802356    0    0     0    91 1171 2361   8   0  92   0   0
   0    0            0      8560808        97248      1802356    0    0     0    60 1194 2368   7   0  93   0   0
   0    0            0      8556548        97280      1802356    0    0     0   167 1243 2396   7   0  92   0   0
   0    0            0      8553904        97292      1802360    0    0     0   183 1113 2167   7   1  93   0   0
   0    0            0      8550284        97308      1802476    0    0     0    64 1185 2342   7   1  92   0   0
   1    0            0      8550504        97328      1802488    0    0     0   277 1585 3140   7   1  93   0   0
   0    0            0      8549476        97360      1802536    0    0     0   120 1071 2136   7   0  92   0   0
   0    0            0      8547192        97372      1802652    0    0     0   277 1158 2263   7   1  93   0   0
   1    0            0      8545272        97396      1802656    0    0     0   391 1128 2303   7   1  92   0   0
   9    0            0      8547556        97400      1802660    0    0     0   119 1490 2895   7   1  92   0   0
   0    0            0      8545616        97420      1802660    0    0     0    59 1139 2259   7   1  93   0   0
   0    0            0      8544688        97440      1802660    0    0     0   161 1125 2175   7   0  93   0   0
   2    0            0      8546908        97496      1802660    0    0     0   164 1271 2482   7   0  93   0   0
   0    0            0      8545700        97524      1802660    0    0     0    99 1476 2559   7   1  92   0   0
   1    0            0      8543188        97544      1802660    0    0     0    60 1378 2249   7   0  93   0   0
   0    0            0      8543008        97568      1802660    0    0     0   159 1374 2337   7   1  93   0   0
   0    0            0      8541020        97584      1802660    0    0     0    56 1189 2295   7   1  92   0   0
   0    0            0      8546420        97612      1802664    0    0     0    71 1243 2473   8   0  92   0   0
--procs-- -----------------------memory---------------------- ---swap-- -----io---- -system-- --------cpu--------
   r    b         swpd         free         buff        cache   si   so    bi    bo   in   cs  us  sy  id  wa  st
   1    0            0      8550056        97628      1802440    0    0     0    64 1140 2347   7   1  92   0   0
   1    0            0      8547600        97648      1802440    0    0     0   513 1210 2376   7   1  93   0   0
   0    0            0      8548000        97672      1802440    0    0     0    99 1200 2293   7   1  92   0   0
   1    0            0      8551656        97688      1802440    0    0     0    72 1270 2440   6   0  93   0   0
   0    0            0      8550968        97712      1802432    0    0     0   123 1250 2366   7   1  92   0   0
   0    0            0      8555156        97720      1802432    0    0     0   161 1050 2090   6   1  93   0   0
   0    0            0      8552796        97740      1802432    0    0     0    65 1147 2245   8   1  92   0   0
   1    0            0      8552812        97748      1802436    0    0     0   155 1300 2530   7   1  93   0   0
   1    0            0      8552088        97756      1802436    0    0     0    72 1241 2416   7   0  93   0   0
   0    0            0      8547012        97784      1802436    0    0     0   168 1133 2217   7   1  92   0   0
   1    0            0      8545272        97800      1802436    0    0     0    60 1102 2207   7   0  93   0   0
   9    0            0      8548632        97824      1802436    0    0     0    77 1402 2690   7   1  92   0   0
   0    0            0      8548140        97840      1802440    0    0     0   109 1216 2291   7   1  92   0   0
   1    0            0      8548588        97848      1802440    0    0     0   137 1113 2110   7   1  92   0   0
   0    0            0      8544676        97876      1802440    0    0     0   441 1166 2279   7   1  92   0   0
   0    0            0      8545080        97892      1802440    0    0     0    73 1203 2398   7   0  93   0   0
   0    0            0      8544272        97900      1802440    0    0     0    65 1261 2297   7   1  92   0   0
   0    0            0      8541444        97916      1802440    0    0     0   159 1325 2234   6   1  93   0   0
   9    0            0      8539848        97936      1802444    0    0     0    61 1327 2373   7   1  92   0   0
   0    0            0      8543856        97948      1802448    0    0     0    77 1420 2455   7   1  93   0   0
   0    0            0      8545424        97968      1802448    0    0     0    63 1281 2234   7   1  92   0   0
--procs-- -----------------------memory---------------------- ---swap-- -----io---- -system-- --------cpu--------
   r    b         swpd         free         buff        cache   si   so    bi    bo   in   cs  us  sy  id  wa  st
   1    0            0      8544204        98000      1802448    0    0     0   164 1325 2305   7   1  93   0   0
   0    0            0      8542304        98024      1802452    0    0     0    56 1154 2203   7   1  92   0   0
   0    0            0      8539260        98056      1802452    0    0     0    80 1179 2383   7   1  92   0   0
   0    0            0      8536968        98096      1802452    0    0     0    87 1185 2336   7   1  92   0   0
   0    0            0      8537656        98116      1802452    0    0     0   160 1169 2211   7   1  93   0   0
   0    0            0      8536668        98140      1802452    0    0     0   420 1232 2376   7   1  92   0   0
   0    0            0      8538384        98172      1802452    0    0     0    75 1445 2615   7   1  92   0   0
   0    0            0      8538276        98204      1802452    0    0     0   163 1120 2185   7   0  93   0   0
   0    0            0      8537540        98220      1802452    0    0     0    80 1131 2221   7   1  92   0   0
   2    0            0      8536508        98252      1802452    0    0     0    60 1104 2202   7   0  93   0   0
   0    0            0      8536500        98280      1802452    0    0     0    71 1345 2593   7   1  92   0   0
   1    0            0      8536224        98308      1802456    0    0     0   111 1159 2281   7   0  93   0   0
   0    0            0      8536488        98340      1802456    0    0     0   144 1173 2282   7   1  92   0   0
   0    0            0      8535756        98368      1802456    0    0     0    56 1189 2322   7   0  93   0   0
   0    0            0      8532672        98392      1802456    0    0     0    81 1277 2541   7   0  93   0   0
   0    0            0      8532424        98408      1802456    0    0     0   128 1160 2189   7   1  92   0   0
   2    0            0      8531488        98436      1802456    0    0     0   137 1172 2254   7   1  93   0   0
   0    0            0      8536024        98452      1802456    0    0     0   411 1324 2407   7   1  93   0   0
   9    0            0      8542152        98480      1802460    0    0     0    55 1471 2508   7   0  93   0   0
   1    0            0      8540656        98504      1802460    0    0     0    77 1211 2178   7   1  93   0   0
   0    0            0      8540292        98520      1802460    0    0     0   137 1235 2362   7   0  92   0   0
--procs-- -----------------------memory---------------------- ---swap-- -----io---- -system-- --------cpu--------
   r    b         swpd         free         buff        cache   si   so    bi    bo   in   cs  us  sy  id  wa  st
   2    0            0      8537560        98532      1802460    0    0     0    56 1156 2338   7   1  93   0   0
   0    0            0      8540292        98564      1802460    0    0     0    73 1352 2639   7   0  92   0   0
   1    0            0      8538472        98592      1802460    0    0     0    61 1175 2345   6   1  93   0   0
   9    0            0      8539456        98624      1802448    0    0     0   167 1178 2316   7   0  92   0   0
   0    0            0      8539500        98652      1802464    0    0     0    68 1111 2258   7   1  93   0   0
   8    0            0      8541228        98680      1802468    0    0     0   357 1347 2649   7   1  93   0   0
   0    0            0      8536364        98704      1802468    0    0     0    63 1178 2293   6   1  93   0   0
   0    0            0      8536596        98724      1802468    0    0     0   163 1161 2325   7   1  93   0   0
   0    0            0      8536640        98736      1802468    0    0     0   124 1249 2394   7   1  92   0   0
   0    0            0      8540564        98760      1802468    0    0     0    55 1305 2614   7   0  93   0   0
   1    0            0      8540732        98788      1802468    0    0     0    61 1057 2196   7   0  93   0   0
   1    0            0      8537564        98808      1802468    0    0     0   265 1133 2263   7   0  93   0   0
   2    0            0      8536592        98824      1802468    0    0     0    56 1189 2426   7   1  93   0   0
   1    0            0      8540800        98868      1802456    0    0     0    87 1212 2452   7   0  93   0   0
   0    0            0      8537072        98876      1802472    0    0     0    63 1068 2188   7   1  92   0   0
   0    0            0      8541352        98896      1802472    0    0     0   285 1128 2229   7   0  93   0   0
   0    0            0      8541012        98916      1802472    0    0     0    55 1137 2244   7   0  93   0   0
   8    0            0      8540836        98952      1802476    0    0     0   155 1377 2539   7   1  92   0   0
   0    0            0      8536908        98976      1802476    0    0     0    64 1378 2269   7   0  93   0   0
   0    0            0      8536864        98996      1802476    0    0     0   144 1297 2199   7   0  92   0   0
   0    0            0      8536036        99008      1802476    0    0     0    59 1289 2258   7   1  93   0   0
--procs-- -----------------------memory---------------------- ---swap-- -----io---- -system-- --------cpu--------
   r    b         swpd         free         buff        cache   si   so    bi    bo   in   cs  us  sy  id  wa  st
   1    0            0      8534440        99024      1802476    0    0     0    53 1489 2654   7   1  92   0   0
   0    0            0      8534200        99052      1802448    0    0     0    60 1348 2418   6   1  93   0   0
   0    0            0      8536628        99080      1802480    0    0     0   159 1255 2417   7   1  92   0   0
   8    0            0      8530172        99104      1802480    0    0     0    61 1250 2444   7   0  93   0   0
   0    0            0      8532208        99120      1802480    0    0     0    55 1305 2598   7   1  92   0   0
   0    0            0      8531668        99136      1802480    0    0     0    59 1136 2346   6   1  93   0   0
   0    0            0      8531388        99160      1802480    0    0     0   496 1310 2347   7   0  92   0   0
   1    0            0      8529412        99192      1802480    0    0     0    67 1174 2337   7   1  92   0   0
   0    0            0      8535304        99216      1802484    0    0     0   153 1309 2633   7   1  93   0   0
   0    0            0      8532836        99236      1802484    0    0     0    63 1223 2426   8   0  92   0   0
   1    0            0      8531880        99268      1802484    0    0     0    53 1194 2319   7   0  93   0   0
   0    0            0      8529460        99296      1802484    0    0     0    56 1262 2458   7   0  92   0   0
   0    0            0      8537552        99328      1802476    0    0     0    84 1310 2583   7   0  93   0   0
   0    0            0      8536548        99348      1802492    0    0     0    60 1194 2329   7   0  92   0   0
   9    0            0      8536396        99356      1802492    0    0     0   143 1173 2359   7   1  93   0   0
   0    0            0      8534164        99368      1802492    0    0     0   321 1138 2333   7   1  93   0   0
   0    0            0      8542120        99384      1802492    0    0     0    60 1407 2569   7   1  92   0   0
   1    0            0      8537412        99408      1802492    0    0     0    64 1176 2312   7   1  93   0   0
   0    0            0      8536852        99428      1802492    0    0     0   167 1139 2237   7   1  92   0   0
   0    0            0      8534216        99448      1802492    0    0     0    63 1219 2335   6   1  93   0   0
   8    0            0      8532128        99480      1802496    0    0     0    59 1379 2590   7   0  93   0   0
--procs-- -----------------------memory---------------------- ---swap-- -----io---- -system-- --------cpu--------
   r    b         swpd         free         buff        cache   si   so    bi    bo   in   cs  us  sy  id  wa  st
   1    0            0      8530400        99492      1802496    0    0     0    65 1250 2439   7   1  93   0   0
   0    0            0      8527888        99524      1802496    0    0     0   167 1299 2342   7   1  92   0   0
   0    0            0      8526536        99528      1802496    0    0     0    55 1184 2334   7   1  93   0   0
   0    0            0      8540308        99548      1802496    0    0     0    56 1370 2690   7   1  93   0   0
   0    0            0      8531272        99572      1802500    0    0     0   425 1198 2348   7   1  92   0   0
   0    0            0      8529624        99596      1802568    0    0     0   251 2398 4806   9   1  90   0   0
   2    0            0      8526056        99616      1802504    0    0     0    61 2652 5096  13   1  86   0   0
   0    0            0      8492396        99640      1803096    0    0     0    67 4403 8596  21   2  77   0   0
   0    0            0      8477128        99664      1803096    0    0     0   265 2547 4719   7   1  92   0   0
   0    0            0      8346872        99716      1819272    0    0    59   481 12457 22742  33   4  63   0   0
   1    0            0      8347508        99832      1825008    0    0   868   416 15785 29149  33   4  63   0   0
   5    0            0      7636468        99888      2445232    0    0     0   209 15562 27983  31   4  65   0   0
   1    0            0      7414908        99916      2670076    0    0     0   168 11970 23071  33   3  63   0   0
   1    0            0      7371140        99940      2670288    0    0     0   159 13739 25365  26   3  71   0   0
   2    0            0      7352904        99968      2670032    0    0     0    65 14978 26102  21   2  76   0   0
   1    0            0      7358836        99980      2670300    0    0     0  1268 5438 10352  14   1  85   0   0
   8    0            0      7333524       100008      2671928    0    0     0   404 10188 18486  37   4  59   0   0
   1    0            0      7434212       100048      2671852    0    0     0   241 15119 25785  28   3  69   0   0
   1    0            0      7469312       100060      2672048    0    0     0    63 14464 26344  17   2  80   0   0
   9    0            0      7467744       100096      2672048    0    0     0   301 7573 13724  13   1  85   0   0
   0    0            0      7428340       100116      2672108    0    0     0   163 5720 11487  15   1  84   0   0
--procs-- -----------------------memory---------------------- ---swap-- -----io---- -system-- --------cpu--------
   r    b         swpd         free         buff        cache   si   so    bi    bo   in   cs  us  sy  id  wa  st
   2    0            0      7415488       100144      2672120    0    0     0   112 16483 30730  17   2  81   0   0
   0    0            0      7373652       100164      2672152    0    0     0    55 15627 30061  14   2  84   0   0
   0    0            0      7367048       100184      2672152    0    0     0   157 7547 13908  12   1  87   0   0
   1    0            0      7319624       100224      2672156    0    0     0   141 4536 8895  13   1  86   0   0
   1    0            0      7332380       100236      2672160    0    0     0   164 4304 9047  13   1  87   0   0
   1    0            0      7297456       100260      2672160    0    0     0    55 4427 8541  14   1  85   0   0
   1    0            0      7301256       100276      2672160    0    0     0    71 4625 9119  14   1  84   0   0
   1    0            0      7393140       100296      2672176    0    0     0   421 6041 11488  14   1  85   0   0
   1    0            0      7354684       100316      2672136    0    0     0   168 17448 33313  16   3  81   0   0
   1    0            0      7341220       100348      2672176    0    0     0    59 11562 21145  15   2  84   0   0
   0    0            0      7369780       100360      2672176    0    0     0    79 4579 9564  13   1  86   0   0
   2    0            0      7369852       100376      2672176    0    0     0    60 4829 8911  13   1  86   0   0
   0    0            0      7365128       100392      2672192    0    0     0   175 4333 8633  13   1  86   0   0
   4    0            0      7363364       100396      2672192    0    0     0    55 4183 8641  13   1  86   0   0
   2    0            0      7332872       100408      2672192    0    0     0    73 4329 9061  12   1  87   0   0
   1    0            0      7344368       100428      2672196    0    0     0    59 4312 8609  12   1  88   0   0
   0    0            0      7383596       100448      2672116    0    0     0   156 14690 27886  14   2  83   0   0
   3    0            0      7317144       100468      2672200    0    0     0    60 16276 32409  15   3  83   0   0
   1    0            0      7306956       100500      2672200    0    0     0    76 10839 19778  13   2  85   0   0
   1    0            0      7371420       100520      2672204    0    0     0   424 4546 8899  13   2  85   0   0
   2    0            0      7368416       100536      2672224    0    0     0   263 4324 9010  13   1  86   0   0
--procs-- -----------------------memory---------------------- ---swap-- -----io---- -system-- --------cpu--------
   r    b         swpd         free         buff        cache   si   so    bi    bo   in   cs  us  sy  id  wa  st
   2    0            0      7367056       100564      2672240    0    0     0    60 4182 8740  13   1  86   0   0
   1    0            0      7339144       100600      2672248    0    0     0    88 4493 9143  13   1  86   0   0
   1    0            0      7337380       100620      2672248    0    0     0    59 4100 8665  13   1  86   0   0
   0    0            0      7289316       100640      2672512    0    0     0   160 15500 25848  16   2  82   0   0
   2    0            0      7250372       100672      2672260    0    0     0    55 15096 29203  16   2  82   0   0
   0    0            0      7250448       100676      2670856    0    0     0    71 4748 9749  13   1  86   0   0
   1    0            0      7248416       100680      2670856    0    0     0    59 4206 8457  13   1  86   0   0
   2    0            0      7221540       100704      2670860    0    0     0   184 4275 8796  13   1  86   0   0
   1    0            0      7238000       100728      2670860    0    0     0    55 4326 8712  13   1  86   0   0
   1    0            0      7395096       100752      2670988    0    0     0    69 4955 9365  14   1  85   0   0
   1    0            0      7380964       100768      2671004    0    0     0   417 5155 9685  13   1  86   0   0
   2    0            0      7362724       100788      2671004    0    0     0   183 14293 26028  15   2  83   0   0
   1    0            0      7322244       100808      2671004    0    0     0    60 17675 32370  15   2  82   0   0
   1    0            0      7297532       100824      2671020    0    0     0    60 5266 10292  13   1  86   0   0
   0    0            0      7308940       100856      2671020    0    0     0   235 4485 8864  12   1  87   0   0
   0    0            0      7286784       100876      2671020    0    0     0   143 4670 8740  13   1  86   0   0
   0    0            0      7298696       100880      2671020    0    0     0    56 4449 8606  14   1  86   0   0
   0    0            0      7252768       100896      2671024    0    0     0    59 6905 12708  15   1  84   0   0
   2    0            0      7247760       100908      2671032    0    0     0    65 9588 18306  15   2  84   0   0
   3    0            0      7322468       100916      2671024    0    0     0   148 15791 30193  17   2  81   0   0
   1    0            0      7300164       100948      2671112    0    0     0    65 10686 20283  15   2  83   0   0
--procs-- -----------------------memory---------------------- ---swap-- -----io---- -system-- --------cpu--------
   r    b         swpd         free         buff        cache   si   so    bi    bo   in   cs  us  sy  id  wa  st
   2    0            0      7277992       100972      2671072    0    0     0   193 4545 9067  13   1  86   0   0
   1    0            0      7278000       100988      2671072    0    0     0   280 4096 8435  12   1  87   0   0
   2    0            0      7287004       101016      2671072    0    0     0   149 4278 8624  12   1  87   0   0
   1    0            0      7280072       101044      2671072    0    0     0    55 4188 8516  13   1  86   0   0
   1    0            0      7250904       101064      2671072    0    0     0    87 6453 12062  13   2  85   0   0
   4    0            0      7240396       101084      2671176    0    0     0    63 12013 22180  29   3  68   0   0
  10    0            0      7215036       101116      2659356    0    0     0   332 15965 29003  32   3  65   0   0
   1    0            0      7350596       101140      2671544    0    0     0    56 13501 24637  28   3  69   0   0
   0    0            0      7374012       101160      2659392    0    0     0    61 13319 24868  25   3  72   0   0
   0    0            0      7338264       101184      2671564    0    0     0    60 14730 26295  19   2  79   0   0
   0    0            0      7374484       101196      2659408    0    0     0   148 10219 18621  22   2  77   0   0
   0    0            0      7335396       101224      2671580    0    0     0    60 5148 9976  20   2  78   0   0
   1    0            0      7310176       101276      2671580    0    0     0   136 12920 23110  17   3  79   0   0
   3    0            0      7293604       101304      2671584    0    0     0   111 13385 25063  19   3  78   0   0
   3    0            0      7254668       101320      2671584    0    0     0   149 17678 31614  17   2  81   0   0
   2    0            0      7236508       101340      2671600    0    0     0    67 17081 31422  17   3  80   0   0
   1    0            0      7245776       101352      2671600    0    0     0   132 6982 13125  14   2  84   0   0
   1    0            0      7222008       101376      2671604    0    0     0   443 4047 8512  13   1  86   0   0
   2    0            0      7229276       101404      2671616    0    0     0   135 4125 8343  13   1  86   0   0
   1    0            0      7356052       101424      2671560    0    0     0    80 10374 19278  17   2  82   0   0
   0    0            0      7335828       101456      2671640    0    0     0    56 12892 23239  18   3  80   0   0
--procs-- -----------------------memory---------------------- ---swap-- -----io---- -system-- --------cpu--------
   r    b         swpd         free         buff        cache   si   so    bi    bo   in   cs  us  sy  id  wa  st
  10    0            0      7302752       101488      2671644    0    0     0   164 16609 30456  17   2  80   0   0
   1    0            0      7292880       101504      2671644    0    0     0    56 15285 27997  16   2  81   0   0
   1    0            0      7289832       101512      2671644    0    0     0    59 4837 9691  15   1  83   0   0
   0    0            0      7268248       101556      2671652    0    0     0   115 4268 8737  14   1  85   0   0
   1    0            0      7275996       101580      2671652    0    0     0    71 4291 8362  15   1  84   0   0
   1    0            0      7334688       101612      2671656    0    0     0   219 12142 22917  18   2  80   0   0
   3    0            0      7346680       101628      2671656    0    0     0    55 12232 22281  19   2  79   0   0
   1    0            0      7333648       101648      2671584    0    0     0   109 12471 23345  19   3  78   0   0
   3    0            0      7359152       101680      2671800    0    0     0   417 14234 26854  18   2  80   0   0
   2    0            0      7344500       101712      2671800    0    0     0   152 9910 18797  17   2  81   0   0
   0    0            0      7316040       101716      2671800    0    0     0    56 6616 11769  16   1  83   0   0
   0    0            0      7313380       101748      2671816    0    0     0    64 4782 8712  16   1  83   0   0
  10    0            0      7299196       101752      2671820    0    0     0   108 10731 19988  16   2  81   0   0
   0    0            0      7294272       101772      2671824    0    0     0   203 13487 25123  16   2  82   0   0
   8    0            0      7289620       101804      2671736    0    0     0    59 10131 19814  14   2  84   0   0
   1    0            0      7280752       101828      2671828    0    0     0    59 12417 23308  16   2  82   0   0
   0    0            0      7250200       101848      2671828    0    0     0    64 10208 18949  16   2  82   0   0
   1    0            0      7239112       101864      2671828    0    0     0   145 8318 15317  14   1  85   0   0
   0    0            0      7384636       101884      2671844    0    0     0   385 8379 15752  15   2  83   0   0
   1    0            0      7351388       101908      2671976    0    0     0    64 6797 13021  15   2  83   0   0
   6    0            0      7316676       101940      2671976    0    0     0   167 10039 18371  14   2  83   0   0
--procs-- -----------------------memory---------------------- ---swap-- -----io---- -system-- --------cpu--------
   r    b         swpd         free         buff        cache   si   so    bi    bo   in   cs  us  sy  id  wa  st
   2    0            0      7302552       101960      2672012    0    0     0   489 12566 24093  14   2  84   0   0
   5    0            0      7283780       101976      2671916    0    0     0    57 10632 20236  13   1  86   0   0
   9    0            0      7280208       102004      2672128    0    0     0    65 8361 14982  14   2  83   0   0
   0    0            0      7350084       102024      2672144    0    0     0    64 7625 14752  14   2  84   0   0
   0    0            0      7351888       102048      2672144    0    0     0   193 4153 8423  13   1  86   0   0
   2    0            0      7346604       102060      2672144    0    0     0   148 7563 14627  14   1  85   0   0
   1    0            0      7320364       102076      2672148    0    0     0    63 12920 24700  16   2  82   0   0
   1    0            0      7307168       102092      2672164    0    0     0    65 14402 26661  15   2  83   0   0
   1    0            0      7279608       102112      2672164    0    0     0   205 13445 25186  15   2  83   0   0
   0    0            0      7280408       102124      2672164    0    0     0    60 9344 17858  14   2  84   0   0
   1    0            0      7260128       102156      2672168    0    0     0    60 14227 26252  15   2  83   0   0
   1    0            0      7251316       102180      2672172    0    0     0   520 6093 11767  14   1  85   0   0
   3    0            0      7263948       102200      2672168    0    0     0    89 4345 8492  14   1  85   0   0
   3    0            0      7256668       102216      2672172    0    0     0    68 10525 19982  15   2  83   0   0
   2    0            0      7253260       102232      2672172    0    0     0    59 11624 22669  13   2  86   0   0
   8    0            0      7311960       102248      2672172    0    0     0    64 10567 20701  13   2  85   0   0
   0    0            0      7310216       102268      2672188    0    0     0   143 8025 15383  11   2  87   0   0
   1    0            0      7286132       102288      2672204    0    0     0    65 13045 25676  14   2  84   0   0
   1    0            0      7275128       102320      2672208    0    0     0    91 13048 25129  15   2  83   0   0
   2    0            0      7270276       102332      2672208    0    0     0    59 13226 25257  15   2  83   0   0
   2    0            0      7260964       102348      2672208    0    0     0   135 12831 23656  15   1  83   0   0
--procs-- -----------------------memory---------------------- ---swap-- -----io---- -system-- --------cpu--------
   r    b         swpd         free         buff        cache   si   so    bi    bo   in   cs  us  sy  id  wa  st
   2    0            0      7345308       102364      2672208    0    0     0    56 12261 23143  17   2  81   0   0
   1    0            0      7332724       102388      2672212    0    0     0    53 12053 23935  15   2  83   0   0
   1    0            0      7369864       102404      2672212    0    0     0   419 11169 22484  15   2  83   0   0
   4    0            0      7360512       102424      2672212    0    0     0   148 11118 22355  16   1  82   0   0
   3    0            0      7349532       102448      2672216    0    0     0    55 11971 21927  15   2  82   0   0
   3    0            0      7342004       102468      2672216    0    0     0    53 8633 17380  14   1  84   0   0
   1    0            0      7315976       102492      2672308    0    0     0    76 6489 12230  13   1  86   0   0
   0    0            0      7295084       102524      2672232    0    0     0   253 12164 22269  15   2  83   0   0
   0    0            0      7276796       102536      2672072    0    0     0    79 12478 22733  16   2  82   0   0
   0    0            0      7268044       102556      2672256    0    0     0   100 13746 27719  15   2  82   0   0
   0    0            0      7239904       102572      2672260    0    0     0    59 14031 27032  16   2  82   0   0
   0    0            0      7219432       102588      2672260    0    0     0   161 12346 24215  16   2  82   0   0
   1    0            0      7326800       102616      2672260    0    0     0    55 12111 23951  16   2  82   0   0
   2    0            0      7304856       102644      2672260    0    0     0    53 11540 22444  16   2  82   0   0
   1    0            0      7301836       102656      2672260    0    0     0   388 4626 9082  13   1  86   0   0
   1    0            0      7288716       102676      2672268    0    0     0   139 5184 10127  14   1  85   0   0
   3    0            0      7277440       102696      2672284    0    0     0    55 12914 24606  15   2  83   0   0
   4    0            0      7262136       102724      2672284    0    0     0    59 13242 25525  16   2  82   0   0
   0    0            0      7247076       102744      2672380    0    0     0    69 13316 24144  15   2  83   0   0
   0    0            0      7223192       102764      2672284    0    0     0   320 11302 20984  17   2  81   0   0
   2    0            0      7228344       102796      2672160    0    0     0    60 11247 20644  17   2  81   0   0
--procs-- -----------------------memory---------------------- ---swap-- -----io---- -system-- --------cpu--------
   r    b         swpd         free         buff        cache   si   so    bi    bo   in   cs  us  sy  id  wa  st
   4    0            0      7192984       102828      2672288    0    0     0    85 11021 20889  16   2  81   0   0
   1    0            0      7330888       102848      2672308    0    0     0   239 12966 22907  17   2  80   0   0
   0    0            0      7314336       102864      2672308    0    0     0   141 8924 16651  15   1  83   0   0
   1    0            0      7379232       102896      2672308    0    0     0    99 5374 9969  15   1  83   0   0
   0    0            0      7366244       102928      2672312    0    0     0   188 15039 26813  18   3  79   0   0
   1    0            0      7361108       102960      2672520    0    0     0   115 6816 13631  14   1  85   0   0
   1    0            0      7350812       102992      2672536    0    0     0   144 4632 8813  14   1  85   0   0
   2    0            0      7349804       103000      2672536    0    0     0   153 4537 8909  14   1  85   0   0
   2    0            0      7310716       103012      2672544    0    0     0    55 7740 13454  15   2  83   0   0
   2    0            0      7299608       103024      2672544    0    0     0    76 11258 20064  13   2  85   0   0
   1    0            0      7262748       103052      2672544    0    0     0   143 11827 22711  15   2  83   0   0
   0    0            0      7340688       103072      2672548    0    0     0   199 14030 26622  15   3  82   0   0
   1    0            0      7302552       103080      2672484    0    0     0   153 11528 22289  18   3  79   0   0
   0    0            0      7289380       103108      2672552    0    0     0    72 9043 18102  18   2  80   0   0
   0    0            0      7278496       103132      2672568    0    0     0    57 6480 11968  14   1  84   0   0
   0    0            0      7261084       103156      2672584    0    0     0    89 12407 23284  15   2  82   0   0
   1    0            0      7228368       103176      2672584    0    0     0    60 6348 12198  14   1  84   0   0
   1    0            0      7227212       103224      2672584    0    0     0   124 13164 25714  16   2  82   0   0
   5    0            0      7205352       103232      2672584    0    0     0   136 13878 25540  16   2  82   0   0
   3    0            0      7213076       103248      2672584    0    0     0    77 14495 26129  16   2  82   0   0
   1    0            0      7315016       103280      2672592    0    0     0    53 14448 26044  17   2  81   0   0
--procs-- -----------------------memory---------------------- ---swap-- -----io---- -system-- --------cpu--------
   r    b         swpd         free         buff        cache   si   so    bi    bo   in   cs  us  sy  id  wa  st
   2    0            0      7300452       103296      2672504    0    0     0   403 11074 20866  15   2  83   0   0
   3    0            0      7296124       103316      2672596    0    0     0   149 14579 25022  16   2  82   0   0
   0    0            0      7268312       103328      2672596    0    0     0    81 8527 15039  15   2  84   0   0
   0    0            0      7368712       103348      2672596    0    0     0    56 4781 8964  14   1  85   0   0
   0    0            0      7334304       103368      2672596    0    0     0   172 10304 18425  14   2  84   0   0
   0    0            0      7373612       103396      2672740    0    0     0   148 12231 22001  16   2  82   0   0
   9    0            0      7337396       103424      2672612    0    0     0   167 14235 24592  15   2  83   0   0
   4    0            0      7304940       103464      2672628    0    0     0    69 15894 28835  15   2  82   0   0
   2    0            0      7299376       103492      2672628    0    0     0   164 14106 26519  15   2  83   0   0
   2    0            0      7373288       103508      2672404    0    0     0   149 6777 12692  15   1  83   0   0
   2    0            0      7365220       103544      2672404    0    0     0   183 14463 26617  15   2  83   0   0
   2    0            0      7354964       103596      2680276    0    0     0   209 16394 28797  16   2  82   0   0
   1    0            0      7335684       103624      2680276    0    0     0   156 14870 27024  14   2  84   0   0
   0    0            0      7313184       103632      2680276    0    0     0  2500 13047 23981  14   2  84   0   0
   0    0            0      7295556       103636      2680292    0    0     0   148 15231 27954  13   3  84   0   0
   0    0            0      7283544       103656      2680292    0    0     0    61 4602 9655  12   1  87   0   0
   1    0            0      7282288       103672      2680292    0    0     0   153 4420 8884  11   1  88   0   0
   0    0            0      7270164       103688      2680292    0    0     0    56 9098 17136  13   2  85   0   0
   2    0            0      7358120       103716      2680292    0    0     0   143 14139 26404  15   2  83   0   0
   0    0            0      8325372       103728      1832276    0    0     0   231 16007 30671  21   3  76   0   0
   0    0            0      8324104       103788      1835392    0    0     0   352 5526 11277  15   1  83   0   0
--procs-- -----------------------memory---------------------- ---swap-- -----io---- -system-- --------cpu--------
   r    b         swpd         free         buff        cache   si   so    bi    bo   in   cs  us  sy  id  wa  st
   1    0            0      8306804       103816      1835432    0    0     0   144 9403 17908  11   2  88   0   0
   2    0            0      8326188       103848      1835432    0    0     0   179 13746 26218   8   2  90   0   0
   9    0            0      8348860       103880      1835448    0    0     0    59 13055 23805   9   2  90   0   0
   2    0            0      8338536       103912      1835448    0    0     0   159 13233 23567   8   2  90   0   0
   0    0            0      8328200       103940      1835540    0    0     0    88 14396 25727   9   2  89   0   0
   9    0            0      7611856       103972      2452872    0    0     0   315 16596 30173  37   5  58   0   0
   2    0            0      7432672       104024      2679244    0    0     0   172 14995 28005  28   3  70   0   0
   1    0            0      7464816       104048      2679260    0    0     0   107 11156 20480  16   2  83   0   0
   1    0            0      7503976       104056      2679292    0    0     0   197 10864 20700  15   2  83   0   0
   2    0            0      7466148       104088      2679292    0    0     0   121 13205 25779  17   2  81   0   0
   2    0            0      7455264       104100      2679356    0    0     0    53 13612 25097  16   2  82   0   0
   0    0            0      7413188       104124      2679296    0    0     0   137 11587 21715  15   2  83   0   0
   0    0            0      7404636       104136      2679268    0    0     0   100 6322 11953  14   2  85   0   0
  10    0            0      7399996       104160      2679420    0    0     0   181 10536 19650  14   2  84   0   0
   1    0            0      7353740       104184      2679428    0    0     0    57 15432 28830  17   2  81   0   0
   1    0            0      7336988       104212      2679436    0    0     0   145 15400 28146  16   2  82   0   0
   0    0            0      7404256       104220      2679460    0    0     0   227 13659 26193  16   2  82   0   0
   2    0            0      7391948       104240      2679572    0    0     0   152 15181 28193  15   2  82   0   0
   1    0            0      7367592       104268      2679596    0    0     0    60 13769 26299  16   2  82   0   0
   1    0            0      7335904       104300      2679624    0    0     0   187 12025 22910  15   2  84   0   0
   1    0            0      7330452       104332      2679624    0    0     0    87 14645 27680  14   2  83   0   0
--procs-- -----------------------memory---------------------- ---swap-- -----io---- -system-- --------cpu--------
   r    b         swpd         free         buff        cache   si   so    bi    bo   in   cs  us  sy  id  wa  st
   2    0            0      7362636       104360      2679624    0    0     0   149 13221 24561  16   2  83   0   0
   1    0            0      7354308       104392      2679620    0    0     0    59 11800 22744  14   2  84   0   0
   3    0            0      7332880       104412      2679624    0    0     0   144 12664 22806  14   2  84   0   0
   8    0            0      7318380       104436      2679628    0    0     0   136 11671 20958  14   2  84   0   0
   0    0            0      7283076       104468      2679700    0    0     0   152 12857 24417  14   2  84   0   0
   0    0            0      7373324       104512      2679640    0    0     0   132 8261 15697  13   1  85   0   0
   0    0            0      7371920       104544      2679656    0    0     0   175 4503 8630  13   1  86   0   0
   1    0            0      7339304       104572      2679656    0    0     0   116 13249 24486  15   2  83   0   0
   4    0            0      7339012       104588      2679656    0    0     0   124 13345 24951  17   2  81   0   0
   2    0            0      7327844       104608      2679788    0    0     0    55 14466 27715  16   2  82   0   0
   2    0            0      7300028       104636      2679792    0    0     0   125 13410 24815  16   2  82   0   0
   1    0            0      7291884       104656      2679808    0    0     0    89 12009 22099  16   2  83   0   0
   1    0            0      7285108       104676      2679808    0    0     0   172 7566 14398  15   1  83   0   0
   1    0            0      7278988       104692      2679816    0    0     0    63 8799 16723  14   1  84   0   0
   2    0            0      7258024       104708      2679824    0    0     0   160 7491 14186  15   1  84   0   0
   0    0            0      7351380       104724      2679824    0    0     0    55 13922 25612  17   2  81   0   0
   0    0            0      7310628       104744      2679840    0    0     0   143 15111 27397  17   2  81   0   0
   2    0            0      7302404       104756      2679844    0    0     0    55 14147 25073  18   3  79   0   0
   1    0            0      7286576       104776      2679852    0    0     0   159 17319 32085  15   3  82   0   0
   0    0            0      7294816       104804      2660372    0    0     0    85 9556 17330  16   2  82   0   0
   1    0            0      7362956       104836      2684720    0    0     0    55 4248 8817  15   1  84   0   0
--procs-- -----------------------memory---------------------- ---swap-- -----io---- -system-- --------cpu--------
   r    b         swpd         free         buff        cache   si   so    bi    bo   in   cs  us  sy  id  wa  st
   2    0            0      7325508       104864      2684724    0    0     0    91 8594 16618  14   1  85   0   0
   1    0            0      7311072       104896      2684728    0    0     0    60 11293 21935  16   2  82   0   0
   4    0            0      7286640       104908      2684732    0    0     0    92 8440 17444  15   1  84   0   0
   1    0            0      7272424       104932      2684748    0    0     0    60 9343 18899  15   2  84   0   0
   1    0            0      7267280       104960      2684752    0    0     0    67 9004 16838  14   2  84   0   0
   2    0            0      7257244       104988      2684772    0    0     0    71 8947 16532  14   2  84   0   0
   1    0            0      7269500       105004      2684772    0    0     0    87 9498 18544  15   2  83   0   0
   4    0            0      7391556       105008      2684776    0    0     0   413 9567 18560  15   2  83   0   0
   1    0            0      7381320       105024      2684776    0    0     0    53 7786 15095  15   1  84   0   0
   0    0            0      7366368       105044      2684784    0    0     0    89 5887 11621  14   1  85   0   0
   0    0            0      7404612       105060      2684708    0    0     0   221 6608 13283  15   1  83   0   0
   1    0            0      7404660       105100      2684848    0    0     0    88 4920 10106  13   1  86   0   0
   1    0            0      7386012       105124      2684728    0    0     0    55 9153 17360  14   2  84   0   0
   0    0            0      7890772       105148      2190312    0    0     0    60 11520 20428  11   3  86   0   0
   0    0            0      7870760       105172      2190416    0    0     0    92 11772 21191  10   2  89   0   0
   0    0            0      7867788       105196      2190448    0    0     0    77 5193 10067   9   1  90   0   0
   1    0            0      7853708       105228      2190552    0    0     0    56 5787 11497  10   1  89   0   0
   4    0            0      7846472       105252      2190476    0    0     0    63 11999 23526  11   2  87   0   0
   1    0            0      7812304       105284      2190480    0    0     0    87 11850 23420  11   2  87   0   0
   8    0            0      7817144       105316      2190480    0    0     0   325 4225 8600   8   1  91   0   0
   0    0            0      7819224       105340      2190480    0    0     0    85 4273 8860   8   1  91   0   0
--procs-- -----------------------memory---------------------- ---swap-- -----io---- -system-- --------cpu--------
   r    b         swpd         free         buff        cache   si   so    bi    bo   in   cs  us  sy  id  wa  st
   1    0            0      7803904       105360      2190480    0    0     0    60 4043 8386   8   1  91   0   0
   0    0            0      7803400       105376      2190480    0    0     0    92 4148 8351   9   1  90   0   0
   0    0            0      7901764       105396      2190496    0    0     0    60 9393 17816  12   2  86   0   0
   8    0            0      7897688       105416      2190508    0    0     0    59 11121 21030  12   2  87   0   0
   0    0            0      7856216       105444      2190508    0    0     0    97 11990 22843  12   2  86   0   0
   0    0            0      7833564       105464      2190536    0    0     0    61 12676 24763  11   2  87   0   0
   0    0            0      7857852       105480      2190536    0    0     0    60 11185 21589  11   2  87   0   0
   1    0            0      7856872       105508      2195968    0    0     0    55 4037 8293  10   1  89   0   0
   1    0            0      7360440       105536      2684496    0    0     0    91 4449 8896  14   2  84   0   0
   2    0            0      7379608       105548      2684512    0    0     0   104 11147 21836  15   2  83   0   0
   0    0            0      7365900       105560      2684520    0    0     0   417 8617 16352  14   1  84   0   0
   0    0            0      7357724       105576      2684520    0    0     0   140 17116 31682  18   3  79   0   0
   0    0            0      7326192       105596      2684524    0    0     0    60 16533 32556  16   2  82   0   0
   9    0            0      7321172       105616      2684524    0    0     0   108 9548 18627  14   1  84   0   0
   9    0            0      7309592       105636      2684540    0    0     0    65 4795 8773  12   1  86   0   0
   0    0            0      7305600       105656      2684540    0    0     0    55 4693 8891  13   1  86   0   0
   3    0            0      7257352       105676      2684544    0    0     0    60 15837 28073  14   3  83   0   0
   1    0            0      7236476       105700      2684556    0    0     0    95 16959 31134  15   2  82   0   0
   3    0            0      7325608       105712      2684556    0    0     0    56 14190 26307  16   3  81   0   0
   2    0            0      7320280       105744      2684592    0    0     0    53 11773 21199  16   2  82   0   0
   2    0            0      7314880       105764      2684592    0    0     0    79 4301 8617  12   1  87   0   0
--procs-- -----------------------memory---------------------- ---swap-- -----io---- -system-- --------cpu--------
   r    b         swpd         free         buff        cache   si   so    bi    bo   in   cs  us  sy  id  wa  st
   8    0            0      7302040       105788      2684592    0    0     0   120 4127 8623  13   1  87   0   0
   0    0            0      7301048       105804      2684608    0    0     0   416 4288 8648  13   1  86   0   0
   1    0            0      7261604       105816      2684608    0    0     0    97 11426 21877  15   2  83   0   0
   1    0            0      7249672       105844      2684716    0    0     0    83 17569 30646  16   2  82   0   0
   1    0            0      7217968       105872      2684628    0    0     0   145 16801 29433  16   2  82   0   0
   0    0            0      7200488       105900      2684772    0    0     0    55 14718 27022  16   2  82   0   0
   0    0            0      7188980       105908      2684772    0    0     0    56 4623 9448  13   1  86   0   0
   1    0            0      7199776       105928      2684776    0    0     0    59 4172 8599  13   1  86   0   0
   1    0            0      7368176       105952      2684776    0    0     0    91 4302 8789  14   1  85   0   0
   1    0            0      7366916       105968      2684776    0    0     0    55 4205 8468  14   1  85   0   0
   1    0            0      7379796       105984      2684780    0    0     0    55 12817 23438  16   2  82   0   0
   3    0            0      7359628       106004      2684780    0    0     0    63 13577 24994  16   2  82   0   0
   4    0            0      7334500       106028      2684800    0    0     0    92 9798 18947  20   2  77   0   0
   1    0            0      7291276       106048      2684848    0    0     0   421 13590 26397  18   2  80   0   0
   0    0            0      7259808       106076      2684868    0    0     0    87 13140 22946  16   2  82   0   0
   1    0            0      7205828       106096      2684872    0    0     0   167 4622 8596  12   1  87   0   0
   0    0            0      7206864       106132      2684872    0    0     0   133 4310 8931  12   1  88   0   0
   1    0            0      7216300       106156      2684872    0    0     0    55 4380 8637  17   1  83   0   0
   1    0            0      7334480       106180      2684872    0    0     0    56 13689 28027  20   3  78   0   0
   1    0            0      7283844       106200      2684872    0    0     0    60 12211 25566  19   2  79   0   0
   1    0            0      7276860       106216      2684872    0    0     0    91 11897 23087  17   2  81   0   0
--procs-- -----------------------memory---------------------- ---swap-- -----io---- -system-- --------cpu--------
   r    b         swpd         free         buff        cache   si   so    bi    bo   in   cs  us  sy  id  wa  st
   3    0            0      7275188       106240      2685096    0    0     0    60 4383 8694  17   1  83   0   0
   2    0            0      7276324       106288      2685080    0    0     0   136 4586 9013  14   1  85   0   0
   1    0            0      7274828       106316      2685120    0    0     0    93 4402 8579  13   1  86   0   0
   1    0            0      7257148       106344      2685120    0    0     0   104 9025 16975  15   1  84   0   0
   1    0            0      7333492       106372      2685120    0    0     0   337 12573 24227  17   2  81   0   0
   1    0            0      7314376       106400      2685124    0    0     0   148 10008 19156  14   2  84   0   0
   0    0            0      7293916       106432      2684872    0    0     0    60 11286 21111  16   2  82   0   0
   1    0            0      7250108       106460      2685144    0    0     0    59 5419 10398  14   1  85   0   0
   0    0            0      7268152       106496      2685136    0    0     0    80 4456 8712  12   1  87   0   0
   0    0            0      7268936       106536      2685144    0    0     0   200 4759 9058  12   1  87   0   0
   1    0            0      7381188       106548      2685148    0    0     0   100 4530 8822  14   1  85   0   0
   0    0            0      7380252       106564      2685164    0    0     0   287 4220 8766  13   1  86   0   0
   8    0            0      7341156       106588      2685060    0    0     0    77 9453 17952  14   2  84   0   0
   2    0            0      7345604       106656      2685512    0    0     0  3441 11245 22318  18   2  80   0   0
   1    0            0      7327620       106684      2685512    0    0     0   433 11533 20791  14   2  84   0   0
   1    0            0      7336544       106716      2685512    0    0     0   103 4834 8820  13   1  86   0   0
   1    0            0      7325964       106736      2685512    0    0     0    60 4563 8496  11   1  88   0   0
   3    0            0      7317816       106760      2685512    0    0     0   123 6794 12669  15   1  84   0   0
   1    0            0      7286476       106784      2685512    0    0     0    64 12389 22816  16   2  82   0   0
   0    0            0      7266852       106812      2685560    0    0     0    99 13468 24032  15   2  83   0   0
   0    0            0      7343232       106828      2685544    0    0     0    63 13725 25259  15   2  83   0   0
--procs-- -----------------------memory---------------------- ---swap-- -----io---- -system-- --------cpu--------
   r    b         swpd         free         buff        cache   si   so    bi    bo   in   cs  us  sy  id  wa  st
   9    0            0      7339576       106856      2685548    0    0     0    53 7923 14968  12   1  87   0   0
   0    0            0      7306556       106876      2685564    0    0     0    75 4191 9134  10   1  89   0   0
   0    0            0      7303056       106912      2685564    0    0     0   141 4290 8627  11   1  88   0   0
   0    0            0      7282652       106932      2685564    0    0     0   801 4345 9059  11   1  88   0   0
   1    0            0      7281392       106956      2685568    0    0     0    60 4416 8797  13   1  86   0   0
   2    0            0      7241232       106980      2685568    0    0     0   431 12325 23477  16   2  82   0   0
   0    0            0      7224264       106988      2685568    0    0     0   103 15525 30119  16   2  81   0   0
   1    0            0      7198592       107000      2685800    0    0     0    55 13819 25059  16   2  83   0   0
   6    0            0      7307788       107028      2685872    0    0     0   141 10335 19263  16   2  82   0   0
   1    0            0      7284044       107088      2685696    0    0     0   219 6150 11998  14   1  85   0   0
   1    0            0      7283332       107112      2685696    0    0     0   151 4367 8501  13   1  86   0   0
   1    0            0      7269888       107132      2685712    0    0     0    65 4213 8556  13   1  86   0   0
   0    0            0      7348696       107160      2685728    0    0     0    55 4541 9288  15   1  84   0   0
   1    0            0      7344508       107176      2685728    0    0     0    63 5798 11135  15   1  84   0   0
   8    0            0      7315748       107196      2685728    0    0     0    93 16182 29359  16   2  82   0   0
   1    0            0      7290360       107216      2685540    0    0     0    57 15776 28978  14   2  84   0   0
   1    0            0      7278248       107244      2685732    0    0     0    59 14846 26476  14   2  84   0   0
   0    0            0      7248452       107276      2685732    0    0     0   416 10921 19453  13   1  86   0   0
   0    0            0      7307644       107320      2685732    0    0     0   125 11708 21139  14   2  84   0   0
   1    0            0      7262396       107340      2685732    0    0     0   115 17122 30474  13   2  85   0   0
   1    0            0      7235920       107368      2685732    0    0     0   217 17014 29010  13   2  84   0   0
--procs-- -----------------------memory---------------------- ---swap-- -----io---- -system-- --------cpu--------
   r    b         swpd         free         buff        cache   si   so    bi    bo   in   cs  us  sy  id  wa  st
   3    0            0      7232496       107396      2685536    0    0     0    72 15439 27091  15   2  83   0   0
   2    0            0      7188444       107428      2685748    0    0     0   189 14258 26716  15   2  83   0   0
   1    0            0      7177888       107452      2685748    0    0     0    55 14059 25802  15   2  83   0   0
   2    0            0      7157168       107472      2685748    0    0     0    67 5966 11871  14   1  85   0   0
   0    0            0      7155892       107488      2685748    0    0     0    59 4253 8683  13   1  86   0   0
   1    0            0      7155940       107512      2685768    0    0     0   127 4251 8463  14   1  85   0   0
   1    0            0      7166200       107532      2685776    0    0     0    55 4154 8407  14   1  85   0   0
   0    0            0      7143268       107556      2685780    0    0     0    73 4530 8917  14   1  85   0   0
   2    0            0      7149344       107572      2685780    0    0     0   305 4200 8528  13   1  86   0   0
   1    0            0      7328020       107584      2685780    0    0     0   123 4215 8812  13   1  85   0   0
   3    0            0      7327272       107604      2685796    0    0     0    61 4137 8342  13   1  86   0   0
   1    0            0      7298544       107632      2685796    0    0     0    85 4386 8937  13   1  86   0   0
   1    0            0      7298040       107640      2685796    0    0     0    59 4478 8750  13   1  86   0   0
   3    0            0      7290724       107660      2685700    0    0     0   108 5000 9995  13   1  85   0   0
   1    0            0      7277192       107688      2685796    0    0     0    60 12852 24654  17   2  81   0   0
   1    0            0      7243964       107720      2685796    0    0     0    75 15242 26916  16   2  82   0   0
   0    0            0      7231192       107752      2685796    0    0     0    60 10063 18319  15   2  83   0   0
   0    0            0      7321616       107768      2685796    0    0     0   112 4581 8406  13   1  86   0   0
   0    0            0      7305752       107800      2685812    0    0     0    89 4497 8626  14   1  85   0   0
   2    0            0      7303488       107820      2685812    0    0     0   412 4583 8931  13   1  86   0   0
   0    0            0      7284896       107836      2685828    0    0     0    63 5655 10761  13   1  86   0   0
--procs-- -----------------------memory---------------------- ---swap-- -----io---- -system-- --------cpu--------
   r    b         swpd         free         buff        cache   si   so    bi    bo   in   cs  us  sy  id  wa  st
   2    0            0      7314280       107852      2685828    0    0     0   125 13115 23257  16   2  82   0   0
   2    0            0      7290096       107880      2685828    0    0     0    55 14900 27047  16   2  82   0   0
   1    0            0      7271408       107896      2685828    0    0     0    68 14801 27913  16   2  82   0   0
   1    0            0      7282492       107920      2685828    0    0     0    59 4356 9086  14   1  85   0   0
   0    0            0      7277956       107948      2685832    0    0     0   107 4336 8697  14   1  85   0   0
   1    0            0      7261240       107956      2685832    0    0     0    65 4286 8514  14   1  85   0   0
   4    0            0      7351388       107980      2685832    0    0     0    79 11301 20715  15   2  84   0   0
   0    0            0      7323660       107984      2685832    0    0     0   107 11647 21413  15   2  83   0   0
   0    0            0      7300568       108000      2685832    0    0     0    73 10567 20346  18   2  80   0   0
   0    0            0      7283644       108004      2685848    0    0     0    61 12455 23647  14   2  84   0   0
   0    0            0      7287796       108004      2685864    0    0     0   451 5496 11098  11   1  88   0   0
   1    0            0      7262256       108036      2685864    0    0     0    88 4386 8675  11   1  88   0   0
   0    0            0      7339024       108056      2685864    0    0     0   121 4299 8457  13   1  86   0   0
   8    0            0      7339352       108088      2685864    0    0     0    55 4348 8655  13   1  87   0   0
   0    0            0      7344140       108116      2685868    0    0     0    73 4341 8890  12   1  87   0   0
   1    0            0      7277180       108140      2685868    0    0     0    61 14393 25256  15   3  82   0   0
   1    0            0      7247096       108164      2686080    0    0     0   123 15979 26064  14   3  83   0   0
   2    0            0      7243052       108188      2685868    0    0     0   263 7343 12532  12   1  87   0   0
   1    0            0      7263692       108228      2685868    0    0     0    88 4585 8719  12   1  87   0   0
   1    0            0      7263448       108256      2685884    0    0     0    63 4479 8516  12   1  87   0   0
   0    0            0      7332648       108268      2685884    0    0     0   120 4511 8948  12   1  87   0   0
--procs-- -----------------------memory---------------------- ---swap-- -----io---- -system-- --------cpu--------
   r    b         swpd         free         buff        cache   si   so    bi    bo   in   cs  us  sy  id  wa  st
   1    0            0      7331644       108284      2685884    0    0     0    59 4261 8654  11   1  88   0   0
   0    0            0      7310872       108308      2685860    0    0     0    73 4413 8602  11   1  89   0   0
   0    0            0      7307596       108328      2685884    0    0     0    59 4310 8277  11   1  88   0   0
   0    0            0      8315980       108364      1839008    0    0     0   383 8502 17233  19   3  78   0   0
   3    0            0      8304028       108400      1842120    0    0     0   373 6303 11796  13   1  85   0   0
   0    0            0      8364040       108420      1842120    0    0     0    71 8875 16186   9   2  89   0   0
   1    0            0      7527608       108448      2658740    0    0     0   155 12326 23741  29   3  68   0   0
   1    0            0      7457884       108496      2686032    0    0     0   263 13430 25775  19   2  78   0   0
   1    0            0      7430336       108508      2686192    0    0     0    65 13335 25395  23   2  75   0   0
   2    0            0      7418000       108528      2686196    0    0     0    53 5560 11092  13   1  86   0   0
   1    0            0      7352564       108544      2686196    0    0     0    60 16011 28219  17   3  81   0   0
   0    0            0      7411636       108556      2686196    0    0     0    93 10136 17684  16   2  82   0   0
   0    0            0      7405332       108572      2686196    0    0     0    55 4281 8506  14   1  86   0   0
   0    0            0      7350940       108584      2686076    0    0     0    53 5758 11136  14   2  85   0   0
   1    0            0      7339200       108604      2686200    0    0     0   136 15309 27488  16   3  81   0   0
   0    0            0      7298236       108628      2686108    0    0     0   107 12038 22878  15   2  83   0   0
   0    0            0      7275412       108656      2686196    0    0     0    61 10360 19403  14   2  84   0   0
   1    0            0      7277980       108672      2686212    0    0     0   104 4487 8781  14   1  85   0   0
   3    0            0      7250436       108704      2686232    0    0     0   152 4140 8416  13   1  86   0   0
   0    0            0      7258524       108732      2686232    0    0     0   431 4299 8627  13   1  86   0   0
   1    0            0      7393312       108760      2686248    0    0     0    60 4427 9049  13   1  86   0   0
--procs-- -----------------------memory---------------------- ---swap-- -----io---- -system-- --------cpu--------
   r    b         swpd         free         buff        cache   si   so    bi    bo   in   cs  us  sy  id  wa  st
   2    0            0      7378636       108788      2686372    0    0     0    53 5367 10509  13   1  86   0   0
   1    0            0      7344364       108804      2686328    0    0     0    60 11721 21435  14   2  84   0   0
   1    0            0      7304100       108824      2686436    0    0     0    92 10715 21599  13   2  85   0   0
   8    0            0      7283400       108856      2686248    0    0     0    55 8743 16414  14   1  84   0   0
   0    0            0      7346096       108872      2686248    0    0     0    91 4511 8899  13   1  86   0   0
   2    0            0      7350068       108892      2686380    0    0     0    68 4388 8840  14   1  85   0   0
   0    0            0      7347572       108932      2686256    0    0     0   199 4336 8710  13   1  86   0   0
   1    0            0      7326488       108964      2686280    0    0     0    60 9021 16368  15   1  84   0   0
   0    0            0      7342828       108988      2686260    0    0     0   131 10859 21134  17   2  81   0   0
   1    0            0      7316420       109004      2686280    0    0     0    59 10270 19220  15   1  84   0   0
   2    0            0      7273808       109024      2686288    0    0     0   467 6838 12972  15   1  84   0   0
   1    0            0      7291020       109064      2686292    0    0     0    81 4171 8616  14   1  86   0   0
   1    0            0      7255552       109084      2686308    0    0     0    72 4409 8936  14   1  85   0   0
   1    0            0      7264020       109104      2686308    0    0     0    59 4224 8640  14   1  86   0   0
   2    0            0      7242764       109124      2686308    0    0     0   127 7260 14448  14   1  84   0   0
   3    0            0      7214360       109152      2686308    0    0     0    55 11464 21707  16   2  82   0   0
   1    0            0      7297768       109172      2686500    0    0     0    71 10416 19439  17   2  81   0   0
   0    0            0      7279536       109196      2686332    0    0     0    65 7892 14235  14   1  85   0   0
   0    0            0      7247048       109228      2686332    0    0     0   149 4285 8575  14   1  85   0   0
   1    0            0      7272088       109252      2686372    0    0     0    55 4199 8424  13   1  86   0   0
   0    0            0      7278788       109280      2686512    0    0     0    67 4329 8780  13   1  86   0   0
--procs-- -----------------------memory---------------------- ---swap-- -----io---- -system-- --------cpu--------
   r    b         swpd         free         buff        cache   si   so    bi    bo   in   cs  us  sy  id  wa  st
   1    0            0      7272016       109308      2686512    0    0     0    59 4154 8614  13   1  86   0   0
   2    0            0      7238936       109332      2686512    0    0     0   477 10850 19201  14   2  84   0   0
   2    0            0      7214092       109356      2686512    0    0     0    55 15596 27057  14   2  84   0   0
   0    0            0      7164336       109380      2686516    0    0     0    71 11800 20032  11   2  86   0   0
   2    0            0      7323180       109408      2686532    0    0     0    59 4397 8714  10   1  89   0   0
   1    0            0      7317448       109440      2686536    0    0     0   183 4196 8423  11   1  88   0   0
   1    0            0      7305316       109472      2686556    0    0     0    60 4436 9005  14   1  86   0   0
   0    0            0      7285348       109496      2686560    0    0     0    88 4781 9110  13   1  86   0   0
   0    0            0      7284868       109512      2686560    0    0     0    60 4559 8457  12   1  87   0   0
   8    0            0      7298140       109532      2686560    0    0     0   389 4427 8665  12   1  87   0   0
   0    0            0      7358112       109552      2686588    0    0     0    59 11865 21216  16   2  82   0   0
   1    0            0      7326432       109584      2686680    0    0     0    73 15698 27116  16   3  82   0   0
   0    0            0      7314496       109616      2686560    0    0     0    59 8910 15620  14   2  84   0   0
   0    0            0      7299420       109648      2686560    0    0     0   251 4450 8958  11   1  88   0   0
   0    0            0      7297720       109676      2686564    0    0     0    55 4544 8736   9   1  90   0   0
   3    0            0      7290436       109704      2686568    0    0     0    65 4465 9227  10   1  89   0   0
   1    0            0      7287808       109728      2686580    0    0     0    59 4384 8975  11   1  88   0   0
   1    0            0      7363784       109744      2686596    0    0     0   124 6597 12958  13   1  86   0   0
   2    0            0      7351264       109772      2686616    0    0     0    63 12493 22434  15   2  83   0   0
   3    0            0      7295540       109788      2686636    0    0     0   101 11179 21882  15   2  83   0   0
   1    0            0      7289628       109812      2686640    0    0     0    59 9878 18119  14   2  84   0   0
--procs-- -----------------------memory---------------------- ---swap-- -----io---- -system-- --------cpu--------
   r    b         swpd         free         buff        cache   si   so    bi    bo   in   cs  us  sy  id  wa  st
   1    0            0      7273460       109816      2686644    0    0     0   131 4405 8987  11   1  88   0   0
   0    0            0      7276056       109836      2686648    0    0     0    84 4538 9082  11   1  88   0   0
   0    0            0      7252192       109864      2686652    0    0     0    69 4575 8727  12   1  87   0   0
   0    0            0      7264440       109880      2686660    0    0     0    59 4220 8545  13   1  86   0   0
   1    0            0      7331932       109896      2686468    0    0     0   479 8649 14863  15   2  83   0   0
   9    0            0      7293640       109912      2686080    0    0     0    55 9567 16348  14   2  84   0   0
   4    0            0      7277756       109928      2686676    0    0     0    67 8254 14575  14   1  85   0   0
   1    0            0      7282108       109948      2686676    0    0     0    60 4738 9140  13   1  86   0   0
   1    0            0      7257256       109972      2686692    0    0     0   125 4804 8837  13   1  86   0   0
   0    0            0      7357100       109992      2686692    0    0     0    55 4691 8640  13   1  86   0   0
   1    0            0      7348536       110020      2686712    0    0     0    93 4698 8707  13   1  86   0   0
   0    0            0      7330168       110044      2686712    0    0     0    59 4734 8752  13   1  86   0   0
   0    0            0      7354800       110068      2686716    0    0     0   140 13291 24727  16   2  81   0   0
   0    0            0      7303196       110096      2686924    0    0     0    55 17199 29037  15   3  82   0   0
   0    0            0      7292296       110112      2686728    0    0     0    73 8586 15300  14   2  84   0   0
   8    0            0      7278244       110132      2686728    0    0     0    84 4306 8724  12   1  87   0   0
   0    0            0      7296120       110152      2686732    0    0     0   455 4186 8524  12   1  87   0   0
   0    0            0      7270000       110180      2686732    0    0     0    55 4490 8761  13   1  86   0   0
   2    0            0      7281540       110192      2686748    0    0     0    76 4406 9051  13   1  86   0   0
   1    0            0      7328048       110208      2686752    0    0     0   123 12292 23422  16   2  82   0   0
   1    0            0      7304968       110228      2686752    0    0     0    84 15999 29847  16   2  82   0   0
--procs-- -----------------------memory---------------------- ---swap-- -----io---- -system-- --------cpu--------
   r    b         swpd         free         buff        cache   si   so    bi    bo   in   cs  us  sy  id  wa  st
   4    0            0      7264036       110252      2686752    0    0     0    55 14379 25983  15   2  83   0   0
   3    0            0      7272956       110280      2686756    0    0     0    71 5454 11253  13   1  86   0   0
   3    0            0      7255204       110304      2686772    0    0     0    59 4265 8823  12   1  87   0   0
   0    0            0      7253948       110320      2686772    0    0     0   125 4330 8531  12   1  87   0   0
   0    0            0      7225732       110332      2686772    0    0     0    55 4189 8474  12   1  87   0   0
   1    0            0      7212032       110364      2686772    0    0     0   392 4259 8720  11   1  88   0   0
   1    0            0      7320880       110396      2686772    0    0     0    60 10534 19623  16   2  82   0   0
   1    0            0      7299020       110424      2674676    0    0     0   131 13583 25356  22   2  76   0   0
   0    0            0      7260492       110444      2686848    0    0     0    63 12620 24053  18   2  80   0   0
   1    0            0      7241772       110460      2686848    0    0     0   103 6610 11607  14   2  84   0   0
   1    0            0      7254568       110492      2686848    0    0     0    84 4470 8576  13   1  87   0   0
   1    0            0      7318776       110508      2686848    0    0     0   120 4485 8861  14   1  85   0   0
   1    0            0      7317256       110524      2686848    0    0     0    55 4539 8732  12   1  87   0   0
   1    0            0      7303100       110552      2686848    0    0     0   347 4436 8703  13   1  86   0   0
   5    0            0      7357900       110572      2686848    0    0     0    63 7126 13490  14   1  84   0   0
   0    0            0      7329216       110588      2686752    0    0     0   128 12597 23618  16   2  82   0   0
   3    0            0      7280892       110612      2686868    0    0     0    60 10646 20458  16   2  82   0   0
   1    0            0      7249984       110632      2686956    0    0     0   209 11660 22146  15   2  83   0   0
   0    0            0      7245908       110664      2687004    0    0     0    67 4438 9082  14   1  85   0   0
   0    0            0      7244144       110692      2687016    0    0     0   149 4098 8460  13   1  86   0   0
   8    0            0      7331828       110712      2687016    0    0     0    55 4258 8685  14   1  85   0   0
--procs-- -----------------------memory---------------------- ---swap-- -----io---- -system-- --------cpu--------
   r    b         swpd         free         buff        cache   si   so    bi    bo   in   cs  us  sy  id  wa  st
   2    0            0      7330860       110740      2687016    0    0     0    73 4155 8614  13   1  87   0   0
   2    0            0      7297412       110772      2687020    0    0     0    60 9178 16240  15   2  84   0   0
   2    0            0      7270364       110780      2687020    0    0     0    72 15669 26612  16   3  82   0   0
   1    0            0      7235640       110780      2687076    0    0     0    55 15231 27616  16   2  81   0   0
   1    0            0      7236660       110780      2687020    0    0     0    65 4396 8845  13   1  86   0   0
   1    0            0      7240688       110816      2687020    0    0     0    87 4257 8525  13   1  86   0   0
   3    0            0      7241512       110852      2687036    0    0     0    85 4433 8745  13   1  86   0   0
   0    0            0      7218004       110900      2687036    0    0     0   129 4269 8801  12   1  87   0   0
   0    0            0      7220548       110916      2687056    0    0     0   456 4746 9034  12   1  87   0   0
   2    0            0      7335672       110944      2687028    0    0     0    61 8031 14633  13   2  85   0   0
   0    0            0      7295932       110960      2687060    0    0     0   157 15156 26674  16   2  82   0   0
   2    0            0      7279388       110980      2687084    0    0     0    56 14681 26612  20   2  78   0   0
   0    0            0      7254548       111004      2687116    0    0     0    84 12726 23267  19   2  79   0   0
   1    0            0      7255468       111020      2687116    0    0     0    61 6195 12170  15   1  85   0   0
   2    0            0      7294428       111048      2687116    0    0     0    75 4312 8732  14   1  85   0   0
   1    0            0      7292332       111080      2687120    0    0     0    55 4227 8652  12   1  87   0   0
   1    0            0      7279480       111104      2687136    0    0     0   123 4275 8991  14   1  85   0   0
   3    0            0      7266704       111132      2687136    0    0     0    59 4586 9232  12   1  87   0   0
   7    0            0      7333604       111136      2686884    0    0     0    81 14372 26796  16   3  82   0   0
   0    0            0      7293252       111156      2687136    0    0     0    60 16667 31001  18   3  79   0   0
   0    0            0      7268076       111184      2687136    0    0     0   431 12112 21508  15   2  83   0   0
--procs-- -----------------------memory---------------------- ---swap-- -----io---- -system-- --------cpu--------
   r    b         swpd         free         buff        cache   si   so    bi    bo   in   cs  us  sy  id  wa  st
   1    0            0      7230048       111216      2687152    0    0     0    59 4337 8675  14   1  85   0   0
   0    0            0      7255256       111252      2687160    0    0     0   108 4160 8668  14   1  85   0   0
   0    0            0      7235128       111280      2687160    0    0     0    55 4352 8836  13   1  86   0   0
   0    0            0      7362600       111308      2687164    0    0     0    67 4423 9116  14   1  85   0   0
   0    0            0      7321620       111332      2687164    0    0     0    59 5517 10542  14   2  84   0   0
   1    0            0      7275208       111352      2687184    0    0     0   155 18523 33889  17   3  81   0   0
   1    0            0      7244280       111372      2686948    0    0     0    56 16656 32558  16   2  81   0   0
   1    0            0      7240084       111384      2687184    0    0     0    79 10038 18970  15   1  84   0   0
   1    0            0      7227804       111396      2687184    0    0     0    59 4324 8718  14   1  85   0   0
   1    0            0      7226796       111416      2687184    0    0     0    79 4667 8965  13   1  86   0   0
   2    0            0      7332300       111444      2687184    0    0     0    55 4676 8634  15   1  84   0   0
   1    0            0      7333308       111472      2687184    0    0     0   399 4856 8736  14   1  85   0   0
   0    0            0      7302596       111488      2687184    0    0     0    60 7997 16813  14   2  84   0   0
   1    0            0      7270972       111512      2687184    0    0     0    72 15191 28755  16   2  82   0   0
   2    0            0      7226640       111528      2687108    0    0     0    61 16912 30978  17   3  80   0   0
   0    0            0      7214956       111548      2687216    0    0     0    95 6513 12428  14   1  84   0   0
   0    0            0      7186068       111596      2687220    0    0     0    84 4372 8779  14   1  85   0   0
   2    0            0      7308376       111628      2687220    0    0     0   389 4631 9335  15   1  84   0   0
   2    0            0      7309140       111636      2687220    0    0     0    59 4346 8787  15   1  85   0   0
   1    0            0      7312328       111652      2687348    0    0     0    73 4308 8636  14   1  86   0   0
   1    0            0      7304264       111672      2687352    0    0     0    60 4171 8480  13   1  86   0   0
--procs-- -----------------------memory---------------------- ---swap-- -----io---- -system-- --------cpu--------
   r    b         swpd         free         buff        cache   si   so    bi    bo   in   cs  us  sy  id  wa  st
   5    0            0      7318520       111708      2687272    0    0     0   284 12846 24458  17   3  80   0   0
   6    0            0      7259368       111724      2687356    0    0     0    60 14661 26511  16   2  81   0   0
   1    0            0      7263380       111752      2687356    0    0     0    73 7484 14240  13   1  85   0   0
   0    0            0      7261156       111768      2687356    0    0     0    59 4378 8823  13   1  86   0   0
   0    0            0      7244156       111776      2687372    0    0     0    73 4428 8843  13   1  86   0   0
   0    0            0      7232980       111800      2687372    0    0     0    55 4109 8376  12   1  87   0   0
   1    0            0      7242080       111816      2687388    0    0     0   140 4454 8741  13   1  86   0   0
   9    0            0      7326104       111832      2687468    0    0     0    69 12753 23924  16   2  82   0   0
   1    0            0      7284904       111856      2687392    0    0     0   157 14902 28407  15   3  82   0   0
   2    0            0      7266208       111872      2687408    0    0     0    56 8129 14825  14   2  84   0   0
   1    0            0      7251152       111900      2687416    0    0     0    71 4834 9333  13   1  86   0   0
   1    0            0      7260904       111916      2687416    0    0     0    85 4411 8334  12   1  87   0   0
   0    0            0      7257196       111924      2687416    0    0     0   433 4527 8780  12   1  87   0   0
   3    0            0      7219932       111948      2687416    0    0     0    55 4700 9385  13   1  86   0   0
   3    0            0      7316752       111976      2687440    0    0     0    79 15173 30171  17   3  80   0   0
   1    0            0      7294008       111984      2687440    0    0     0    59 17250 31230  16   3  81   0   0
   0    0            0      7271532       111996      2687564    0    0     0   173 17163 32076  16   2  81   0   0
   0    0            0      7244944       112008      2687440    0    0     0    59 7865 14473  14   1  84   0   0
   0    0            0      7240412       112020      2687440    0    0     0    67 4506 8774  13   1  86   0   0
   0    0            0      7215728       112024      2687456    0    0     0    59 4345 8795  14   1  85   0   0
   0    0            0      7332016       112032      2687488    0    0     0    80 4201 8308  14   1  85   0   0
--procs-- -----------------------memory---------------------- ---swap-- -----io---- -system-- --------cpu--------
   r    b         swpd         free         buff        cache   si   so    bi    bo   in   cs  us  sy  id  wa  st
   1    0            0      7329252       112056      2687488    0    0     0    55 4254 8947  14   1  86   0   0
   0    0            0      7317716       112076      2687452    0    0     0    76 12254 23966  17   2  81   0   0
   3    0            0      7269644       112096      2687492    0    0     0    59 14765 25626  17   3  81   0   0
   3    0            0      7225392       112104      2687508    0    0     0   444 14041 25671  16   2  82   0   0
   1    0            0      7225344       112116      2687508    0    0     0    56 4602 9080  14   1  85   0   0
   1    0            0      7210620       112140      2687508    0    0     0    80 4551 8921  14   1  85   0   0
   2    0            0      7226188       112148      2687508    0    0     0    67 4179 8907  14   1  85   0   0
   2    0            0      7200028       112156      2687508    0    0     0   135 4578 8646  13   1  86   0   0
   0    0            0      7221112       112176      2687512    0    0     0    72 4420 8611  13   1  86   0   0
   2    0            0      7205072       112204      2687512    0    0     0    64 11975 22579  16   2  82   0   0
   1    0            0      7301496       112228      2687512    0    0     0    75 16452 29693  17   2  80   0   0
   8    0            0      7258056       112248      2687516    0    0     0    55 13804 24925  17   2  81   0   0
   8    0            0      7249956       112248      2687532    0    0     0    79 9041 15840  15   2  84   0   0
   0    0            0      7222644       112268      2687548    0    0     0    64 4492 8930  14   1  84   0   0
   1    0            0      7223172       112280      2687548    0    0     0    99 4334 8626  14   1  85   0   0
   1    0            0      7224428       112292      2687548    0    0     0   415 4494 8650  13   1  86   0   0
   3    0            0      7232144       112308      2687548    0    0     0    68 4519 8634  14   1  85   0   0
   0    0            0      7182780       112332      2687556    0    0     0    55 12782 23835  16   2  82   0   0
   2    0            0      7160088       112344      2687556    0    0     0    72 14675 28307  17   2  81   0   0
   2    0            0      7289312       112356      2687752    0    0     0   143 13421 23879  18   2  80   0   0
   0    0            0      7286892       112376      2687556    0    0     0    79 4464 8687  13   1  86   0   0
--procs-- -----------------------memory---------------------- ---swap-- -----io---- -system-- --------cpu--------
   r    b         swpd         free         buff        cache   si   so    bi    bo   in   cs  us  sy  id  wa  st
   1    0            0      7326004       112400      2687560    0    0     0    84 4345 8902  15   1  85   0   0
   1    0            0      7323232       112408      2687560    0    0     0   381 4193 8625  13   1  86   0   0
   5    0            0      7308132       112444      2689524    0    0     0   756 5573 11706  24   1  75   0   0
   0    0            0      7297916       112472      2689688    0    0     0    81 6028 11819  32   2  66   0   0
   0    0            0      7339404       112480      2689824    0    0     0    63 12591 23352  21   3  76   0   0
   0    0            0      7280004       112496      2689824    0    0     0    61 15042 26294  17   3  79   0   0
   1    0            0      7251196       112524      2689832    0    0     0   431 12227 23338  16   2  82   0   0
   1    0            0      7246196       112556      2689840    0    0     0   117 5693 11401  14   1  85   0   0
   2    0            0      7246332       112560      2689840    0    0     0    99 4458 8815  14   1  85   0   0
   1    0            0      7326224       112584      2689844    0    0     0    61 4421 8842  14   1  85   0   0
   1    0            0      7326048       112592      2689844    0    0     0   176 4483 8701  13   1  86   0   0
   0    0            0      7299932       112600      2689848    0    0     0    81 10384 18296  14   1  84   0   0
   0    0            0      7266864       112628      2689880    0    0     0    59 13943 25096  16   2  82   0   0
   0    0            0      7246604       112652      2689684    0    0     0   303 13509 23922  16   2  82   0   0
   2    0            0      7220516       112668      2689880    0    0     0   119 11724 20693  16   2  82   0   0
   0    0            0      7216592       112700      2689880    0    0     0    73 6849 13179  13   1  86   0   0
   0    0            0      7318140       112740      2689880    0    0     0    81 4532 8907  15   1  84   0   0
   3    0            0      7314392       112748      2689896    0    0     0    67 4292 8858  13   1  86   0   0
   1    0            0      7293168       112760      2689896    0    0     0   120 4426 9047  14   1  85   0   0
   1    0            0      7239048       112776      2689896    0    0     0    96 15731 26750  17   2  81   0   0
   0    0            0      7218952       112796      2689900    0    0     0    53 14774 27500  17   2  81   0   0
--procs-- -----------------------memory---------------------- ---swap-- -----io---- -system-- --------cpu--------
   r    b         swpd         free         buff        cache   si   so    bi    bo   in   cs  us  sy  id  wa  st
   2    0            0      7216684       112800      2689900    0    0     0    69 8084 17386  14   1  85   0   0
   2    0            0      7208748       112824      2689920    0    0     0   141 4232 8611  13   1  86   0   0
   4    0            0      7195652       112864      2689920    0    0     0   453 4292 8739  13   1  86   0   0
   0    0            0      7302172       112880      2689924    0    0     0    59 4425 9278  14   1  85   0   0
   1    0            0      7304056       112888      2689924    0    0     0    59 4320 8418  13   1  86   0   0
   0    0            0      7285868       112892      2689924    0    0     0   124 6945 13805  12   1  86   0   0
   1    0            0      7298884       112912      2689928    0    0     0   113 15482 28548  18   2  80   0   0
   0    0            0      7261528       112936      2689928    0    0     0    53 12954 23776  22   3  75   0   0
   8    0            0      7259108       112956      2689928    0    0     0    95 4428 8414  13   1  86   0   0
   1    0            0      7260548       112960      2689928    0    0     0   148 4210 8272  13   1  86   0   0
   1    0            0      7264032       112972      2689944    0    0     0    61 4524 8592  13   1  86   0   0
   1    0            0      7248464       112996      2689960    0    0     0    60 5029 8842  14   1  85   0   0
   1    0            0      7247204       113004      2689960    0    0     0    69 4684 8476  11   1  88   0   0
   1    0            0      7250984       113016      2689948    0    0     0   113 4585 8649  11   1  88   0   0
   3    0            0      7204236       113028      2689960    0    0     0   413 12541 20640  13   2  85   0   0
   0    0            0      7186988       113040      2689848    0    0     0    53 15270 26617  13   2  84   0   0
   0    0            0      7258316       113056      2689960    0    0     0    59 9959 18132  13   2  86   0   0
   0    0            0      7236324       113068      2689960    0    0     0   115 4334 8859  12   1  87   0   0
   0    0            0      7244816       113080      2689960    0    0     0    55 4653 9116  14   1  86   0   0
   0    0            0      7226076       113108      2689960    0    0     0    53 4617 9005  13   1  86   0   0
   0    0            0      7223564       113120      2689960    0    0     0    91 4433 8559  14   1  85   0   0
--procs-- -----------------------memory---------------------- ---swap-- -----io---- -system-- --------cpu--------
   r    b         swpd         free         buff        cache   si   so    bi    bo   in   cs  us  sy  id  wa  st
   2    0            0      7192892       113132      2689976    0    0     0   135 6454 12456  14   1  85   0   0
   1    0            0      7188180       113144      2689868    0    0     0    64 14556 26034  15   2  83   0   0
   3    0            0      7169288       113168      2690072    0    0     0    83 13978 26983  15   2  82   0   0
   2    0            0      7147380       113200      2689996    0    0     0   132 15245 28815  16   2  82   0   0
   1    0            0      7288624       113212      2690016    0    0     0   128 6828 12411  15   1  84   0   0
   3    0            0      7287936       113232      2690012    0    0     0   477 4441 8781  14   1  85   0   0
   3    0            0      7290004       113240      2690016    0    0     0    60 4468 9095  13   1  86   0   0
   1    0            0      7258980       113240      2690016    0    0     0    60 5874 10931  14   1  85   0   0
  10    0            0      7287300       113256      2690084    0    0     0   117 17075 32571  17   2  80   0   0
   2    0            0      7256844       113256      2690016    0    0     0    55 14322 26240  16   2  82   0   0
   0    0            0      7269428       113272      2690036    0    0     0    67 4507 9138  13   1  86   0   0
   0    0            0      7267452       113292      2690036    0    0     0   149 4455 9015  14   1  85   0   0
   3    0            0      7220140       113304      2690036    0    0     0   120 4341 8445  12   1  87   0   0
   1    0            0      7240912       113320      2690036    0    0     0    61 4727 8581  13   1  86   0   0
   2    0            0      7231900       113348      2690048    0    0     0    53 4647 8924  12   1  87   0   0
   2    0            0      7244400       113364      2690048    0    0     0    67 4173 8272  12   1  87   0   0
   5    0            0      7323296       113372      2690316    0    0     0   125 13564 24280  16   2  82   0   0
   4    0            0      7276488       113380      2690200    0    0     0   416 9822 18298  15   2  83   0   0
   1    0            0      7241828       113400      2690064    0    0     0    59 11766 21067  15   2  83   0   0
   3    0            0      7215400       113412      2690064    0    0     0    59 4805 9619  12   1  87   0   0
   8    0            0      7226920       113436      2690080    0    0     0   147 4242 8831  12   1  87   0   0
--procs-- -----------------------memory---------------------- ---swap-- -----io---- -system-- --------cpu--------
   r    b         swpd         free         buff        cache   si   so    bi    bo   in   cs  us  sy  id  wa  st
   1    0            0      7322848       113452      2690080    0    0     0    59 4293 9072  12   1  87   0   0
   8    0            0      7325392       113468      2690080    0    0     0    65 4455 8949  13   1  86   0   0
   8    0            0      7284708       113492      2690080    0    0     0   160 8686 16206  14   2  84   0   0
   1    0            0      7257784       113512      2690080    0    0     0    57 16456 31602  15   3  82   0   0
   1    0            0      7272820       113528      2689868    0    0     0    55 14596 26936  17   2  80   0   0
   1    0            0      7261996       113536      2690080    0    0     0    53 8098 14807  15   1  84   0   0
   1    0            0      7255948       113548      2690080    0    0     0    64 4321 8582  13   1  86   0   0
   1    0            0      7315864       113560      2690068    0    0     0   111 4397 8941  14   1  85   0   0
   2    0            0      7316656       113572      2690096    0    0     0   421 4359 8660  13   1  86   0   0
   3    0            0      7322132       113588      2690120    0    0     0    69 4358 8758  13   1  87   0   0
   6    0            0      7285072       113596      2690120    0    0     0    59 8277 15096  13   1  85   0   0
   0    0            0      7246300       113608      2690152    0    0     0   119 16030 25803  14   2  83   0   0
   1    0            0      7211264       113616      2690552    0    0     0    56 16969 27221  13   3  84   0   0
   0    0            0      7207304       113632      2690248    0    0     0    53 5734 10167  13   1  86   0   0
   3    0            0      7202552       113672      2690252    0    0     0   103 4580 8719  13   1  86   0   0
   1    0            0      7158512       113692      2690232    0    0     0   120 4544 8496  13   1  87   0   0
   0    0            0      7176484       113704      2690244    0    0     0   112 4580 8978  12   1  87   0   0
   1    0            0      7175808       113716      2690260    0    0     0    53 4415 8659  12   1  87   0   0
   1    0            0      7185380       113728      2690260    0    0     0    59 4205 8462  12   1  88   0   0
   1    0            0      7314532       113752      2690280    0    0     0   155 11509 21307  16   2  82   0   0
   1    0            0      7286576       113764      2690280    0    0     0   387 14835 24768  16   2  82   0   0
--procs-- -----------------------memory---------------------- ---swap-- -----io---- -system-- --------cpu--------
   r    b         swpd         free         buff        cache   si   so    bi    bo   in   cs  us  sy  id  wa  st
   2    0            0      7277732       113780      2690296    0    0     0    64 7997 14961  15   2  83   0   0
   2    0            0      7277476       113804      2690292    0    0     0    61 4263 8558  11   1  88   0   0
   1    0            0      7278004       113808      2690296    0    0     0   132 4161 8527  13   1  86   0   0
   0    0            0      7284724       113816      2690300    0    0     0    92 4187 8827  12   1  87   0   0
   1    0            0      7282488       113848      2690304    0    0     0    53 4347 8595   9   1  91   0   0
   0    0            0      7239880       113872      2690712    0    0     0   111 7271 13535  10   1  89   0   0
   1    0            0      7310880       113880      2690484    0    0     0   121 14868 24625  12   2  86   0   0
   8    0            0      7263144       113908      2690172    0    0     0    55 14125 24198  12   2  85   0   0
   0    0            0      7248528       113924      2690324    0    0     0    60 8910 15679  10   1  89   0   0
   2    0            0      7243788       113940      2690356    0    0     0   419 4298 8498  14   1  85   0   0
   1    0            0      7218608       113960      2690356    0    0     0   151 4175 8540  13   1  86   0   0
   1    0            0      7234820       113968      2690356    0    0     0    55 4290 8411  13   1  86   0   0
   1    0            0      7205832       113980      2690356    0    0     0    55 4415 8617  13   1  86   0   0
   1    0            0      7214936       113992      2690344    0    0     0   157 4554 8398  13   1  86   0   0
   3    0            0      7191448       114004      2690288    0    0     0   125 9889 16734  14   2  84   0   0
   3    0            0      7171532       114024      2690376    0    0     0   160 13285 23296  15   2  83   0   0
   2    0            0      7124708       114040      2690376    0    0     0    53 15706 26292  15   2  82   0   0
   1    0            0      7107064       114064      2690376    0    0     0   124 7329 13441  13   1  86   0   0
   0    0            0      7114696       114096      2690392    0    0     0   267 4296 8569  11   1  88   0   0
   0    0            0      7280740       114112      2690400    0    0     0   144 4267 9121  12   1  87   0   0
   0    0            0      7287488       114128      2690512    0    0     0    61 4504 9041  13   1  86   0   0
--procs-- -----------------------memory---------------------- ---swap-- -----io---- -system-- --------cpu--------
   r    b         swpd         free         buff        cache   si   so    bi    bo   in   cs  us  sy  id  wa  st
   5    0            0      7287992       114152      2690512    0    0     0   124 4246 8814  12   1  87   0   0
   0    0            0      7331488       114152      2690068    0    0     0   128 4582 8865  14   1  86   0   0
   1    0            0      7325916       114176      2690068    0    0     0    61 11510 21406  16   2  82   0   0
   2    0            0      7303544       114204      2690072    0    0     0   147 14837 24583  15   2  82   0   0
   1    0            0      7258436       114232      2690072    0    0     0    63 10733 19076  14   2  84   0   0
   1    0            0      7255436       114252      2690072    0    0     0    53 4312 8508  12   1  87   0   0
   3    0            0      7288776       114280      2690088    0    0     0   139 4384 8975  14   1  85   0   0
   1    0            0      7285504       114308      2690104    0    0     0    61 4502 8822  13   1  86   0   0
   1    0            0      7286168       114312      2690108    0    0     0    71 4294 8546  11   1  87   0   0
   0    0            0      7284704       114312      2690112    0    0     0   120 4339 8720  12   1  87   0   0
   1    0            0      7316756       114324      2688700    0    0     0   424 13840 23682  23   2  75   0   0
   1    0            0      7240888       114348      2688700    0    0     0    53 14486 24960  20   2  78   0   0
   1    0            0      7239672       114364      2688700    0    0     0    59 7740 13796  15   1  84   0   0
   0    0            0      7239996       114384      2688688    0    0     0   121 4612 8851  13   1  86   0   0
   0    0            0      7227164       114400      2688700    0    0     0    55 4734 8880  12   1  87   0   0
   1    0            0      7231592       114424      2688700    0    0     0    53 4563 8642  12   1  87   0   0
   1    0            0      7223176       114436      2688704    0    0     0    60 4381 8510  12   1  87   0   0
   0    0            0      7343760       114444      2688716    0    0     0   139 6765 12273  14   1  85   0   0
   2    0            0      7316572       114464      2688720    0    0     0   105 16118 28927  15   2  83   0   0
   2    0            0      7260464       114484      2688736    0    0     0    61 16054 27245  15   3  83   0   0
   1    0            0      7260164       114508      2688736    0    0     0    64 4430 8836  12   1  87   0   0
--procs-- -----------------------memory---------------------- ---swap-- -----io---- -system-- --------cpu--------
   r    b         swpd         free         buff        cache   si   so    bi    bo   in   cs  us  sy  id  wa  st
   5    0            0      7261984       114520      2688736    0    0     0   140 4474 8787  13   1  86   0   0
   8    0            0      7260220       114532      2688736    0    0     0   417 4197 8476  13   1  86   0   0
   0    0            0      7345744       114564      2688736    0    0     0    63 4612 9083  14   1  85   0   0
   0    0            0      7344232       114580      2688736    0    0     0    60 4168 8760  13   1  86   0   0
   0    0            0      7282860       114596      2688736    0    0     0   131 13532 22695  16   2  82   0   0
   3    0            0      7216936       114616      2688740    0    0     0    55 16481 26991  17   3  81   0   0
   0    0            0      7220748       114632      2688760    0    0     0    59 12014 21185  15   2  83   0   0
   2    0            0      7218000       114648      2688760    0    0     0    59 4253 8625  12   1  87   0   0
   3    0            0      7209404       114660      2688764    0    0     0   133 4266 8507  13   1  86   0   0
   1    0            0      7316428       114688      2688940    0    0     0   117 4364 9025  13   1  86   0   0
   1    0            0      7286708       114720      2688768    0    0     0   209 4530 9283  13   1  87   0   0
   1    0            0      7284692       114752      2688760    0    0     0    59 4125 8529  12   1  87   0   0
   5    0            0      7327864       114768      2689040    0    0     0   131 9276 16676  15   2  84   0   0
   3    0            0      7291844       114772      2688784    0    0     0   456 16831 27890  15   2  83   0   0
   2    0            0      7247532       114784      2688784    0    0     0    61 18202 28694  15   3  82   0   0
   0    0            0      7245056       114792      2688776    0    0     0    59 5834 10963  12   1  87   0   0
   2    0            0      7249768       114824      2688800    0    0     0   157 4465 8611  12   1  87   0   0
   0    0            0      7229096       114852      2688800    0    0     0    59 4631 8807  12   1  87   0   0
   0    0            0      7237940       114884      2688796    0    0     0    53 4520 8746  12   1  87   0   0
   9    0            0      7335840       114888      2688804    0    0     0   132 4597 8795  14   1  85   0   0
   1    0            0      7334660       114900      2688804    0    0     0    55 4115 8627  12   1  87   0   0
--procs-- -----------------------memory---------------------- ---swap-- -----io---- -system-- --------cpu--------
   r    b         swpd         free         buff        cache   si   so    bi    bo   in   cs  us  sy  id  wa  st
   3    0            0      7283932       114920      2688804    0    0     0    96 12599 24498  15   2  83   0   0
   1    0            0      7259680       114936      2688804    0    0     0    53 15230 27865  16   2  82   0   0
   0    0            0      7234472       114964      2688804    0    0     0    64 14894 26478  16   3  82   0   0
   1    0            0      7231520       114972      2688804    0    0     0   133 4350 8626  13   1  86   0   0
   1    0            0      7221136       114984      2688820    0    0     0   417 4388 9126  12   1  87   0   0
   1    0            0      7210532       115000      2688840    0    0     0    69 4353 8784  13   1  87   0   0
   3    0            0      7217084       115020      2688844    0    0     0    60 4205 8466  12   1  87   0   0
   1    0            0      7320044       115048      2688844    0    0     0   124 8598 15360  13   2  85   0   0
   0    0            0      7287932       115060      2688844    0    0     0    55 15277 29268  16   2  82   0   0
   0    0            0      7267620       115080      2688844    0    0     0    53 15427 25430  16   2  82   0   0
   0    0            0      7247976       115092      2688848    0    0     0    59 8745 15901  14   1  85   0   0
   9    0            0      7239436       115100      2688848    0    0     0   119 4260 8646  14   1  86   0   0
   0    0            0      7327832       115116      2688848    0    0     0   109 4399 8901  14   1  85   0   0
   0    0            0      7327656       115136      2688852    0    0     0    53 4281 8829  12   1  87   0   0
   1    0            0      7309076       115136      2688852    0    0     0    65 4650 8538  13   1  86   0   0
   1    0            0      7278928       115140      2688868    0    0     0   131 13744 24207  14   2  84   0   0
   1    0            0      7308756       115156      2688868    0    0     0   389 14651 26523  15   2  83   0   0
   1    0            0      7272932       115180      2688884    0    0     0    64 13250 23273  15   2  83   0   0
   0    0            0      7250852       115184      2688884    0    0     0    59 11450 21398  15   1  84   0   0
   2    0            0      7247832       115192      2688884    0    0     0   119 4250 8618  11   1  88   0   0
   1    0            0      7251388       115204      2688884    0    0     0    55 4286 8541  13   1  86   0   0
--procs-- -----------------------memory---------------------- ---swap-- -----io---- -system-- --------cpu--------
   r    b         swpd         free         buff        cache   si   so    bi    bo   in   cs  us  sy  id  wa  st
   2    0            0      7227708       115224      2688884    0    0     0    53 7361 13583  13   1  86   0   0
   3    0            0      7307136       115240      2688884    0    0     0    87 11487 22003  15   2  83   0   0
   1    0            0      7268244       115240      2688884    0    0     0   119 12481 23296  15   2  83   0   0
   9    0            0      7247604       115256      2688884    0    0     0    59 11827 22420  15   2  84   0   0
   8    0            0      7243132       115288      2688900    0    0     0    60 4500 9326  14   1  86   0   0
   0    0            0      7240864       115324      2688900    0    0     0   509 4294 8670  12   1  87   0   0
   1    0            0      7239352       115356      2688900    0    0     0    53 4210 8356  13   1  87   0   0
   1    0            0      7224068       115384      2688900    0    0     0    61 4126 8200  12   1  87   0   0
   1    0            0      7237640       115392      2688900    0    0     0    53 4316 8967  13   1  86   0   0
   1    0            0      7224536       115400      2688916    0    0     0    60 9362 17814  14   1  84   0   0
   3    0            0      7187732       115412      2688916    0    0     0   124 15010 27405  15   2  83   0   0
   1    0            0      7300092       115420      2688916    0    0     0    55 15278 27548  15   2  83   0   0
   0    0            0      7278504       115428      2688916    0    0     0    85 5080 10050  11   1  88   0   0
   0    0            0      7273500       115444      2688900    0    0     0    59 4059 8228  11   1  88   0   0
   0    0            0      7266244       115460      2688932    0    0     0   123 4518 8827  11   1  88   0   0
   0    0            0      7342524       115468      2688932    0    0     0    60 4370 8513  12   1  87   0   0
   0    0            0      7319148       115492      2688932    0    0     0    55 10603 20040  15   2  84   0   0
   2    0            0      7297772       115508      2688932    0    0     0   417 11454 20789  24   2  74   0   0
   0    0            0      7275320       115528      2688932    0    0     0   185 13505 23914  15   2  83   0   0
   1    0            0      7251876       115536      2688936    0    0     0    59 9810 18728  15   1  84   0   0
   1    0            0      7255996       115540      2688940    0    0     0    63 4420 8906  12   1  87   0   0
--procs-- -----------------------memory---------------------- ---swap-- -----io---- -system-- --------cpu--------
   r    b         swpd         free         buff        cache   si   so    bi    bo   in   cs  us  sy  id  wa  st
   2    0            0      7236804       115572      2688940    0    0     0    87 4381 9334  13   1  86   0   0
   1    0            0      7236868       115596      2688940    0    0     0   252 4239 8549  12   1  87   0   0
   0    0            0      7232088       115620      2688956    0    0     0    61 6591 12594  13   1  86   0   0
   4    0            0      7203420       115648      2688972    0    0     0    89 12310 22964  15   2  82   0   0
   0    0            0      7314288       115664      2688972    0    0     0   113 12733 22864  15   2  83   0   0
   0    0            0      7280976       115680      2688972    0    0     0   129 14506 27328  16   2  82   0   0
   0    0            0      7268788       115700      2688972    0    0     0    55 11285 21468  16   2  82   0   0
   0    0            0      7254332       115724      2688972    0    0     0    67 4429 8876  13   1  86   0   0
   2    0            0      7244412       115740      2688972    0    0     0    59 4161 8305  15   1  84   0   0
   1    0            0      7257192       115740      2676812    0    0     0   129 4380 8669  13   2  84   0   0
   1    0            0      7207896       115768      2689004    0    0     0    55 7036 12776  15   1  84   0   0
   2    0            0      7309676       115796      2689012    0    0     0    77 12419 23447  16   2  82   0   0
   3    0            0      7265756       115812      2689012    0    0     0   388 14703 26676  16   2  82   0   0
   1    0            0      7243860       115836      2689028    0    0     0   193 12538 22910  15   2  83   0   0
   1    0            0      7240200       115856      2689028    0    0     0    55 9786 17378  15   2  83   0   0
   0    0            0      7226372       115888      2689044    0    0     0    87 10241 18126  14   2  84   0   0
   2    0            0      7271828       115924      2689120    0    0     0    71 4707 8902  14   1  85   0   0
   8    0            0      7291676       115976      2689044    0    0     0   223 4494 8586  13   1  86   0   0
   8    0            0      7290164       115992      2689048    0    0     0    55 4420 8641  13   1  86   0   0
   8    0            0      7324472       116000      2689296    0    0     0    64 9694 17409  16   2  83   0   0
   0    0            0      7279896       116016      2689064    0    0     0    59 11831 20605  15   2  83   0   0
--procs-- -----------------------memory---------------------- ---swap-- -----io---- -system-- --------cpu--------
   r    b         swpd         free         buff        cache   si   so    bi    bo   in   cs  us  sy  id  wa  st
   1    0            0      7253016       116024      2689064    0    0     0   119 9419 16317  14   2  84   0   0
   1    0            0      7252620       116044      2689068    0    0     0    55 4413 8881  13   1  87   0   0
   2    0            0      7247452       116056      2689084    0    0     0    60 4313 8757  13   1  86   0   0
   1    0            0      7245184       116076      2689084    0    0     0   417 4203 8592  12   1  86   0   0
   1    0            0      7205752       116100      2689084    0    0     0   169 6417 11748  13   1  86   0   0
   1    0            0      7307840       116120      2689084    0    0     0    59 8815 16973  15   2  83   0   0
   1    0            0      7281064       116132      2689216    0    0     0    64 8641 15826  13   2  85   0   0
   1    0            0      7255860       116148      2689012    0    0     0    59 11806 20567  15   2  83   0   0
   0    0            0      7233800       116160      2689240    0    0     0   131 8697 15375  14   1  84   0   0
   0    0            0      7235564       116176      2689240    0    0     0    56 4323 8643  11   1  88   0   0
   1    0            0      7218448       116188      2689236    0    0     0    85 4311 8913  11   1  89   0   0
  10    0            0      7225280       116216      2689240    0    0     0   119 4363 8681  13   1  87   0   0
   0    0            0      7201172       116232      2689260    0    0     0   124 8943 15748  14   2  85   0   0
   1    0            0      7314492       116240      2689356    0    0     0    85 10083 18094  15   1  83   0   0
   1    0            0      7261180       116256      2689268    0    0     0    53 10900 19242  14   2  84   0   0
   2    0            0      7237920       116272      2689268    0    0     0   425 11496 19147  14   2  84   0   0
   1    0            0      7229364       116288      2689272    0    0     0   119 6776 11536  13   1  85   0   0
   2    0            0      7220584       116292      2689272    0    0     0    69 4616 8852  14   1  86   0   0
   1    0            0      7307944       116304      2689272    0    0     0    53 4820 9054  14   1  85   0   0
   1    0            0      7292724       116320      2689272    0    0     0    69 4525 8743  13   1  86   0   0
   1    0            0      7254000       116328      2689272    0    0     0   119 5704 10483  14   1  85   0   0
--procs-- -----------------------memory---------------------- ---swap-- -----io---- -system-- --------cpu--------
   r    b         swpd         free         buff        cache   si   so    bi    bo   in   cs  us  sy  id  wa  st
   1    0            0      7307900       116344      2689288    0    0     0    80 14089 23999  16   2  82   0   0
   1    0            0      7290056       116356      2689304    0    0     0    59 9627 16523  16   2  83   0   0
   0    0            0      7255528       116376      2689308    0    0     0   353 8879 16160  15   1  84   0   0
   0    0            0      7226192       116396      2689308    0    0     0   119 9676 17371  15   2  84   0   0
   0    0            0      7237076       116408      2689308    0    0     0    69 5851 11095  12   2  86   0   0
   0    0            0      7241420       116424      2689308    0    0     0    59 4632 9142  12   1  87   0   0
   1    0            0      7222080       116440      2689308    0    0     0   299 4562 8831  12   1  87   0   0
   1    0            0      7221368       116464      2689308    0    0     0    55 4479 8981  12   1  87   0   0
   2    0            0      7309552       116492      2689308    0    0     0    73 13002 23911  15   2  83   0   0
   1    0            0      7290544       116520      2689308    0    0     0    53 13526 24930  14   2  84   0   0
   1    0            0      7272028       116532      2689308    0    0     0    69 8239 14369  13   1  86   0   0
   6    0            0      7254668       116552      2689424    0    0     0   125 12427 20654  14   2  84   0   0
   0    0            0      7247228       116556      2689328    0    0     0    93 7586 14415  13   1  85   0   0
   1    0            0      7253576       116576      2689320    0    0     0   240 4565 8899  12   1  87   0   0
   0    0            0      7324512       116580      2689348    0    0     0    80 4502 8740  13   1  86   0   0
   1    0            0      7326544       116584      2689348    0    0     0   125 4416 8680  12   1  87   0   0
   0    0            0      7292716       116604      2689348    0    0     0    75 10118 15488  13   2  85   0   0
   4    0            0      7262960       116624      2689348    0    0     0    53 15365 24842  13   3  84   0   0
   1    0            0      7213880       116640      2689348    0    0     0    73 14776 22709  14   3  83   0   0
   1    0            0      7211760       116664      2689352    0    0     0   117 5567 10194  12   1  87   0   0
   1    0            0      7266868       116696      2689352    0    0     0   100 4590 8628  14   1  85   0   0
--procs-- -----------------------memory---------------------- ---swap-- -----io---- -system-- --------cpu--------
   r    b         swpd         free         buff        cache   si   so    bi    bo   in   cs  us  sy  id  wa  st
   2    0            0      7277868       116724      2689372    0    0     0    63 4778 9263  12   1  87   0   0
   1    0            0      7265296       116740      2689356    0    0     0   364 4385 8527  12   1  87   0   0
   1    0            0      7268612       116768      2689372    0    0     0   119 4584 8959  13   1  86   0   0
   1    0            0      7331568       116784      2689372    0    0     0    75 10285 18096  15   1  83   0   0
   7    0            0      7292552       116812      2689376    0    0     0    53 16288 30568  15   2  82   0   0
   1    0            0      7263968       116832      2689392    0    0     0    75 16415 29815  17   2  81   0   0
   1    0            0      7244244       116856      2689392    0    0     0   135 6000 12430  14   1  85   0   0
   9    0            0      7255492       116860      2689392    0    0     0    85 4389 8801  13   1  86   0   0
   2    0            0      7247292       116872      2689392    0    0     0    53 4415 8892  13   1  86   0   0
   0    0            0      7254140       116876      2689392    0    0     0    69 4280 8678  12   1  87   0   0
   2    0            0      7231896       116904      2689412    0    0     0   125 7485 13400  14   1  85   0   0
   1    0            0      7311824       116936      2689412    0    0     0   412 9866 18613  16   1  83   0   0
   1    0            0      7277628       116948      2689412    0    0     0    53 13015 21546  13   2  84   0   0
   2    0            0      7241804       116948      2689412    0    0     0    68 11714 19291  12   2  86   0   0
   2    0            0      7239788       116952      2689412    0    0     0   119 4127 8712  12   1  87   0   0
   1    0            0      7244940       116972      2689416    0    0     0    96 4232 8444  11   1  88   0   0
   2    0            0      7242968       116996      2689416    0    0     0    55 4459 8541  13   1  87   0   0
   0    0            0      7227132       117000      2689416    0    0     0    72 4511 8320  13   1  86   0   0
   1    0            0      7225132       117012      2689416    0    0     0   116 4295 8535  12   1  87   0   0
   0    0            0      7314652       117036      2689464    0    0     0    92 13000 24298  16   2  82   0   0
   1    0            0      7273612       117044      2689488    0    0     0    59 11250 21899  15   2  83   0   0
--procs-- -----------------------memory---------------------- ---swap-- -----io---- -system-- --------cpu--------
   r    b         swpd         free         buff        cache   si   so    bi    bo   in   cs  us  sy  id  wa  st
   1    0            0      7263656       117068      2689488    0    0     0   164 8876 17118  14   1  84   0   0
   2    0            0      7236260       117076      2689488    0    0     0   129 10732 18494  14   2  83   0   0
   1    0            0      7286936       117084      2689488    0    0     0   415 4385 8733  13   1  86   0   0
   3    0            0      7299788       117096      2689488    0    0     0    53 4293 8595  13   1  86   0   0
   2    0            0      7295784       117112      2689500    0    0     0    59 4470 9097  13   1  86   0   0
   3    0            0      7268756       117124      2689500    0    0     0   119 4637 8997  13   1  86   0   0
   1    0            0      7319276       117152      2689516    0    0     0    61 11153 19141  16   2  82   0   0
   1    0            0      7281580       117168      2689516    0    0     0   304 11636 19994  16   2  82   0   0
   2    0            0      7238316       117184      2689516    0    0     0    61 10094 18446  15   1  83   0   0
   0    0            0      7239360       117196      2689532    0    0     0    59 7637 14051  14   1  84   0   0
   2    0            0      7200868       117200      2689532    0    0     0    83 4191 8463  13   1  87   0   0
   0    0            0      7223204       117224      2689556    0    0     0    85 4460 8859  13   1  86   0   0
   1    0            0      7317300       117248      2689556    0    0     0    60 6669 12733  15   1  84   0   0
   6    0            0      7283164       117260      2689556    0    0     0   121 12575 21291  15   2  83   0   0
   1    0            0      7241992       117260      2689556    0    0     0   271 12596 22078  15   2  83   0   0
   1    0            0      7224776       117284      2689556    0    0     0    59 10610 18615  15   2  83   0   0
   1    0            0      7224972       117292      2689568    0    0     0    59 4151 8697  13   1  86   0   0
   1    0            0      7221488       117304      2689568    0    0     0   120 4511 8554  12   1  87   0   0
   1    0            0      7323768       117320      2689568    0    0     0    55 4665 8705  15   1  84   0   0
   1    0            0      7323524       117340      2689584    0    0     0    60 4924 9138  14   1  86   0   0
   0    0            0      7282716       117364      2689584    0    0     0    59 6349 10960  13   1  86   0   0
--procs-- -----------------------memory---------------------- ---swap-- -----io---- -system-- --------cpu--------
   r    b         swpd         free         buff        cache   si   so    bi    bo   in   cs  us  sy  id  wa  st
   1    0            0      7256372       117376      2689584    0    0     0   148 11821 20025  15   2  84   0   0
   0    0            0      7222308       117384      2689584    0    0     0    60 11538 19246  15   2  83   0   0
   9    0            0      7216576       117384      2689584    0    0     0    55 10959 18227  14   2  84   0   0
   1    0            0      7290524       117392      2689600    0    0     0    59 6577 12009  15   1  84   0   0
   0    0            0      7274324       117412      2689604    0    0     0   125 4316 8544  13   1  86   0   0
   2    0            0      7272836       117444      2689604    0    0     0   444 4359 8739  13   1  86   0   0
   3    0            0      7248904       117468      2689608    0    0     0    57 4382 8996  13   1  87   0   0
   5    0            0      7232736       117496      2689608    0    0     0    60 4173 8531  13   1  86   0   0
   3    0            0      7310768       117512      2689368    0    0     0   165 12522 21084  16   2  81   0   0
   1    0            0      7251648       117536      2689624    0    0     0    55 13890 24233  15   3  82   0   0
   1    0            0      7236820       117548      2689624    0    0     0    53 14706 24519  16   2  82   0   0
   2    0            0      7236384       117560      2689624    0    0     0    59 4120 8615  13   1  86   0   0
   1    0            0      7304628       117580      2689624    0    0     0   148 4387 8672  13   1  86   0   0
   0    0            0      7302668       117592      2689624    0    0     0    55 4202 8442  12   1  87   0   0
   2    0            0      7297332       117616      2689624    0    0     0    63 4212 8840  12   1  87   0   0
   0    0            0      7255808       117644      2689628    0    0     0    64 5580 11128  13   1  86   0   0
   1    0            0      7243496       117656      2689316    0    0     0   117 12811 21505  14   2  84   0   0
   2    0            0      7182800       117664      2689644    0    0     0   415 16776 28053  15   2  83   0   0
   1    0            0      7185856       117680      2689660    0    0     0    64 15168 27059  14   2  83   0   0
   1    0            0      7181712       117704      2689660    0    0     0    60 10169 19363  15   2  84   0   0
   1    0            0      7179352       117720      2689660    0    0     0   119 4497 8533  13   1  86   0   0
--procs-- -----------------------memory---------------------- ---swap-- -----io---- -system-- --------cpu--------
   r    b         swpd         free         buff        cache   si   so    bi    bo   in   cs  us  sy  id  wa  st
   2    0            0      7183416       117736      2689660    0    0     0    84 4372 8685  13   1  86   0   0
   1    0            0      7172388       117764      2689796    0    0     0    53 4331 8944  13   1  86   0   0
   1    0            0      7168608       117784      2689796    0    0     0    60 4220 8632  13   1  86   0   0
   1    0            0      7313284       117800      2689796    0    0     0   181 10300 18569  17   2  82   0   0
   1    0            0      7279756       117812      2689800    0    0     0    59 11606 21745  16   2  82   0   0
   3    0            0      7259856       117832      2689800    0    0     0    53 11157 20892  16   2  82   0   0
   0    0            0      7250184       117848      2689804    0    0     0    69 9581 17404  15   2  84   0   0
   2    0            0      7312032       117868      2689820    0    0     0   159 10543 20043  16   2  83   0   0
   1    0            0      7301776       117884      2689820    0    0     0   391 7000 13808  14   1  85   0   0
   0    0            0      7331312       117908      2689836    0    0     0    59 4616 9208  14   1  85   0   0
   0    0            0      7329800       117936      2689836    0    0     0    59 4228 8499  12   1  87   0   0
   1    0            0      7265936       117940      2689836    0    0     0   137 11963 21003  15   1  83   0   0
   1    0            0      7237636       117956      2689656    0    0     0   241 11118 19314  15   2  83   0   0
   0    0            0      7218692       117980      2689840    0    0     0    56 10464 18406  15   1  83   0   0
   1    0            0      7217476       117996      2689844    0    0     0    92 4008 8306  13   1  87   0   0
   3    0            0      7211700       118024      2689844    0    0     0   172 4173 8659  14   1  85   0   0
   1    0            0      7201400       118048      2689844    0    0     0    55 4321 8734  13   1  86   0   0
   1    0            0      7199420       118068      2689864    0    0     0    59 4332 8916  13   1  86   0   0
   4    0            0      7214424       118092      2689896    0    0     0   337 4710 8839  13   1  85   0   0
   0    0            0      7318268       118100      2689896    0    0     0   143 14370 26040  16   2  82   0   0
   2    0            0      7283824       118116      2689896    0    0     0    87 14674 25513  16   2  82   0   0
--procs-- -----------------------memory---------------------- ---swap-- -----io---- -system-- --------cpu--------
   r    b         swpd         free         buff        cache   si   so    bi    bo   in   cs  us  sy  id  wa  st
   4    0            0      7252348       118136      2689896    0    0     0    56 15995 27782  15   2  83   0   0
   3    0            0      7240352       118160      2689912    0    0     0    59 14808 26902  15   2  83   0   0
   0    0            0      7232292       118176      2689932    0    0     0   143 7320 13820  13   1  86   0   0
   1    0            0      7231356       118200      2689932    0    0     0    61 4251 8732  12   1  87   0   0
   1    0            0      7217288       118212      2689932    0    0     0    57 4359 8848  11   1  88   0   0
   1    0            0      7216596       118232      2689932    0    0     0   104 4187 8552  12   1  87   0   0
   2    0            0      7280652       118260      2689948    0    0     0   139 24343 49271  18   3  79   0   0
   1    0            0      7221632       118284      2689952    0    0     0    99 19157 38736  16   2  81   0   0
   2    0            0      7289212       118292      2689952    0    0     0    56 6671 13195  14   1  85   0   0
   0    0            0      7268580       118324      2689952    0    0     0   537 4296 8706  13   1  86   0   0
   2    0            0      7261552       118348      2689968    0    0     0    61 4434 9053  14   1  86   0   0
   0    0            0      7258780       118368      2689968    0    0     0    55 4197 8497  12   1  87   0   0
   1    0            0      7240032       118380      2689968    0    0     0    59 4603 9154  14   1  85   0   0
   0    0            0      7240444       118420      2690168    0    0     0  3476 4420 8591  14   1  85   0   0
   0    0            0      7316260       118424      2690172    0    0     0   148 9874 18075  14   2  84   0   0
   0    0            0      7279088       118456      2690188    0    0     0    60 17118 30701  15   2  83   0   0
   1    0            0      7261224       118472      2690212    0    0     0    59 17009 30940  16   2  82   0   0
   1    0            0      7233916       118500      2690212    0    0     0   131 16193 29503  16   2  82   0   0
   3    0            0      7226332       118540      2690192    0    0     0   219 5654 10320  13   1  85   0   0
   1    0            0      7307316       118580      2690212    0    0     0    85 4725 8965  14   1  85   0   0
   2    0            0      7302780       118588      2690216    0    0     0    57 4461 8711  12   1  87   0   0
--procs-- -----------------------memory---------------------- ---swap-- -----io---- -system-- --------cpu--------
   r    b         swpd         free         buff        cache   si   so    bi    bo   in   cs  us  sy  id  wa  st
   2    0            0      7268760       118612      2690216    0    0     0  1157 7074 13169  14   1  85   0   0
   2    0            0      7239904       118616      2689992    0    0     0   140 17123 33106  16   3  81   0   0
   3    0            0      7226368       118632      2690216    0    0     0    55 11054 20720  14   2  84   0   0
   1    0            0      7228628       118652      2690216    0    0     0    53 4561 9101  13   1  87   0   0
   0    0            0      7253156       118656      2690216    0    0     0    81 4235 8956  12   1  87   0   0
   8    0            0      7234260       118656      2690232    0    0     0   141 4164 8737  12   1  87   0   0
   8    0            0      7241360       118672      2690232    0    0     0    81 4307 8958  12   1  87   0   0
   4    0            0      7236832       118692      2690248    0    0     0    60 4366 8754  10   1  90   0   0
   0    0            0      7245904       118700      2690248    0    0     0    96 4061 8437  10   1  89   0   0
   0    0            0      7245212       118704      2690248    0    0     0   148 11930 22451  12   2  86   0   0
   1    0            0      7237048       118724      2690248    0    0     0    76 9937 18663  11   2  87   0   0
   0    0            0      7221212       118736      2690248    0    0     0    53 4309 8935  10   1  89   0   0
   1    0            0      7222352       118764      2690248    0    0     0   455 4285 8628   9   1  90   0   0
   1    0            0      7361816       118776      2690248    0    0     0   136 4304 8693   9   1  89   0   0
   3    0            0      7359092       118792      2690248    0    0     0    71 4018 8636   9   1  90   0   0
   0    0            0      7351236       118812      2690392    0    0     0    59 4349 8687   9   1  90   0   0
   3    0            0      7350744       118832      2690392    0    0     0    80 4119 8342  10   1  89   0   0
   1    0            0      7325776       118860      2690392    0    0     0   317 8132 15914  11   2  87   0   0
   2    0            0      7350588       118884      2690392    0    0     0    77 13378 25059  12   2  86   0   0
   0    0            0      7337936       118904      2690392    0    0     0    55 4740 9161  10   1  89   0   0
   0    0            0      7331708       118928      2690408    0    0     0    71 4229 8613  10   1  89   0   0
--procs-- -----------------------memory---------------------- ---swap-- -----io---- -system-- --------cpu--------
   r    b         swpd         free         buff        cache   si   so    bi    bo   in   cs  us  sy  id  wa  st
   1    0            0      7316424       118936      2690408    0    0     0   137 4472 8639   9   1  90   0   0
   2    0            0      7327760       118952      2690408    0    0     0    80 4543 8703  10   1  89   0   0
   0    0            0      7315684       118964      2690408    0    0     0    53 4453 8966  10   1  89   0   0
   0    0            0      7315684       118992      2690412    0    0     0   259 4224 8439  10   1  90   0   0
   3    0            0      7298408       118992      2690428    0    0     0   145 12164 23404  13   2  85   0   0
   1    0            0      7273192       119000      2690428    0    0     0    88 11206 21661  12   2  86   0   0
   4    0            0      7245024       119020      2690432    0    0     0    53 10982 20264  13   2  85   0   0
   8    0            0      7334648       119024      2690432    0    0     0    68 10266 19770  13   1  86   0   0
   1    0            0      7327340       119056      2690432    0    0     0   145 4385 8679  11   1  88   0   0
   0    0            0      7299792       119092      2690432    0    0     0   103 4287 8692  12   1  87   0   0
   0    0            0      7300720       119124      2690432    0    0     0    65 4325 8750  11   1  88   0   0
   1    0            0      7274352       119144      2690432    0    0     0    75 9493 17260  13   2  85   0   0
   1    0            0      7253548       119152      2690432    0    0     0   136 13394 24545  14   2  84   0   0
   1    0            0      7243024       119172      2690452    0    0     0   421 10940 20209  13   2  86   0   0
   3    0            0      7237944       119188      2690468    0    0     0    59 4362 8696  11   1  88   0   0
   0    0            0      7229708       119200      2690468    0    0     0    83 4227 8435  11   1  88   0   0
   3    0            0      7234288       119212      2690468    0    0     0   132 4006 8396  11   1  89   0   0
   2    0            0      7357148       119212      2690468    0    0     0    68 3980 8432  11   1  88   0   0
   1    0            0      7354436       119212      2690468    0    0     0    53 4349 8863  10   1  89   0   0
   1    0            0      7305304       119228      2690468    0    0     0    75 12176 22591  13   2  85   0   0
   0    0            0      7301968       119228      2690468    0    0     0   153 15071 26775  14   2  84   0   0
--procs-- -----------------------memory---------------------- ---swap-- -----io---- -system-- --------cpu--------
   r    b         swpd         free         buff        cache   si   so    bi    bo   in   cs  us  sy  id  wa  st
   1    0            0      7287760       119252      2690468    0    0     0    73 15721 28587  14   2  84   0   0
   2    0            0      7258964       119264      2690468    0    0     0    53 14463 26920  14   2  84   0   0
   0    0            0      7251608       119288      2690468    0    0     0    68 14219 26914  14   2  84   0   0
   0    0            0      7228760       119296      2690484    0    0     0   147 4496 9011  12   1  87   0   0
   8    0            0      7229248       119324      2690484    0    0     0   472 5448 10622  11   1  88   0   0
   0    0            0      7213252       119344      2690500    0    0     0    59 11592 21363  14   2  84   0   0
   2    0            0      7197128       119356      2690500    0    0     0    87 15221 27775  16   2  82   0   0
   3    0            0      7303488       119380      2690500    0    0     0   136 15483 29452  16   2  81   0   0
   1    0            0      7287320       119392      2690500    0    0     0    69 15790 28351  15   2  83   0   0
   3    0            0      7265640       119420      2690500    0    0     0    65 13446 23832  12   2  85   0   0
   3    0            0      7263372       119432      2690500    0    0     0    71 4426 8595  11   1  88   0   0
   3    0            0      7249820       119452      2690500    0    0     0   136 4456 8448  11   1  89   0   0
   2    0            0      7261188       119472      2690496    0    0     0    69 4582 8756  11   1  88   0   0
   9    0            0      7233208       119492      2690520    0    0     0    60 4877 9615  12   1  87   0   0
   1    0            0      7220268       119512      2690520    0    0     0    97 15638 28304  14   2  83   0   0
   1    0            0      7307476       119532      2690524    0    0     0   139 15063 27352  15   2  83   0   0
   1    0            0      7301456       119560      2690520    0    0     0   431 14992 27004  14   2  84   0   0
   1    0            0      7258856       119568      2690524    0    0     0    57 14539 26113  13   2  85   0   0
   1    0            0      7238160       119576      2690540    0    0     0    72 14922 26983  16   2  82   0   0
   1    0            0      7255456       119608      2690540    0    0     0   151 15663 29492  17   2  81   0   0
   0    0            0      7271928       119620      2690540    0    0     0    87 9829 19364  14   2  84   0   0
--procs-- -----------------------memory---------------------- ---swap-- -----io---- -system-- --------cpu--------
   r    b         swpd         free         buff        cache   si   so    bi    bo   in   cs  us  sy  id  wa  st
   2    0            0      7266724       119632      2690540    0    0     0   248 4401 8912  12   1  87   0   0
   2    0            0      7319608       119668      2690540    0    0     0   105 12434 23383  15   2  83   0   0
   0    0            0      7302312       119684      2690672    0    0     0   141 12167 22054  15   2  83   0   0
   1    0            0      7284340       119708      2690464    0    0     0    84 7230 13830  14   1  84   0   0
   1    0            0      7263976       119736      2690556    0    0     0    53 13960 25728  17   2  81   0   0
   0    0            0      7242108       119752      2690556    0    0     0    68 12736 23996  14   2  84   0   0
   0    0            0      7229728       119764      2690544    0    0     0   136 11651 22018  14   2  84   0   0
   0    0            0      7234432       119780      2690556    0    0     0   287 4318 8793  12   1  88   0   0
   0    0            0      7330308       119792      2690556    0    0     0    55 8428 16139  14   1  84   0   0
   0    0            0      7310496       119816      2690556    0    0     0    73 13672 26911  15   2  83   0   0
   4    0            0      7266864       119840      2690556    0    0     0   132 13509 23935  15   2  83   0   0
   2    0            0      7261588       119848      2690568    0    0     0    79 13357 23297  15   2  83   0   0
   0    0            0      7234044       119872      2690572    0    0     0    53 12517 23069  16   2  82   0   0
   1    0            0      7222028       119884      2690572    0    0     0    73 7910 15263  14   1  85   0   0
   1    0            0      7314336       119896      2690572    0    0     0   136 4366 8808  12   1  87   0   0
   2    0            0      7296708       119916      2690584    0    0     0    95 4860 9485  12   1  87   0   0
   4    0            0      7279532       119928      2690588    0    0     0    60 9745 17481  15   2  84   0   0
   1    0            0      7245820       119940      2690588    0    0     0    99 8843 15237  14   1  85   0   0
   0    0            0      7205316       119940      2690460    0    0     0   136 10460 18728  14   2  84   0   0
   0    0            0      7215056       119952      2690584    0    0     0   395 6696 13070  13   1  85   0   0
   0    0            0      7214576       119972      2690592    0    0     0    59 4468 8734  13   1  86   0   0
--procs-- -----------------------memory---------------------- ---swap-- -----io---- -system-- --------cpu--------
   r    b         swpd         free         buff        cache   si   so    bi    bo   in   cs  us  sy  id  wa  st
   1    0            0      7326428       119992      2690592    0    0     0    71 4529 8952  14   1  85   0   0
   8    0            0      7308744       120004      2690816    0    0     0   155 4625 9379  13   1  86   0   0
   0    0            0      7289900       120016      2690588    0    0     0    77 9202 16730  14   1  85   0   0
   2    0            0      7299032       120044      2690608    0    0     0    59 9566 16999  15   2  84   0   0
   2    0            0      7269836       120072      2690624    0    0     0    83 8460 15565  14   1  85   0   0
   0    0            0      7268352       120076      2690628    0    0     0   141 4507 8664  12   1  87   0   0
   2    0            0      7261272       120100      2690628    0    0     0   115 4435 8835  11   1  88   0   0
   1    0            0      7256100       120112      2690628    0    0     0    57 4438 8962  11   1  88   0   0
   1    0            0      7251564       120136      2690628    0    0     0   405 4335 8949  11   1  88   0   0
   1    0            0      7232872       120152      2690628    0    0     0   133 6714 12520  12   1  87   0   0
   1    0            0      7230492       120180      2690628    0    0     0    73 14672 26285  14   2  84   0   0
   1    0            0      7210248       120204      2690628    0    0     0    53 13940 24597  13   2  84   0   0
   0    0            0      7257352       120212      2690628    0    0     0    71 14511 25674  14   3  83   0   0
   0    0            0      7261060       120240      2690628    0    0     0   136 16091 28020  14   2  84   0   0
   2    0            0      7250192       120272      2690644    0    0     0    69 12059 21513  14   2  85   0   0
   0    0            0      7244036       120292      2690644    0    0     0    60 4770 9181  12   1  86   0   0
   1    0            0      7242072       120312      2690660    0    0     0   119 4561 8760  12   1  87   0   0
   1    0            0      7217484       120320      2690660    0    0     0   144 13972 24628  17   2  81   0   0
   9    0            0      7207400       120332      2690660    0    0     0    87 13618 25092  17   2  81   0   0
   2    0            0      7172172       120344      2690660    0    0     0    63 14558 26949  17   2  81   0   0
   1    0            0      7301996       120364      2690660    0    0     0   549 14073 26618  17   2  81   0   0
--procs-- -----------------------memory---------------------- ---swap-- -----io---- -system-- --------cpu--------
   r    b         swpd         free         buff        cache   si   so    bi    bo   in   cs  us  sy  id  wa  st
   2    0            0      7285668       120372      2690660    0    0     0    61 15531 27260  15   2  82   0   0
   2    0            0      7291260       120380      2690656    0    0     0    73 10510 19509  15   2  83   0   0
   0    0            0      7297280       120392      2690664    0    0     0    53 4321 8772  14   1  85   0   0
   0    0            0      7270044       120408      2690680    0    0     0   151 8611 15392  15   2  84   0   0
   0    0            0      7297240       120424      2702836    0    0     0   248 12288 22492  18   2  80   0   0
   0    0            0      7272964       120440      2702832    0    0     0    88 13031 23424  17   2  82   0   0
   0    0            0      7257100       120472      2702840    0    0     0    53 13950 25783  17   2  81   0   0
   1    0            0      7227508       120504      2702840    0    0     0    69 12961 23502  17   2  82   0   0
   1    0            0      7211356       120520      2702840    0    0     0   136 11591 22513  15   2  83   0   0
   1    0            0      7198540       120540      2702856    0    0     0    77 4368 8668  13   1  86   0   0
   3    0            0      7212564       120576      2690700    0    0     0    91 4360 8580  13   1  86   0   0
   1    0            0      7299784       120600      2690700    0    0     0   288 12201 22903  16   3  82   0   0
   2    0            0      7261616       120616      2690700    0    0     0   152 16117 29105  16   2  81   0   0
   0    0            0      7247916       120632      2690716    0    0     0    72 14365 26498  16   2  82   0   0
   0    0            0      7241212       120640      2690716    0    0     0    60 4649 9342  14   1  86   0   0
   8    0            0      7235456       120652      2690716    0    0     0    95 4293 8670  13   1  86   0   0
   0    0            0      7221496       120664      2690716    0    0     0   136 4172 8381  13   1  86   0   0
   0    0            0      7213896       120676      2690716    0    0     0    73 5788 11047  12   1  87   0   0
   0    0            0      7304836       120696      2690852    0    0     0    60 14562 28063  15   2  83   0   0
   1    0            0      7257932       120716      2690852    0    0     0   225 13969 24896  15   2  83   0   0
   2    0            0      7243024       120736      2690852    0    0     0    63 14015 25394  14   2  84   0   0
--procs-- -----------------------memory---------------------- ---swap-- -----io---- -system-- --------cpu--------
   r    b         swpd         free         buff        cache   si   so    bi    bo   in   cs  us  sy  id  wa  st
   3    0            0      7226544       120752      2690848    0    0     0    81 14976 27865  14   2  83   0   0
   1    0            0      7201624       120760      2690868    0    0     0    59 11253 19904  13   1  86   0   0
   1    0            0      7199104       120788      2690884    0    0     0   441 4535 8701  12   1  87   0   0
   1    0            0      7321548       120820      2690884    0    0     0   168 4399 8562  14   1  86   0   0
   2    0            0      7304256       120828      2690624    0    0     0    87 6786 11741  13   1  86   0   0
   2    0            0      7316636       120844      2690884    0    0     0    53 13539 23597  16   2  81   0   0
   9    0            0      7281328       120852      2690884    0    0     0    73 15921 29097  15   2  82   0   0
   8    0            0      7258372       120876      2690884    0    0     0   137 15142 26752  16   2  82   0   0
   9    0            0      7262708       120900      2690880    0    0     0    69 11286 20834  15   2  83   0   0
   1    0            0      7258636       120916      2690888    0    0     0    53 4648 8871  13   1  86   0   0
   0    0            0      7249192       120944      2690888    0    0     0    69 4326 8463  13   1  86   0   0
   1    0            0      7248940       120956      2690888    0    0     0   161 4540 8588  12   1  88   0   0
   0    0            0      7247124       120980      2690900    0    0     0    80 12314 23233  12   2  86   0   0
   1    0            0      7227908       120984      2690904    0    0     0    60 14507 27137  14   2  84   0   0
   2    0            0      7305872       120992      2690920    0    0     0   441 15926 29332  14   2  84   0   0
   1    0            0      7289724       121008      2690920    0    0     0   143 13645 25627  13   2  85   0   0
   2    0            0      7257668       121024      2690916    0    0     0    96 14666 26945  13   2  85   0   0
   2    0            0      7221688       121040      2690920    0    0     0    53 13760 25389  14   2  84   0   0
   0    0            0      7221704       121056      2690920    0    0     0    68 8529 16110  15   1  84   0   0
   0    0            0      7204264       121084      2690920    0    0     0   132 4438 8712  12   1  87   0   0
   0    0            0      7189656       121104      2690916    0    0     0    96 4546 9047  13   1  86   0   0
--procs-- -----------------------memory---------------------- ---swap-- -----io---- -system-- --------cpu--------
   r    b         swpd         free         buff        cache   si   so    bi    bo   in   cs  us  sy  id  wa  st
   7    0            0      7185844       121120      2690920    0    0     0    55 13719 24329  15   2  83   0   0
   1    0            0      7262316       121144      2691112    0    0     0   104 13109 22880  16   2  82   0   0
   1    0            0      7255088       121180      2690936    0    0     0   277 13063 23101  14   2  84   0   0
   2    0            0      7249888       121192      2690932    0    0     0    88 14274 26174  15   2  82   0   0
   2    0            0      7232348       121224      2690936    0    0     0    69 16827 30076  17   2  81   0   0
   2    0            0      7290464       121244      2690940    0    0     0   400 14437 27891  18   2  80   0   0
   1    0            0      7284152       121252      2690940    0    0     0   136 5145 10530  15   1  84   0   0
   2    0            0      7286744       121264      2690960    0    0     0    79 4466 8957  14   1  85   0   0
   1    0            0      7268888       121272      2690960    0    0     0    59 8186 15614  15   1  83   0   0
   1    0            0      7315220       121288      2690960    0    0     0   257 12050 21622  17   2  81   0   0
   0    0            0      7293668       121300      2690960    0    0     0   139 15368 29198  17   2  81   0   0
   7    0            0      7285884       121320      2690972    0    0     0    81 15832 29163  17   2  81   0   0
   0    0            0      7288020       121332      2690976    0    0     0    60 7805 15956  15   2  84   0   0
   0    0            0      7268168       121344      2690976    0    0     0   179 4258 8553  14   1  86   0   0
   2    0            0      7273236       121364      2690976    0    0     0    83 4355 8778  12   1  87   0   0
   0    0            0      7257160       121388      2690976    0    0     0   261 6653 12357  11   1  88   0   0
   0    0            0      7239456       121400      2690988    0    0     0    55 14725 26888  13   2  86   0   0
  11    0            0      7304936       121412      2690992    0    0     0    72 12787 23888  14   2  84   0   0
   6    0            0      7292252       121416      2690992    0    0     0   143 15983 29590  13   3  85   0   0
   4    0            0      7252592       121436      2690988    0    0     0    73 14287 27314  13   2  85   0   0
   2    0            0      7243864       121448      2691008    0    0     0    60 8927 17615  15   1  83   0   0
--procs-- -----------------------memory---------------------- ---swap-- -----io---- -system-- --------cpu--------
   r    b         swpd         free         buff        cache   si   so    bi    bo   in   cs  us  sy  id  wa  st
   2    0            0      7249312       121468      2691024    0    0     0    93 4314 8573  12   1  87   0   0
   2    0            0      7215692       121488      2691024    0    0     0   144 12435 22079  14   2  85   0   0
   0    0            0      7205228       121492      2691020    0    0     0    85 15728 26763  14   2  84   0   0
   1    0            0      7302044       121508      2691028    0    0     0    53 12489 22843  15   2  83   0   0
   1    0            0      7282052       121528      2691028    0    0     0    68 14821 27702  16   2  82   0   0
   0    0            0      7307632       121540      2691032    0    0     0   136 13001 23029  15   2  83   0   0
   0    0            0      7307696       121564      2691032    0    0     0   429 4677 8949  13   1  87   0   0
   0    0            0      7296548       121596      2691036    0    0     0    87 4722 9327  12   1  87   0   0
   3    0            0      7314408       121612      2691036    0    0     0    72 8091 15036  14   2  84   0   0
   2    0            0      7280208       121644      2691036    0    0     0   136 15022 28540  15   2  83   0   0
   3    0            0      7242448       121656      2691052    0    0     0    73 9614 18610  13   1  85   0   0
   3    0            0      7243644       121664      2691112    0    0     0    59 4425 9289  13   1  86   0   0
   1    0            0      7228108       121676      2691128    0    0     0    83 4248 8876  13   1  86   0   0
   0    0            0      7232896       121688      2691128    0    0     0   151 4333 8743  13   1  86   0   0
   1    0            0      7217860       121700      2691128    0    0     0    83 4255 8547  13   1  86   0   0
   0    0            0      7225052       121720      2691256    0    0     0    53 4483 8970  13   1  86   0   0
   2    0            0      7323204       121740      2691260    0    0     0    69 8512 16790  13   2  85   0   0
   2    0            0      7263440       121756      2691260    0    0     0   136 14266 26549  14   2  84   0   0
   0    0            0      7245504       121764      2691256    0    0     0   427 13524 27040  14   2  84   0   0
   1    0            0      7226412       121780      2691264    0    0     0    53 4521 9018  12   1  87   0   0
   2    0            0      7253248       121804      2691284    0    0     0    96 4202 8315  12   1  87   0   0
--procs-- -----------------------memory---------------------- ---swap-- -----io---- -system-- --------cpu--------
   r    b         swpd         free         buff        cache   si   so    bi    bo   in   cs  us  sy  id  wa  st
   2    0            0      7335608       121820      2691284    0    0     0   147 4300 8402  13   1  86   0   0
   1    0            0      7279952       121832      2691288    0    0     0   108 10120 18972  14   2  84   0   0
   1    0            0      7244972       121848      2691292    0    0     0    75 14570 28470  15   2  83   0   0
   3    0            0      7190728       121860      2691292    0    0     0   159 9010 18378  14   1  85   0   0
   3    0            0      7202088       121872      2691292    0    0     0    53 4488 8708  13   1  86   0   0
   0    0            0      7213784       121880      2691312    0    0     0    83 4349 8667  13   1  86   0   0
   0    0            0      7209420       121892      2691312    0    0     0    53 4434 8990  12   1  87   0   0
   8    0            0      7334156       121904      2691312    0    0     0    75 4506 8926  14   1  85   0   0
   1    0            0      7287552       121928      2691380    0    0     0   133 8823 16954  14   2  84   0   0
   1    0            0      7295832       121948      2691324    0    0     0   433 14103 26788  16   2  81   0   0
   2    0            0      7228036       121956      2691348    0    0     0    61 14898 28760  16   2  82   0   0
   1    0            0      7228696       121968      2691348    0    0     0    83 7443 14118  14   1  85   0   0
   1    0            0      7232880       121988      2691348    0    0     0   161 4228 8393  13   1  86   0   0
   2    0            0      7237576       122008      2691348    0    0     0   221 4601 8873  13   1  86   0   0
   0    0            0      7206892       122012      2691352    0    0     0    56 4725 9002  12   1  87   0   0
   2    0            0      7211696       122024      2691352    0    0     0    72 4454 8696  12   1  87   0   0
   1    0            0      7183440       122036      2691352    0    0     0   137 11083 21254  14   2  84   0   0
   1    0            0      7284396       122056      2691352    0    0     0    75 15718 29018  16   2  82   0   0
   3    0            0      7231456       122084      2691372    0    0     0    59 12218 23307  15   2  83   0   0
   0    0            0      7227636       122104      2691388    0    0     0    80 6550 12721  13   1  86   0   0
   0    0            0      7230740       122124      2691388    0    0     0   143 4328 8473  12   1  87   0   0
--procs-- -----------------------memory---------------------- ---swap-- -----io---- -system-- --------cpu--------
   r    b         swpd         free         buff        cache   si   so    bi    bo   in   cs  us  sy  id  wa  st
   9    0            0      7243620       122148      2691384    0    0     0   308 4527 8869  13   1  87   0   0
   0    0            0      7228400       122172      2691392    0    0     0    53 4562 8903  14   1  85   0   0
   2    0            0      7186132       122188      2691392    0    0     0    73 8960 16085  14   1  84   0   0
   1    0            0      7293316       122204      2691392    0    0     0   149 15554 28155  16   3  81   0   0
   1    0            0      7233776       122228      2691392    0    0     0    77 13717 26404  16   2  82   0   0
   1    0            0      7233668       122248      2691396    0    0     0    53 5306 10632  13   1  86   0   0
   1    0            0      7213052       122272      2691396    0    0     0    93 4442 8845  13   1  86   0   0
   1    0            0      7211796       122292      2691396    0    0     0   143 4413 8765  13   1  87   0   0
   3    0            0      7291900       122292      2691408    0    0     0    75 4593 8682  12   1  86   0   0
   3    0            0      7268688       122316      2691424    0    0     0    59 8155 15243  12   2  86   0   0
   0    0            0      7303780       122340      2691440    0    0     0   415 11302 21732  15   2  83   0   0
   8    0            0      7250116       122372      2691440    0    0     0   145 11587 22159  14   2  84   0   0
   0    0            0      7252480       122396      2691440    0    0     0    87 4286 8668  13   1  86   0   0
   2    0            0      7221544       122412      2691444    0    0     0    55 4641 9111  12   1  87   0   0
   0    0            0      7234620       122440      2691444    0    0     0    71 4639 8778  12   1  87   0   0
   8    0            0      7213500       122444      2691444    0    0     0   136 4637 8788  14   1  85   0   0
   1    0            0      7220820       122456      2691444    0    0     0    69 4556 8576  12   1  87   0   0
   1    0            0      7196880       122476      2691444    0    0     0    53 6548 12294  13   1  85   0   0
   0    0            0      7315236       122500      2691460    0    0     0    72 13032 23975  17   2  81   0   0
   1    0            0      7299072       122520      2691460    0    0     0   143 11507 21531  14   1  85   0   0
   1    0            0      7283796       122532      2691460    0    0     0    81 4262 8604  11   1  88   0   0
--procs-- -----------------------memory---------------------- ---swap-- -----io---- -system-- --------cpu--------
   r    b         swpd         free         buff        cache   si   so    bi    bo   in   cs  us  sy  id  wa  st
   4    0            0      7283592       122572      2691464    0    0     0    85 4204 8951  11   1  88   0   0
   1    0            0      7287624       122584      2691464    0    0     0   435 4364 8797  12   1  87   0   0
   0    0            0      7290648       122600      2691464    0    0     0   132 4467 8730  11   1  88   0   0
   1    0            0      7239800       122612      2691476    0    0     0   107 10909 20718  12   2  86   0   0
   0    0            0      7218896       122640      2691480    0    0     0    68 15414 28470  12   2  85   0   0
   0    0            0      7192824       122660      2691480    0    0     0    77 11304 20794  12   2  86   0   0
   1    0            0      7192332       122664      2691480    0    0     0   137 4219 8571  10   1  89   0   0
   0    0            0      7321616       122672      2691492    0    0     0    71 4253 8537  15   1  84   0   0
   0    0            0      7310800       122688      2691496    0    0     0    59 4320 8803  13   1  86   0   0
   1    0            0      7315376       122700      2691496    0    0     0    83 4216 8398  15   1  84   0   0
   1    0            0      7311596       122716      2691500    0    0     0   137 4252 8604  13   1  86   0   0
   1    0            0      7295432       122736      2691500    0    0     0    75 15396 26629  15   2  83   0   0
   1    0            0      7262076       122760      2691760    0    0     0    53 15936 26245  14   3  83   0   0
   1    0            0      7240028       122784      2691504    0    0     0   424 6898 12464  11   1  88   0   0
   0    0            0      7217156       122828      2691512    0    0     0   296 4636 8616  11   1  88   0   0
   0    0            0      7233840       122828      2691512    0    0     0    59 4440 8750  11   1  88   0   0
   0    0            0      7206832       122852      2691528    0    0     0    59 4743 8957  13   1  86   0   0
   1    0            0      7214156       122864      2691544    0    0     0   247 4337 8665  12   1  87   0   0
   0    0            0      7287720       122888      2691544    0    0     0   144 13107 26164  16   2  82   0   0
   2    0            0      7268532       122920      2691544    0    0     0    85 14996 28395  17   2  81   0   0
   1    0            0      7234516       122948      2691544    0    0     0    63 10518 21734  15   1  84   0   0
--procs-- -----------------------memory---------------------- ---swap-- -----io---- -system-- --------cpu--------
   r    b         swpd         free         buff        cache   si   so    bi    bo   in   cs  us  sy  id  wa  st
   2    0            0      7245944       122968      2691544    0    0     0    69 4313 8586  13   1  86   0   0
   0    0            0      7242000       122984      2691532    0    0     0   132 4070 8245  12   1  87   0   0
   1    0            0      7208964       123008      2691548    0    0     0    69 4326 8805  13   1  86   0   0
   2    0            0      7190756       123048      2691556    0    0     0    69 4437 8806  12   1  87   0   0
   1    0            0      7193780       123072      2691556    0    0     0   412 4241 8566  13   1  86   0   0
   2    0            0      7182632       123096      2691556    0    0     0    56 4673 9235  13   1  86   0   0
   3    0            0      7297276       123116      2691568    0    0     0    73 11538 22311  15   2  83   0   0
   0    0            0      7264984       123128      2691576    0    0     0    60 14758 27814  15   2  83   0   0
   0    0            0      7230564       123152      2691592    0    0     0    95 9976 20873  13   2  86   0   0
   0    0            0      7227568       123168      2691592    0    0     0   141 4191 8586  11   1  88   0   0
   0    0            0      7320716       123212      2691592    0    0     0   120 4353 8987  12   1  87   0   0
   0    0            0      7317100       123216      2691592    0    0     0    75 4280 8644  12   1  87   0   0
   0    0            0      7257776       123236      2691592    0    0     0    61 10470 18117  14   2  83   0   0
   0    0            0      7273064       123244      2691524    0    0     0   136 16181 26899  15   2  83   0   0
   1    0            0      7239128       123264      2691520    0    0     0    77 14948 23236  16   2  82   0   0
   1    0            0      7226524       123280      2691604    0    0     0    53 5625 10322  13   1  86   0   0
   1    0            0      7204796       123296      2691620    0    0     0   428 4476 8649  13   1  86   0   0
   2    0            0      7225344       123316      2691620    0    0     0   137 4280 8704  13   1  86   0   0
   1    0            0      7202672       123340      2691620    0    0     0    80 4301 8696  12   1  87   0   0
   1    0            0      7202832       123364      2691628    0    0     0    53 4407 8883  13   1  86   0   0
   2    0            0      7174348       123376      2691628    0    0     0    68 5432 11003  12   1  86   0   0
--procs-- -----------------------memory---------------------- ---swap-- -----io---- -system-- --------cpu--------
   r    b         swpd         free         buff        cache   si   so    bi    bo   in   cs  us  sy  id  wa  st
   1    0            0      7279548       123404      2691628    0    0     0   144 16471 27323  16   2  81   0   0
   3    0            0      7221640       123432      2691784    0    0     0    84 16677 27836  16   2  81   0   0
   1    0            0      7216844       123456      2691644    0    0     0    53 4552 9521  13   1  86   0   0
   0    0            0      7224428       123464      2691644    0    0     0    97 4254 8551  14   1  85   0   0
   0    0            0      7209076       123476      2691644    0    0     0   159 4205 8552  13   1  86   0   0
   0    0            0      7215540       123488      2691656    0    0     0    75 4143 8584  13   1  86   0   0
   1    0            0      7216056       123508      2691660    0    0     0    60 4556 8919  13   1  86   0   0
   1    0            0      7180676       123528      2691660    0    0     0   425 12719 21888  15   2  83   0   0
   2    0            0      7254516       123540      2691660    0    0     0   139 15270 27469  17   2  81   0   0
   2    0            0      7233264       123564      2691660    0    0     0    73 16137 30648  16   3  81   0   0
   2    0            0      7224360       123588      2691660    0    0     0    53 5476 11005  14   1  85   0   0
   2    0            0      7213568       123608      2691640    0    0     0   153 4284 8689  13   1  86   0   0
   1    0            0      7267912       123624      2691668    0    0     0   141 4257 8642  14   1  85   0   0
   0    0            0      7286188       123636      2691668    0    0     0    76 4287 8729  13   1  86   0   0
   1    0            0      7280052       123648      2691684    0    0     0    64 4309 8761  13   1  86   0   0
   8    0            0      7335236       123660      2679540    0    0     0    85 6240 11477  14   1  85   0   0
   1    0            0      7284512       123664      2691748    0    0     0   139 15848 28687  16   3  82   0   0
   0    0            0      7245804       123672      2691744    0    0     0   421 11207 18774  15   2  83   0   0
   0    0            0      7231276       123688      2691748    0    0     0    53 10982 20602  14   1  84   0   0
   0    0            0      7200516       123700      2691748    0    0     0    68 4670 8973  12   1  87   0   0
   0    0            0      7216076       123740      2691748    0    0     0   167 4198 8349  11   1  88   0   0
--procs-- -----------------------memory---------------------- ---swap-- -----io---- -system-- --------cpu--------
   r    b         swpd         free         buff        cache   si   so    bi    bo   in   cs  us  sy  id  wa  st
   2    0            0      7206916       123756      2691752    0    0     0   228 4347 8647  11   1  88   0   0
   1    0            0      7204396       123776      2691752    0    0     0    56 4178 8505  12   1  88   0   0
   1    0            0      7300016       123796      2691752    0    0     0    71 5920 11860  15   1  84   0   0
   1    0            0      7267180       123800      2691752    0    0     0   137 14283 25626  16   2  81   0   0
   5    0            0      7240896       123824      2691764    0    0     0    79 14515 26882  17   2  81   0   0
   0    0            0      7216176       123852      2691964    0    0     0    59 11570 22132  15   2  83   0   0
   0    0            0      7190612       123868      2691984    0    0     0   201 4365 8902  13   1  87   0   0
   0    0            0      7206604       123892      2691988    0    0     0    60 4223 8439  12   1  87   0   0
   0    0            0      7317896       123900      2691984    0    0     0   343 4396 9105  13   1  86   0   0
   0    0            0      7306564       123912      2691988    0    0     0    53 4246 8774  13   1  87   0   0
   0    0            0      7301540       123916      2692248    0    0     0    68 4884 9913  12   1  87   0   0
   2    0            0      7251928       123932      2691988    0    0     0   137 15566 25706  15   2  83   0   0
   1    0            0      7234484       123944      2691984    0    0     0    73 15470 26884  16   2  82   0   0
   1    0            0      7191540       123968      2691988    0    0     0    53 6523 12155  13   1  86   0   0
   1    0            0      7282264       124000      2692004    0    0     0   101 4290 8995  13   1  86   0   0
   2    0            0      7250952       124020      2692004    0    0     0   159 4286 8620  12   1  87   0   0
   2    0            0      7265896       124040      2692000    0    0     0    87 4239 8462  12   1  87   0   0
   2    0            0      7254036       124052      2692004    0    0     0    53 4401 8969  12   1  87   0   0
   2    0            0      7215776       124060      2692004    0    0     0    72 4328 8604  13   1  86   0   0
   0    0            0      7228052       124072      2692004    0    0     0   140 4160 8371  12   1  87   0   0
   8    0            0      7234600       124104      2692020    0    0     0   471 4244 8536  12   1  87   0   0
--procs-- -----------------------memory---------------------- ---swap-- -----io---- -system-- --------cpu--------
   r    b         swpd         free         buff        cache   si   so    bi    bo   in   cs  us  sy  id  wa  st
   1    0            0      7225268       124120      2700228    0    0     0    53 4664 9606  14   1  85   0   0
   0    0            0      7307688       124136      2700228    0    0     0    76 4280 8761  14   1  85   0   0
   0    0            0      7307688       124136      2700232    0    0     0   136 4243 8534  12   1  87   0   0
   7    0            0      8335928       124164      1862564    0    0     0    76 5414 10243   9   2  89   0   0
   8    0            0      8292584       124212      1856744    0    0     0   183 6812 13596  17   1  81   0   0
   1    0            0      8361844       124236      1841440    0    0     0   364 4217 7770  10   1  89   0   0
   0    0            0      8402632       124288      1843644    0    0     0   209 2537 4656   9   1  91   0   0
   1    0            0      8410216       124312      1843660    0    0     0   275  551 1117   1   0  98   0   0
   0    0            0      8419540       124328      1843676    0    0     0    57  583 1130   2   0  98   0   0
   0    0            0      8419288       124340      1843676    0    0     0    60  218  659   0   0 100   0   0
   0    0            0      8419040       124356      1843676    0    0     0   144  265  725   1   0  99   0   0
   2    0            0      8419560       124380      1843672    0    0     0   415  257  741   1   0  99   0   0
   1    0            0      8416524       124400      1843676    0    0     0    83  348  890   1   0  99   0   0
   0    0            0      8416524       124420      1843656    0    0     0    59  245  709   1   0  99   0   0
   0    0            0      8417028       124440      1843676    0    0     0   139  287  640   0   0 100   0   0
   0    0            0      8420308       124452      1843672    0    0     0    79  328  803   1   0  99   0   0
   0    0            0      8419048       124468      1843680    0    0     0    56  358  901   1   0  99   0   0
   0    0            0      8418296       124500      1843680    0    0     0   197  273  747   1   0  99   0   0
   0    0            0      8418044       124512      1843668    0    0     0    53  233  692   1   0  99   0   0
   0    0            0      8425364       124524      1843692    0    0     0    75  249  700   0   0  99   0   0
   1    0            0      8415540       124548      1843696    0    0     0    55  414  935   1   0  99   0   0
--procs-- -----------------------memory---------------------- ---swap-- -----io---- -system-- --------cpu--------
   r    b         swpd         free         buff        cache   si   so    bi    bo   in   cs  us  sy  id  wa  st
   1    0            0      8415036       124564      1843696    0    0     0    72  342  831   2   0  98   0   0
   0    0            0      8414784       124572      1843688    0    0     0   137  251  716   0   0  99   0   0
   0    0            0      8424704       124584      1843692    0    0     0   397  413  952   2   0  98   0   0
   1    0            0      8422940       124592      1843696    0    0     0    55  348  863   1   0  99   0   0
   0    0            0      8418408       124612      1843696    0    0     0    73  264  750   1   0  99   0   0
   1    0            0      8404812       124640      1843700    0    0     0   415  408  810   1   0  99   0   0
   0    0            0      8404812       124664      1843680    0    0     0   112  405  997   1   0  99   0   0
   0    0            0      8406832       124672      1843700    0    0     0    53  442 1045   1   0  99   0   0
   0    0            0      8407084       124680      1843692    0    0     0   153  204  651   0   0 100   0   0
   0    0            0      8407084       124704      1843700    0    0     0    59  243  739   1   0  99   0   0
   0    0            0      8404816       124720      1843684    0    0     0    73  228  681   0   0  99   0   0
   0    0            0      8402548       124736      1843696    0    0     0    55  421  929   1   0  99   0   0
   0    0            0      8407340       124752      1843700    0    0     0   284  265  773   1   0  99   0   0
   0    0            0      8407340       124764      1843688    0    0     0   137  205  636   0   0 100   0   0
   0    0            0      8407088       124788      1843704    0    0     0    75  256  726   1   0  99   0   0
   0    0            0      8409476       124808      1843696    0    0     0    63  393  877   1   0  99   0   0
   0    0            0      8409356       124852      1843716    0    0     0   109  299  705   1   0  99   0   0
   0    0            0      8408600       124876      1843716    0    0     0   144  304  697   0   0  99   0   0
   1    0            0      8409904       124904      1835544    0    0     0   887 2590 5026   8   1  91   0   0
   8    0            0      8401588       124908      1831796    0    0     0    69 2102 3966   6   1  94   0   0
   0    0            0      8397808       124928      1831908    0    0     0    68  299  718   1   0  99   0   0
--procs-- -----------------------memory---------------------- ---swap-- -----io---- -system-- --------cpu--------
   r    b         swpd         free         buff        cache   si   so    bi    bo   in   cs  us  sy  id  wa  st
   2    0            0      8397560       124952      1831908    0    0     0   133  292  754   1   0  99   0   0
   0    0            0      8404380       124972      1831892    0    0     0   112  476 1074   2   0  98   0   0
   0    0            0      8426844       125004      1831912    0    0     0   168  454 1097   1   0  98   0   0
   0    0            0      8426344       125012      1831904    0    0     0   424  313  859   1   0  99   0   0
   0    0            0      8427100       125032      1831912    0    0     0   159  225  665   0   0  99   0   0
   0    0            0      8426596       125072      1831912    0    0     0   148  408  921   1   0  99   0   0
   0    0            0      8421816       125084      1831916    0    0     0    81  463 1078   1   0  99   0   0
   0    0            0      8421564       125108      1831932    0    0     0   159  293  762   0   0  99   0   0
   0    0            0      8421312       125124      1831932    0    0     0    85  240  673   0   0  99   0   0
   0    0            0      8420304       125140      1831932    0    0     0    55  230  680   1   0  99   0   0
   0    0            0      8422852       125140      1831932    0    0     0    68  418  920   1   0  99   0   0
   0    0            0      8422600       125140      1831932    0    0     0    59  267  753   1   0  99   0   0
   0    0            0      8422600       125144      1831932    0    0     0   155  220  590   0   0  99   0   0
   0    0            0      8419832       125144      1831932    0    0     0    56  255  705   0   0  99   0   0
   0    0            0      8421848       125164      1831932    0    0     0    71  368  873   1   0  99   0   0
   0    0            0      8421596       125188      1831908    0    0     0   411  245  652   0   0 100   0   0
   0    0            0      8415296       125220      1831932    0    0     0   185  277  738   0   0  99   0   0
   0    0            0      8415296       125236      1831916    0    0     0    59  225  663   0   0 100   0   0
   0    0            0      8417060       125240      1831936    0    0     0    93  409  975   1   0  99   0   0
   0    0            0      8416808       125248      1831936    0    0     0    59  224  683   1   0  99   0   0
   0    0            0      8415548       125268      1831936    0    0     0   151  274  720   1   0  99   0   0
--procs-- -----------------------memory---------------------- ---swap-- -----io---- -system-- --------cpu--------
   r    b         swpd         free         buff        cache   si   so    bi    bo   in   cs  us  sy  id  wa  st
   1    0            0      8415048       125300      1831936    0    0     0    55  289  798   1   0  99   0   0
   0    0            0      8430964       125320      1831940    0    0     0   120  443 1080   2   0  98   0   0
   0    0            0      8431728       125328      1831940    0    0     0    63  313  874   1   0  99   0   0
   0    0            0      8431728       125348      1831940    0    0     0   156  209  659   0   0  99   0   0
   0    0            0      8431228       125356      1831944    0    0     0    65  372  923   1   0  99   0   0
   0    0            0      8426944       125364      1831944    0    0     0   109  419 1044   1   0  99   0   0
   0    0            0      8426944       125376      1831944    0    0     0   419  246  637   0   0 100   0   0
   0    0            0      8423920       125396      1831948    0    0     0   164  280  730   0   0  99   0   0
   0    0            0      8423920       125416      1831928    0    0     0    55  224  686   0   0 100   0   0
   0    0            0      8423164       125432      1831948    0    0     0    72  434  942   1   0  99   0   0
   1    0            0      8423164       125448      1831932    0    0     0   215  236  767   0   0  99   0   0
   0    0            0      8422916       125472      1831948    0    0     0   160  238  645   0   0 100   0   0
   0    0            0      8422916       125476      1831948    0    0     0    56  273  788   1   0  99   0   0
   0    0            0      8429720       125480      1831948    0    0     0    72  397  936   0   0  99   0   0
   0    0            0      8424680       125500      1831948    0    0     0    60  246  757   0   0  99   0   0
   0    0            0      8427704       125504      1831948    0    0     0   151  250  721   1   0  99   0   0
   0    0            0      8427704       125524      1831468    0    0     0    56  230  696   0   0  99   0   0
   0    0            0      8427956       125548      1831476    0    0     0   139  471  978   1   0  99   0   0
   0    0            0      8427956       125572      1831476    0    0     0   368  234  591   0   0 100   0   0
   0    0            0      8422668       125576      1831476    0    0     0    79  269  684   1   0  99   0   0
   0    0            0      8422748       125604      1831448    0    0     0    67  356  893   1   0  99   0   0
--procs-- -----------------------memory---------------------- ---swap-- -----io---- -system-- --------cpu--------
   r    b         swpd         free         buff        cache   si   so    bi    bo   in   cs  us  sy  id  wa  st
   1    0            0      8426952       125640      1831460    0    0     0   165  387  860   1   0  99   0   0
   0    0            0      8426196       125640      1831476    0    0     0    60  284  699   0   0  99   0   0
   0    0            0      8425944       125660      1831476    0    0     0   160  215  593   0   0  99   0   0
   0    0            0      8420904       125664      1831476    0    0     0    56  354  818   1   0  99   0   0
   0    0            0      8423932       125676      1831480    0    0     0    71  409  955   1   0  99   0   0
   1    0            0      8423932       125680      1831480    0    0     0    60  193  549   0   0 100   0   0
   0    0            0      8423428       125692      1831484    0    0     0   188  235  685   0   0 100   0   0
   0    0            0      8423176       125700      1831488    0    0     0   387  272  615   0   0 100   0   0
   0    0            0      8417912       125708      1831488    0    0     0    75  499  896   1   0  99   0   0
   0    0            0      8420936       125716      1831488    0    0     0    59  280  708   1   0  99   0   0
   1    0            0      8420936       125736      1831488    0    0     0   161  268  628   0   0  99   0   0
   0    0            0      8420432       125748      1831488    0    0     0    56  245  689   1   0  99   0   0
   0    0            0      8421440       125756      1831488    0    0     0    76  378  891   1   0  99   0   0
   0    0            0      8416652       125772      1831488    0    0     0    60  242  657   0   0  99   0   0
   0    0            0      8414384       125784      1831488    0    0     0   151  238  660   0   0  99   0   0
   0    0            0      8413628       125788      1831484    0    0     0    56  221  677   1   0  99   0   0
   1    0            0      8414388       125808      1831488    0    0     0    97  467  943   1   0  99   0   0
   0    0            0      8414388       125816      1831492    0    0     0    63  237  640   0   0  99   0   0
   0    0            0      8413128       125824      1831492    0    0     0   177  268  669   1   0  99   0   0
   0    0            0      8411364       125840      1831492    0    0     0   413  253  786   1   0  99   0   0
   0    0            0      8417412       125868      1831500    0    0     0    72  371  868   0   0  99   0   0
--procs-- -----------------------memory---------------------- ---swap-- -----io---- -system-- --------cpu--------
   r    b         swpd         free         buff        cache   si   so    bi    bo   in   cs  us  sy  id  wa  st
   1    0            0      8416404       125884      1831484    0    0     0    63  250  692   1   0  99   0   0
   0    0            0      8416152       125888      1831496    0    0     0   152  188  642   0   0 100   0   0
   0    0            0      8415144       125900      1831500    0    0     0    56  312  817   1   0  99   0   0
   0    0            0      8416660       125912      1831500    0    0     0    71  412  950   1   0  99   0   0
   0    0            0      8416660       125928      1831484    0    0     0    60  178  582   0   0 100   0   0
   0    0            0      8416660       125956      1831472    0    0     0   181  227  590   0   0  99   0   0
   0    0            0      8416408       125980      1831476    0    0     0    55  225  642   0   0  99   0   0
   0    0            0      8412376       126000      1831480    0    0     0    75  486 1002   1   0  99   0   0
   0    0            0      8411872       126012      1831504    0    0     0    59  286  709   1   0  99   0   0
   0    0            0      8411872       126032      1831504    0    0     0   149  253  618   0   0  99   0   0
   0    0            0      8411620       126056      1831480    0    0     0   419  286  715   1   0  99   0   0
   0    0            0      8408624       126064      1831504    0    0     0   117  442  915   1   0  99   0   0
   0    0            0      8407112       126064      1831504    0    0     0    63  272  691   1   0  99   0   0
   0    0            0      8405348       126088      1831504    0    0     0   157  241  678   0   0  99   0   0
   0    0            0      8405348       126104      1831488    0    0     0    56  224  648   0   0  99   0   0
   0    0            0      8406360       126124      1831572    0    0     0   311  444  970   1   0  99   0   0
   0    0            0      8406360       126132      1831564    0    0     0    61  206  577   0   0 100   0   0
   0    0            0      8404848       126140      1831564    0    0     0   164  270  675   1   0  99   0   0
   0    0            0      8403840       126144      1831572    0    0     0    63  282  731   1   0  99   0   0
   0    0            0      8404092       126172      1831576    0    0     0   171  369  937   1   0  99   0   0
   0    0            0      8403840       126192      1831576    0    0     0    61  255  782   1   0  99   0   0
--procs-- -----------------------memory---------------------- ---swap-- -----io---- -system-- --------cpu--------
   r    b         swpd         free         buff        cache   si   so    bi    bo   in   cs  us  sy  id  wa  st
   1    0            0      8403840       126200      1831576    0    0     0    69  195  644   0   0 100   0   0
   0    0            0      8403588       126208      1831568    0    0     0   247  328  905   1   0  99   0   0
   2    0            0      8404096       126216      1831576    0    0     0    65  383  997   1   0  99   0   0
   0    0            0      8404096       126232      1831560    0    0     0   140  220  686   0   0  99   0   0
   0    0            0      8403844       126252      1831576    0    0     0   103  255  729   1   0  99   0   0
   0    0            0      8403844       126260      1831576    0    0     0    55  210  656   0   0 100   0   0
   1    0            0      8410400       126272      1831576    0    0     0    71  398  981   1   0  99   0   0
   0    0            0      8410400       126272      1831580    0    0     0    63  253  746   0   0  99   0   0
   0    0            0      8409144       126284      1831584    0    0     0   168  219  682   1   0  99   0   0
   0    0            0      8409144       126292      1831584    0    0     0    56  249  777   1   0  99   0   0
   0    0            0      8409144       126312      1831584    0    0     0    89  396  906   1   0  99   0   0
   0    0            0      8408644       126316      1831588    0    0     0    63  242  725   1   0  99   0   0
   0    0            0      8408644       126336      1831588    0    0     0   153  224  690   1   0  99   0   0
   0    0            0      8406880       126360      1831596    0    0     0   549  262  797   1   0  99   0   0
   0    0            0      8407648       126376      1831596    0    0     0   100  425  990   1   0  99   0   0
   0    0            0      8405884       126384      1831708    0    0     0    65  245  693   0   0 100   0   0
   0    0            0      8434512       126400      1831708    0    0     0   208  389  928   2   0  98   0   0
   1    0            0      8441572       126424      1831484    0    0     0    60  334 1000   1   0  99   0   0
   0    0            0      8442076       126432      1831484    0    0     0    76  458 1026   1   0  99   0   0
   0    0            0      8441068       126448      1831484    0    0     0    63  316  754   1   0  99   0   0
   0    0            0      8440312       126464      1831484    0    0     0   153  239  648   0   0 100   0   0
--procs-- -----------------------memory---------------------- ---swap-- -----io---- -system-- --------cpu--------
   r    b         swpd         free         buff        cache   si   so    bi    bo   in   cs  us  sy  id  wa  st
   1    0            0      8437540       126476      1831488    0    0     0    56  334  839   1   0  99   0   0
   0    0            0      8440312       126500      1831460    0    0     0    72  377  912   1   0  99   0   0
   0    0            0      8435272       126504      1831492    0    0     0   384  230  551   0   0  99   0   0
   0    0            0      8434516       126516      1831496    0    0     0   181  241  685   1   0  99   0   0
   0    0            0      8434516       126540      1831496    0    0     0    55  216  615   0   0  99   0   0
   0    0            0      8430240       126552      1831500    0    0     0    77  448 1016   1   0  99   0   0
   1    0            0      8429992       126572      1831500    0    0     0    59  246  719   0   0  99   0   0
   1    0            0      8429992       126580      1831500    0    0     0   152  222  657   0   0  99   0   0
   0    0            0      8429496       126604      1831500    0    0     0    71  279  753   1   0  99   0   0
   0    0            0      8430756       126616      1831500    0    0     0   167  368  830   1   0  99   0   0
   0    0            0      8430756       126624      1831492    0    0     0    61  244  699   1   0  99   0   0
   0    0            0      8430504       126640      1831504    0    0     0    72  214  639   0   0  99   0   0
   0    0            0      8430504       126652      1831504    0    0     0    56  215  660   1   0  99   0   0
   0    0            0      8426976       126672      1831632    0    0     0    97  427 1004   1   0  99   0   0
   0    0            0      8426976       126684      1831632    0    0     0   417  220  609   0   0 100   0   0
   0    0            0      8440836       126688      1831632    0    0     0   160  354  906   2   0  98   0   0
   0    0            0      8439328       126692      1831632    0    0     0    55  302  892   1   0  99   0   0
   0    0            0      8443864       126712      1831632    0    0     0    68  412  945   1   0  99   0   0
   0    0            0      8443612       126736      1831632    0    0     0    63  286  767   1   0  99   0   0
   0    0            0      8443360       126748      1831632    0    0     0   168  274  777   0   0  99   0   0
   0    0            0      8438068       126756      1831636    0    0     0   273  244  723   1   0  99   0   0
--procs-- -----------------------memory---------------------- ---swap-- -----io---- -system-- --------cpu--------
   r    b         swpd         free         buff        cache   si   so    bi    bo   in   cs  us  sy  id  wa  st
   1    0            0      8435800       126756      1831636    0    0     0    83  398  919   1   0  99   0   0
   0    0            0      8435548       126776      1831616    0    0     0    60  197  662   0   0  99   0   0
   0    0            0      8430256       126812      1831640    0    0     0   185  241  625   0   0  99   0   0
   0    0            0      8430256       126816      1831640    0    0     0    55  218  652   0   0  99   0   0
   0    0            0      8436808       126832      1831640    0    0     0    72  388  981   1   0  99   0   0
   0    0            0      8436808       126836      1831640    0    0     0   247  233  709   1   0  99   0   0
   0    0            0      8432524       126848      1831640    0    0     0   153  225  689   0   0  99   0   0
   0    0            0      8432776       126860      1831640    0    0     0    59  244  682   1   0  99   0   0
   0    0            0      8438320       126876      1831644    0    0     0    68  379  949   1   0  99   0   0
   0    0            0      8437816       126892      1831628    0    0     0    61  295  730   1   0  99   0   0
   0    0            0      8437816       126908      1831628    0    0     0   163  275  688   0   0  99   0   0
   0    0            0      8437564       126916      1831644    0    0     0    56  246  691   1   0  99   0   0
   0    0            0      8435296       126924      1831648    0    0     0   288  455  940   1   0  99   0   0
   0    0            0      8435044       126944      1831648    0    0     0    59  225  634   0   0 100   0   0
   0    0            0      8433536       126948      1831644    0    0     0   223  293  695   1   0  99   0   0
   0    0            0      8432784       126960      1831648    0    0     0    55  250  743   1   0  99   0   0
   0    0            0      8428500       126980      1831648    0    0     0    68  381  911   1   0  99   0   0
   0    0            0      8428500       127004      1831624    0    0     0    63  259  675   0   0  99   0   0
   0    0            0      8428500       127004      1831648    0    0     0   273  265  698   0   0  99   0   0
   0    0            0      8428500       127012      1831648    0    0     0    61  280  765   1   0  99   0   0
   0    0            0      8431528       127016      1831652    0    0     0    72  395  871   1   0  99   0   0
--procs-- -----------------------memory---------------------- ---swap-- -----io---- -system-- --------cpu--------
   r    b         swpd         free         buff        cache   si   so    bi    bo   in   cs  us  sy  id  wa  st
   1    0            0      8431528       127020      1831652    0    0     0   159  220  643   0   0  99   0   0
   1    0            0      8431528       127028      1831652    0    0     0   101  219  670   0   0  99   0   0
   1    0            0      8431528       127048      1831652    0    0     0    55  210  657   0   0  99   0   0
   0    0            0      8431532       127060      1831652    0    0     0    72  426 1013   1   0  99   0   0
   0    0            0      8431532       127064      1831652    0    0     0    59  228  716   0   0  99   0   0
   1    0            0      8431532       127088      1831652    0    0     0   153  223  688   1   0  99   0   0
   0    0            0      8431284       127100      1831652    0    0     0    59  228  713   1   0  99   0   0
   0    0            0      8430276       127104      1831656    0    0     0   397  400  946   1   0  99   0   0
   0    0            0      8429520       127104      1831656    0    0     0    60  245  727   1   0  99   0   0
   0    0            0      8429520       127104      1831656    0    0     0   173  242  720   0   0  99   0   0
   0    0            0      8429520       127112      1831660    0    0     0    57  227  739   0   0  99   0   0
   0    0            0      8431284       127128      1831788    0    0     0   108  373  938   1   0  99   0   0
   0    0            0      8431284       127132      1831788    0    0     0    59  214  609   1   0  99   0   0
   1    0            0      8430024       127140      1831788    0    0     0   163  269  683   1   0  99   0   0
   0    0            0      8429016       127156      1831788    0    0     0    55  256  723   1   0  99   0   0
   0    0            0      8424984       127156      1831792    0    0     0    68  396  939   1   0  99   0   0
   0    0            0      8424984       127160      1831792    0    0     0    63  242  654   0   0  99   0   0
   1    0            0      8424984       127164      1831792    0    0     0   155  251  679   1   0  99   0   0
   0    0            0      8424736       127180      1831792    0    0     0    56  256  750   1   0  99   0   0
   0    0            0      8425492       127200      1831792    0    0     0   432  397  937   1   0  99   0   0
   0    0            0      8425492       127212      1831792    0    0     0    61  251  617   0   0  99   0   0
--procs-- -----------------------memory---------------------- ---swap-- -----io---- -system-- --------cpu--------
   r    b         swpd         free         buff        cache   si   so    bi    bo   in   cs  us  sy  id  wa  st
   2    0            0      8425492       127232      1831792    0    0     0   185  248  643   0   0  99   0   0
   0    0            0      8424988       127248      1831776    0    0     0    55  234  705   1   0  99   0   0
   0    0            0      8430036       127256      1831792    0    0     0    75  415  987   1   0  99   0   0
   1    0            0      8430036       127280      1831796    0    0     0    59  237  684   1   0  99   0   0
   0    0            0      8429784       127300      1831796    0    0     0   361  235  667   0   0  99   0   0
   0    0            0      8429536       127308      1831796    0    0     0    61  259  739   0   0  99   0   0
   0    0            0      8431552       127324      1831796    0    0     0    69  418  962   1   0  99   0   0
   0    0            0      8431552       127324      1831796    0    0     0    60  232  700   1   0  99   0   0
   0    0            0      8431552       127324      1831796    0    0     0   152  214  617   0   0 100   0   0
   0    0            0      8431552       127332      1831796    0    0     0    59  241  712   0   0  99   0   0
   0    0            0      8433568       127360      1831796    0    0     0   292  408  948   1   0  99   0   0
   1    0            0      8433316       127376      1831796    0    0     0   156  223  678   0   0  99   0   0
   0    0            0      8432056       127380      1831796    0    0     0    79  287  641   1   0  99   0   0
   0    0            0      8432056       127396      1831796    0    0     0    55  268  669   1   0  99   0   0
   0    0            0      8432560       127408      1831796    0    0     0    65  421  857   1   0  99   0   0
   0    0            0      8432560       127416      1831800    0    0     0    63  231  689   0   0  99   0   0
   0    0            0      8432560       127432      1831800    0    0     0   153  204  654   0   0 100   0   0
   0    0            0      8432560       127452      1831800    0    0     0   237  311  814   1   0  99   0   0
   0    0            0      8428528       127464      1831804    0    0     0    68  383  876   1   0  99   0   0
   0    0            0      8428528       127472      1831804    0    0     0    63  210  692   0   0  99   0   0
   0    0            0      8428528       127488      1831804    0    0     0   199  244  679   0   0 100   0   0
--procs-- -----------------------memory---------------------- ---swap-- -----io---- -system-- --------cpu--------
   r    b         swpd         free         buff        cache   si   so    bi    bo   in   cs  us  sy  id  wa  st
   1    0            0      8432812       127488      1831804    0    0     0    55  279  666   1   0  99   0   0
   0    0            0      8431300       127508      1831784    0    0     0    81  473  983   1   0  99   0   0
   0    0            0      8431300       127512      1831808    0    0     0    60  302  617   0   0  99   0   0
   0    0            0      8430040       127540      1831808    0    0     0   371  222  569   0   0  99   0   0
   0    0            0      8430040       127556      1831808    0    0     0    59  234  708   1   0  99   0   0
   0    0            0      8434576       127564      1831808    0    0     0    81  378  866   1   0  99   0   0
   0    0            0      8434072       127572      1831812    0    0     0    60  251  722   1   0  99   0   0
   0    0            0      8433572       127572      1831812    0    0     0   157  226  660   0   0  99   0   0
   0    0            0      8426268       127576      1831812    0    0     0    56  235  692   0   0  99   0   0
   0    0            0      8428284       127604      1831812    0    0     0   100  394  966   1   0  99   0   0
   0    0            0      8428284       127628      1831812    0    0     0    69  240  719   1   0  99   0   0
   0    0            0      8427024       127636      1831812    0    0     0   172  266  737   1   0  99   0   0
   1    0            0      8425260       127656      1831812    0    0     0    55  251  675   1   0  99   0   0
   0    0            0      8426772       127672      1831812    0    0     0   395  385  952   1   0  99   0   0
   0    0            0      8426772       127692      1831812    0    0     0    63  248  717   0   0 100   0   0
   0    0            0      8426772       127696      1831812    0    0     0   153  255  786   0   0  99   0   0
   0    0            0      8426772       127712      1831812    0    0     0    56  261  699   1   0  99   0   0
   0    0            0      8425260       127728      1831816    0    0     0    68  383  918   1   0  99   0   0
   0    0            0      8425008       127736      1831816    0    0     0    63  203  666   1   0  99   0   0
   2    0            0      8425008       127780      1831816    0    0     0   184  218  690   0   0 100   0   0
   0    0            0      8425008       127792      1831816    0    0     0    56  247  709   1   0  99   0   0
--procs-- -----------------------memory---------------------- ---swap-- -----io---- -system-- --------cpu--------
   r    b         swpd         free         buff        cache   si   so    bi    bo   in   cs  us  sy  id  wa  st
   1    0            0      8422744       127820      1831820    0    0     0    79  490 1040   1   0  99   0   0
   0    0            0      8422744       127832      1831808    0    0     0    59  253  702   1   0  99   0   0
   1    0            0      8422744       127844      1831820    0    0     0   153  236  684   0   0  99   0   0
   2    0            0      8422744       127852      1831812    0    0     0    59  254  707   1   0  99   0   0
   0    0            0      8428540       127864      1831828    0    0     0   424  404  927   1   0  99   0   0
   0    0            0      8428540       127876      1831816    0    0     0    60  238  636   0   0  99   0   0
   0    0            0      8428292       127892      1831832    0    0     0   159  243  621   0   0  99   0   0
   0    0            0      8428292       127912      1831812    0    0     0    59  223  666   1   0  99   0   0
   0    0            0      8426024       127928      1831832    0    0     0   256  398  926   1   0  99   0   0
   0    0            0      8426024       127944      1831832    0    0     0    85  235  596   1   0  99   0   0
   0    0            0      8425268       127960      1831832    0    0     0   173  312  660   1   0  99   0   0
   0    0            0      8424260       127960      1831836    0    0     0    57  307  798   1   0  99   0   0
   0    0            0      8417204       127972      1831836    0    0     0    87  441  928   1   0  99   0   0
   0    0            0      8417204       127984      1831828    0    0     0    65  238  623   0   0  99   0   0
   2    0            0      8416704       128012      1831840    0    0     0   156  233  628   0   0  99   0   0
   0    0            0      8416956       128020      1831840    0    0     0    56  262  718   0   0  99   0   0
   2    0            0      8422752       128028      1831840    0    0     0   319  375  912   1   0  99   0   0
   0    0            0      8422752       128056      1831812    0    0     0    63  216  667   0   0 100   0   0
   0    0            0      8422252       128076      1831828    0    0     0   179  239  710   0   0  99   0   0
   0    0            0      8421748       128080      1831844    0    0     0    60  221  640   1   0  99   0   0
   0    0            0      8425784       128096      1831844    0    0     0    75  422  928   0   0  99   0   0
--procs-- -----------------------memory---------------------- ---swap-- -----io---- -system-- --------cpu--------
   r    b         swpd         free         buff        cache   si   so    bi    bo   in   cs  us  sy  id  wa  st
   1    0            0      8425280       128104      1831844    0    0     0    60  287  686   1   0  99   0   0
   0    0            0      8425560       128112      1831852    0    0     0   153  317  709   0   0  99   0   0
   1    0            0      8425060       128132      1831860    0    0     0    67  275  704   0   0  99   0   0
   0    0            0      8427076       128152      1831860    0    0     0    75  422  896   1   0  99   0   0
   0    0            0      8426824       128160      1831860    0    0     0    60  232  715   0   0  99   0   0
   1    0            0      8425564       128172      1831848    0    0     0   133  212  677   0   0  99   0   0
   0    0            0      8424560       128180      1831860    0    0     0    72  277  701   1   0  99   0   0
   0    0            0      8424060       128200      1831864    0    0     0   444  415  951   1   0  99   0   0
   0    0            0      8423304       128224      1831840    0    0     0    68  218  648   0   0  99   0   0
   0    0            0      8422804       128248      1831864    0    0     0   143  266  713   1   0  99   0   0
   0    0            0      8420788       128256      1831864    0    0     0    75  245  753   1   0  99   0   0
   1    0            0      8421292       128272      1831860    0    0     0    60  440  969   1   0  99   0   0
   1    0            0      8419712       128296      1831896    0    0     0  3579  387  841   2   0  98   0   0
   0    0            0      8419460       128316      1831896    0    0     0    67  253  805   0   0  99   0   0
   0    0            0      8419212       128344      1831896    0    0     0    93  263  751   1   0  99   0   0
   0    0            0      8415180       128368      1831868    0    0     0    53  401  942   1   0  99   0   0
   0    0            0      8414928       128392      1831896    0    0     0    69  227  704   1   0  99   0   0
   0    0            0      8414928       128424      1831864    0    0     0   459  229  685   0   0  99   0   0
   0    0            0      8413448       128436      1831896    0    0     0    69  259  733   1   0  99   0   0
   1    0            0      8409416       128444      1831896    0    0     0    55  429 1027   1   0  99   0   0
   8    0            0      8413572       128460      1831896    0    0     0   208 2212 4993   8   1  91   0   0
--procs-- -----------------------memory---------------------- ---swap-- -----io---- -system-- --------cpu--------
   r    b         swpd         free         buff        cache   si   so    bi    bo   in   cs  us  sy  id  wa  st
   1    0            0      8408972       128468      1831896    0    0     0   145 3099 6049  14   1  85   0   0
  15    0            0      7916632       128496      2207572    0    0     0   940 10424 18743  29   3  68   0   0
  16    0            0      7902200       128524      2160280    0    0   228   236 16830 28264  65   8  27   0   0
   7    0            0      7321668       128564      2769104    0    0     0   517 18731 32679  59   9  32   0   0
   1    0            0      7352928       128600      2696280    0    0     0   240 16557 31004  44   7  50   0   0
   1    0            0      7303132       128616      2696496    0    0     0    63 12309 22629  20   3  77   0   0
   1    0            0      7237092       128628      2696316    0    0     0    60 13587 25576  16   2  82   0   0
   0    0            0      7364592       128644      2696316    0    0     0   120 13501 25249  16   2  82   0   0
   1    0            0      7318376       128676      2696336    0    0     0   537 9937 18196  15   2  83   0   0
   0    0            0      7318840       128676      2696340    0    0     0    55 13635 26345  16   2  82   0   0
   0    0            0      7315608       128688      2696348    0    0     0   936 4414 8871  13   1  86   0   0
   0    0            0      7330624       128708      2696560    0    0     0   115 9010 16233  16   1  83   0   0
   1    0            0      7305484       128724      2696368    0    0     0   313 13956 24977  15   2  83   0   0
   1    0            0      7256444       128736      2696144    0    0     0    57 13155 23928  16   2  82   0   0
   0    0            0      7254556       128740      2696388    0    0     0    55 5975 11262  14   1  85   0   0
   1    0            0      7224600       128752      2696388    0    0     0    63 4288 8563  12   1  87   0   0
   2    0            0      7204736       128772      2696392    0    0     0   144 4225 8736  12   1  87   0   0
   1    0            0      7209776       128772      2696392    0    0     0   121 4332 8443  14   1  85   0   0
   2    0            0      7292720       128772      2696392    0    0     0    55 8124 15053  16   1  83   0   0
   0    0            0      7257240       128772      2696396    0    0     0    73 13755 28042  16   2  82   0   0
   2    0            0      7219920       128788      2696396    0    0     0   381 12848 24491  15   2  83   0   0
--procs-- -----------------------memory---------------------- ---swap-- -----io---- -system-- --------cpu--------
   r    b         swpd         free         buff        cache   si   so    bi    bo   in   cs  us  sy  id  wa  st
   1    0            0      7203624       128788      2696396    0    0     0    69 12109 23287  15   2  83   0   0
   0    0            0      7257080       128808      2696396    0    0     0    59 4675 8956  13   1  86   0   0
   0    0            0      7258188       128828      2696396    0    0     0    99 4228 8294  13   1  86   0   0
  10    0            0      7250624       128848      2696512    0    0     0   164 4367 9122  13   1  86   0   0
   2    0            0      7221768       128892      2696420    0    0     0   143 4811 9807  13   1  86   0   0
   1    0            0      7255076       128896      2696420    0    0     0    55 11879 25217  17   2  81   0   0
   2    0            0      7248588       128920      2696436    0    0     0   105 14785 26664  16   2  81   0   0
   2    0            0      7244884       128924      2696436    0    0     0   189 13761 25287  14   2  83   0   0
   1    0            0      7260504       128928      2696436    0    0     0    55 9466 17327  15   2  83   0   0
   2    0            0      7260804       128944      2696436    0    0     0    53 4145 8918  12   1  87   0   0
   0    0            0      7223008       128948      2696436    0    0     0    79 4348 8289  13   1  86   0   0
   9    0            0      7210400       128960      2696560    0    0     0   491 4800 9658  13   1  86   0   0
   0    0            0      7211320       128980      2696484    0    0     0    75 11753 21663  15   2  83   0   0
   1    0            0      7182440       129008      2696452    0    0     0    53 14039 25972  16   3  81   0   0
   3    0            0      7156552       129020      2696680    0    0     0    77 13071 23557  16   2  82   0   0
   0    0            0      7136404       129032      2696460    0    0     0   137 5945 11317  14   1  85   0   0
   1    0            0      7146988       129036      2696496    0    0     0   104 4631 8671  13   1  86   0   0
   1    0            0      7135300       129040      2696496    0    0     0    57 4482 8890  13   1  86   0   0
   2    0            0      7135984       129044      2696580    0    0     0    75 4918 9296  13   1  86   0   0
   2    0            0      7135152       129044      2696856    0    0     0   139 11716 23019  15   2  83   0   0
   1    0            0      7257588       129056      2696632    0    0     0    80 12981 23180  17   2  80   0   0
--procs-- -----------------------memory---------------------- ---swap-- -----io---- -system-- --------cpu--------
   r    b         swpd         free         buff        cache   si   so    bi    bo   in   cs  us  sy  id  wa  st
   2    0            0      7250292       129068      2696700    0    0     0    69 6994 13075  14   1  85   0   0
   4    0            0      7288988       129072      2696700    0    0     0   139 4477 9009  14   1  85   0   0
   0    0            0      7283176       129076      2696720    0    0     0   519 4457 8742  12   1  87   0   0
   1    0            0      7265032       129084      2696728    0    0     0    61 4382 8639  12   1  87   0   0
   0    0            0      7269092       129096      2696728    0    0     0    53 4234 8867  11   1  87   0   0
   0    0            0      7279940       129124      2696728    0    0     0    60 13635 25161  15   2  83   0   0
   0    0            0      7239636       129144      2696732    0    0     0   137 10765 20946  14   2  84   0   0
   0    0            0      7212560       129156      2696732    0    0     0    55 10614 21356  13   2  85   0   0
   0    0            0      7192848       129164      2696764    0    0     0    53 4518 8826  12   1  87   0   0
   1    0            0      7203884       129192      2696768    0    0     0    85 4379 8693  13   1  86   0   0
   1    0            0      7181840       129196      2696768    0    0     0   137 4477 8713  12   1  87   0   0
   4    0            0      7182608       129212      2696768    0    0     0    87 4291 8803  12   1  87   0   0
   3    0            0      7146464       129220      2696784    0    0     0    59 10275 17810  14   2  85   0   0
   3    0            0      7236600       129236      2696800    0    0     0    85 17695 30496  18   3  79   0   0
   2    0            0      7203348       129260      2697020    0    0     0   479 14431 26721  15   2  82   0   0
   8    0            0      7188724       129280      2696800    0    0     0    83 9183 16365  15   1  84   0   0
   0    0            0      7165908       129284      2696804    0    0     0    53 4751 8960  13   1  86   0   0
   0    0            0      7171928       129296      2696804    0    0     0   219 4519 8549  13   1  87   0   0
   0    0            0      7169412       129304      2696804    0    0     0   147 4236 8533  12   1  87   0   0
   1    0            0      7131704       129316      2696428    0    0     0    75 10519 20333  15   2  83   0   0
   0    0            0      7119184       129336      2696824    0    0     0    53 10267 18448  16   2  83   0   0
--procs-- -----------------------memory---------------------- ---swap-- -----io---- -system-- --------cpu--------
   r    b         swpd         free         buff        cache   si   so    bi    bo   in   cs  us  sy  id  wa  st
   3    0            0      7097356       129360      2696700    0    0     0   168 13559 24606  15   2  83   0   0
   1    0            0      7217132       129368      2696828    0    0     0   149 11267 21184  17   2  82   0   0
   1    0            0      7217448       129380      2696844    0    0     0   165 4053 8344  13   1  86   0   0
   2    0            0      7198876       129396      2696844    0    0     0    83 4447 8866  13   1  86   0   0
   1    0            0      7285064       129412      2696860    0    0     0   247 4519 8973  15   1  85   0   0
   1    0            0      7250012       129420      2696636    0    0     0    55 6569 12846  13   1  86   0   0
   0    0            0      7254996       129436      2696864    0    0     0   147 12153 22063  16   2  83   0   0
   0    0            0      7232916       129456      2696868    0    0     0    57 13871 25524  15   2  83   0   0
   0    0            0      7210104       129480      2682992    0    0     0   141 13245 24922  22   2  76   0   0
   0    0            0      7202812       129488      2695152    0    0     0   149 5419 11362  24   2  75   0   0
   0    0            0      7174672       129500      2695168    0    0     0   139 5303 10626  24   2  74   0   0
   0    0            0      7159436       129516      2695188    0    0     0    53 4852 10206  14   1  85   0   0
   1    0            0      7218948       129536      2695204    0    0     0   143 9634 20708  17   3  80   0   0
   4    0            0      7194308       129544      2695228    0    0     0   197 4886 8966  14   2  84   0   0
   1    0            0      7191684       129588      2695264    0    0     0   183 5655 10756  21   1  78   0   0
   1    0            0      7173688       129596      2695300    0    0     0    53 5327 9601  17   1  82   0   0
   0    0            0      7187452       129624      2695320    0    0     0   191 4636 9011  13   1  86   0   0
   1    0            0      7177880       129640      2695320    0    0     0   148 4412 8864  13   1  86   0   0
   2    0            0      7177628       129664      2695368    0    0     0   147 4639 8912  13   1  85   0   0
   0    0            0      7174912       129680      2695368    0    0     0    53 4642 8860  13   1  86   0   0
   2    0            0      7097648       129700      2695376    0    0     0   199 7957 15833  16   2  82   0   0
--procs-- -----------------------memory---------------------- ---swap-- -----io---- -system-- --------cpu--------
   r    b         swpd         free         buff        cache   si   so    bi    bo   in   cs  us  sy  id  wa  st
   1    0            0      7109792       129704      2695192    0    0     0   173 4354 8654  14   1  85   0   0
   8    0            0      7089704       129708      2695392    0    0     0    63 4505 8996  14   1  85   0   0
   8    0            0      7084640       129736      2695392    0    0     0    53 4324 8801  12   1  88   0   0
   0    0            0      7091432       129756      2695392    0    0     0    77 4365 8534  12   1  87   0   0
   3    0            0      7071320       129760      2695392    0    0     0   341 4395 8793  14   1  85   0   0
   1    0            0      7267612       129760      2695392    0    0     0    72 4570 8837  15   1  84   0   0
   1    0            0      7248412       129768      2695392    0    0     0    55 7791 16945  16   3  81   0   0
   1    0            0      7241700       129780      2695392    0    0     0   137 4373 8892  14   1  85   0   0
   1    0            0      7228564       129800      2695392    0    0     0   172 4261 8698  14   1  85   0   0
   1    0            0      7219792       129808      2695396    0    0     0   139 4528 8714  15   1  85   0   0
   0    0            0      7224332       129820      2695428    0    0     0    59 4463 8832  14   1  86   0   0
   8    0            0      7197116       129828      2695428    0    0     0    83 4221 8654  12   1  86   0   0
   0    0            0      7204172       129832      2695428    0    0     0   143 4314 8541  12   1  86   0   0
   0    0            0      7153448       129852      2695636    0    0     0    76 6368 11948  14   1  85   0   0
   1    0            0      7139316       129860      2695448    0    0     0    53 6679 12876  13   2  85   0   0
   0    0            0      7135452       129884      2695480    0    0     0   376 4780 9198  12   1  87   0   0
   2    0            0      7124920       129900      2695480    0    0     0   148 4523 8682  13   1  87   0   0
   1    0            0      7142244       129912      2695596    0    0     0    61 4406 8788  13   1  86   0   0
   1    0            0      7266520       129924      2695600    0    0     0    53 4521 9006  15   1  84   0   0
   1    0            0      7263920       129940      2695600    0    0     0   389 4214 8635  13   1  86   0   0
   2    0            0      7190212       129944      2695756    0    0     0   151 7679 15533  15   2  83   0   0
--procs-- -----------------------memory---------------------- ---swap-- -----io---- -system-- --------cpu--------
   r    b         swpd         free         buff        cache   si   so    bi    bo   in   cs  us  sy  id  wa  st
   2    0            0      7187360       129960      2695632    0    0     0   153 5054 10147  14   2  85   0   0
   0    0            0      7174976       129976      2695636    0    0     0    85 4470 9013  14   1  85   0   0
   0    0            0      7170204       129992      2695652    0    0     0    65 4375 8774  14   1  85   0   0
   8    0            0      7159180       130004      2695652    0    0     0   148 4389 8717  14   1  85   0   0
   0    0            0      7142492       130020      2695728    0    0     0    77 4269 8596  14   1  85   0   0
   0    0            0      7269684       130036      2695652    0    0     0   140 4384 8976  15   1  84   0   0
   0    0            0      7252652       130048      2695552    0    0     0   145 6270 13560  17   2  82   0   0
   1    0            0      7223384       130064      2695652    0    0     0   143 5822 13999  15   2  83   0   0
   1    0            0      7198188       130068      2695652    0    0     0    55 4280 8712  14   1  85   0   0
   1    0            0      7202744       130076      2695668    0    0     0    87 4466 8964  13   1  86   0   0
   1    0            0      7177364       130088      2695668    0    0     0   367 4154 8780  14   1  85   0   0
   3    0            0      7155144       130092      2695668    0    0     0   148 4403 8711  15   2  84   0   0
   2    0            0      7154136       130104      2695668    0    0     0    55 4312 8446  14   1  85   0   0
   3    0            0      7125804       130124      2695888    0    0     0    71 6178 12792  15   2  82   0   0
   2    0            0      7221340       130144      2695668    0    0     0    61 6535 14557  16   2  82   0   0
   0    0            0      7201448       130156      2695668    0    0     0   164 4833 8849  14   1  85   0   0
   0    0            0      7199768       130168      2695684    0    0     0    63 4752 8642  14   1  85   0   0
   0    0            0      7181256       130180      2695684    0    0     0    53 4935 9092  14   1  85   0   0
   0    0            0      7191236       130188      2695688    0    0     0    84 4480 8637  13   1  86   0   0
   9    0            0      7178900       130208      2695704    0    0     0   143 4448 8890  15   1  84   0   0
   1    0            0      7151420       130224      2695808    0    0     0    60 4707 9155  14   1  85   0   0
--procs-- -----------------------memory---------------------- ---swap-- -----io---- -system-- --------cpu--------
   r    b         swpd         free         buff        cache   si   so    bi    bo   in   cs  us  sy  id  wa  st
   2    0            0      7097828       130244      2695708    0    0     0    60 8265 18794  16   2  82   0   0
   2    0            0      7084408       130260      2695712    0    0     0   384 4387 8451  14   1  85   0   0
   2    0            0      7090456       130272      2695712    0    0     0   179 4206 8358  15   1  84   0   0
   5    0            0      7085312       130284      2695712    0    0     0    55 4347 8556  14   1  85   0   0
   1    0            0      7087584       130292      2695712    0    0     0    75 4305 8740  15   1  85   0   0
   2    0            0      7252928       130292      2695712    0    0     0   160 4324 8461  14   1  85   0   0
   1    0            0      7235048       130300      2695712    0    0     0    71 4605 9156  14   1  85   0   0
   0    0            0      7216020       130308      2695712    0    0     0    56 8150 16217  16   3  80   0   0
   0    0            0      7193056       130316      2695748    0    0     0   108 4492 8872  14   1  85   0   0
   0    0            0      7192048       130336      2695752    0    0     0    96 4469 8659  14   1  85   0   0
   0    0            0      7181392       130344      2695752    0    0     0   143 4397 8835  13   1  86   0   0
   0    0            0      7181416       130348      2695752    0    0     0    55 4189 8292  14   1  85   0   0
   2    0            0      7173732       130356      2695752    0    0     0   388 4427 9244  14   1  85   0   0
   1    0            0      7169196       130368      2695752    0    0     0    59 4169 8347  13   1  86   0   0
   0    0            0      7219592       130384      2695752    0    0     0   145 7994 17259  16   3  81   0   0
   1    0            0      7198988       130392      2695752    0    0     0   112 4755 8754  14   1  85   0   0
   1    0            0      7198280       130400      2695760    0    0     0    64 4827 8899  14   1  85   0   0
   1    0            0      7180296       130412      2695760    0    0     0    97 4523 8622  13   1  86   0   0
   2    0            0      7188324       130424      2695776    0    0     0   145 4445 8527  14   1  85   0   0
   0    0            0      7175220       130432      2695776    0    0     0    60 4330 8760  13   1  87   0   0
   1    0            0      7179940       130440      2695776    0    0     0    53 4246 8858  14   1  86   0   0
--procs-- -----------------------memory---------------------- ---swap-- -----io---- -system-- --------cpu--------
   r    b         swpd         free         buff        cache   si   so    bi    bo   in   cs  us  sy  id  wa  st
   4    0            0      7121380       130456      2695844    0    0     0    76 7656 18733  15   2  82   0   0
   0    0            0      7121916       130472      2695812    0    0     0   207 4584 8775  14   1  85   0   0
   0    0            0      7116648       130488      2695812    0    0     0   441 4477 8710  14   1  85   0   0
   0    0            0      7102316       130508      2695812    0    0     0    53 4481 8952  14   1  85   0   0
   9    0            0      7106348       130536      2695812    0    0     0   163 4198 8648  12   1  88   0   0
   2    0            0      7088960       130540      2695812    0    0     0   160 4267 8497  13   1  87   0   0
   1    0            0      7258688       130548      2695812    0    0     0    87 4255 8654  13   1  86   0   0
   2    0            0      7211604       130564      2695816    0    0     0    56 8432 20680  16   3  81   0   0
   2    0            0      7207364       130580      2695832    0    0     0   108 4472 8773  12   1  87   0   0
   1    0            0      7191636       130592      2695832    0    0     0   145 4431 8805  14   1  85   0   0
   2    0            0      7174500       130612      2695832    0    0     0    55 4199 8883  14   1  85   0   0
   1    0            0      7184488       130632      2695896    0    0     0    53 4415 8768  14   1  86   0   0
   8    0            0      7171536       130636      2695896    0    0     0    67 4454 8716  13   1  86   0   0
   2    0            0      7173312       130648      2695912    0    0     0   143 4281 8535  14   1  85   0   0
   0    0            0      7116044       130664      2695932    0    0     0   360 6219 14618  14   2  84   0   0
   0    0            0      7095368       130692      2695936    0    0     0    55 6219 12668  14   2  85   0   0
   0    0            0      7190132       130720      2695928    0    0     0    84 4736 8850  15   1  85   0   0
   2    0            0      7177840       130736      2695956    0    0     0   147 4674 8703  15   1  84   0   0
   1    0            0      7177608       130744      2695956    0    0     0   111 4516 8669  13   1  86   0   0
   3    0            0      7169440       130756      2695956    0    0     0    55 4676 9102  14   1  85   0   0
   0    0            0      7166680       130772      2695956    0    0     0    80 4395 8584  13   1  86   0   0
--procs-- -----------------------memory---------------------- ---swap-- -----io---- -system-- --------cpu--------
   r    b         swpd         free         buff        cache   si   so    bi    bo   in   cs  us  sy  id  wa  st
   2    0            0      7109084       130780      2695976    0    0     0   144 8116 19232  16   3  81   0   0
   1    0            0      7120896       130792      2695976    0    0     0    75 4447 8526  14   1  85   0   0
   5    0            0      7102040       130812      2695976    0    0     0    57 4433 8843  14   1  86   0   0
   0    0            0      7108844       130816      2695976    0    0     0    72 4301 8523  14   1  85   0   0
   0    0            0      7086716       130820      2695976    0    0     0   139 4317 8860  14   1  85   0   0
   3    0            0      7078388       130832      2695976    0    0     0   429 4539 9078  14   1  85   0   0
   2    0            0      7262944       130852      2695992    0    0     0    73 4713 9087  15   1  83   0   0
   4    0            0      7224576       130864      2696008    0    0     0    85 7758 16194  17   4  78   0   0
   1    0            0      7219272       130880      2696008    0    0     0   145 4603 9539  13   1  85   0   0
   1    0            0      7199212       130900      2696008    0    0     0   104 4535 8694  14   1  85   0   0
   9    0            0      7202400       130916      2696008    0    0     0    57 4666 8783  14   1  85   0   0
   1    0            0      7205392       130936      2696008    0    0     0    72 4372 8962  14   1  85   0   0
   1    0            0      7259368       130948      2695788    0    0     0   143 4471 8910  16   1  83   0   0
   2    0            0      7254328       130952      2695796    0    0     0    71 4521 8708  14   1  86   0   0
   3    0            0      7228196       130960      2696056    0    0     0    53 4686 9617  14   1  84   0   0
   2    0            0      7232380       130964      2695800    0    0     0    79 7694 16880  17   2  81   0   0
   4    0            0      7219336       130988      2695816    0    0     0   165 4495 8907  13   1  86   0   0
   0    0            0      7218864       131000      2695816    0    0     0   457 4296 8642  14   1  85   0   0
   8    0            0      7207464       131004      2695824    0    0     0    53 4517 9411  14   1  85   0   0
   2    0            0      7202680       131028      2695840    0    0     0    80 4300 8645  14   1  85   0   0
   0    0            0      7192320       131044      2695840    0    0     0   143 4442 8553  15   1  84   0   0
--procs-- -----------------------memory---------------------- ---swap-- -----io---- -system-- --------cpu--------
   r    b         swpd         free         buff        cache   si   so    bi    bo   in   cs  us  sy  id  wa  st
   1    0            0      7192068       131056      2695840    0    0     0    80 4197 8534  14   1  85   0   0
   1    0            0      7235976       131056      2695840    0    0     0    55 8785 22670  17   3  79   0   0
   1    0            0      7210936       131072      2695840    0    0     0    73 4335 8640  13   1  86   0   0
   1    0            0      7210400       131088      2695840    0    0     0   168 4350 8527  15   1  84   0   0
   2    0            0      7184348       131104      2695844    0    0     0    71 4448 8873  15   1  84   0   0
   3    0            0      7188900       131112      2695860    0    0     0    55 4642 8855  14   1  85   0   0
   1    0            0      7277584       131124      2695860    0    0     0    77 4585 8877  15   1  84   0   0
   1    0            0      7271468       131128      2695864    0    0     0   143 4409 8689  14   1  85   0   0
   3    0            0      7233104       131148      2695864    0    0     0   476 7734 23419  17   3  80   0   0
   0    0            0      7229880       131156      2695992    0    0     0    56 4612 9232  14   1  85   0   0
   0    0            0      7215004       131168      2696000    0    0     0   204 4232 8857  13   1  86   0   0
   0    0            0      7190992       131184      2696020    0    0     0   145 4439 8495  14   1  85   0   0
   8    0            0      7200984       131196      2696132    0    0     0   128 4538 8672  14   1  85   0   0
   0    0            0      7179064       131196      2696136    0    0     0    57 4656 8777  13   1  86   0   0
   9    0            0      7190872       131204      2696136    0    0     0    80 4274 8553  13   1  86   0   0
   2    0            0      7223060       131216      2696136    0    0     0   145 8170 16565  17   4  79   0   0
   1    0            0      7198264       131232      2696156    0    0     0    96 4335 8626  15   1  84   0   0
   1    0            0      7206112       131244      2696160    0    0     0   183 4720 9159  13   1  85   0   0
   1    0            0      7190768       131260      2696160    0    0     0    79 4284 8888  14   1  85   0   0
   2    0            0      7200144       131276      2696160    0    0     0    53 4320 8346  15   1  84   0   0
   2    0            0      7185784       131296      2696160    0    0     0   425 4334 8751  14   1  85   0   0
--procs-- -----------------------memory---------------------- ---swap-- -----io---- -system-- --------cpu--------
   r    b         swpd         free         buff        cache   si   so    bi    bo   in   cs  us  sy  id  wa  st
   4    0            0      7186828       131304      2696164    0    0     0    55 4596 9147  13   1  86   0   0
   1    0            0      7112656       131316      2696180    0    0     0    73 8274 15294  16   2  81   0   0
   0    0            0      7113464       131336      2696184    0    0     0   149 4450 9091  14   1  85   0   0
   2    0            0      8122648       131372      1871196    0    0     0   168 7018 14031  18   3  79   0   0
   0    0            0      8115700       131400      1874240    0    0     0   129 5319 10758  16   1  83   0   0
   3    0            0      8134668       131420      1874256    0    0     0   260 4055 8444  10   1  89   0   0
   0    0            0      8290364       131436      1874304    0    0     0    84 3992 7986   8   1  92   0   0
   0    0            0      8295656       131436      1874308    0    0     0    97 3722 7567   6   1  93   0   0
   1    0            0      8249240       131444      1874336    0    0     0    61 7921 19203   8   2  90   0   0
   1    0            0      8242940       131452      1874336    0    0     0    87 3509 7059   6   1  93   0   0
   0    0            0      8237828       131464      1874336    0    0     0   141 4010 8148   8   1  91   0   0
   0    0            0      8233796       131468      1874352    0    0     0   404 3698 7690   5   1  94   0   0
   8    0            0      8237612       131480      1874368    0    0     0    59 3778 7604   5   1  94   0   0
   0    0            0      8233628       131504      1874620    0    0     0    84 3717 7804   6   1  93   0   0
   0    0            0      8230100       131520      1874368    0    0     0   145 3454 7533   6   1  93   0   0
   0    0            0      8236216       131520      1874368    0    0     0    76 3697 7529   5   1  94   0   0
   0    0            0      8238492       131536      1874384    0    0     0    64 3786 8000   6   1  93   0   0
   0    0            0      8235768       131548      1874384    0    0     0   111 3660 7914   5   1  94   0   0
   1    0            0      8234760       131552      1874384    0    0     0   156 3670 7463   6   1  93   0   0
   0    0            0      8228904       131568      1874384    0    0     0    57 3779 7435   6   1  94   0   0
   0    0            0      8226144       131576      1874384    0    0     0    53 3870 7808   6   1  93   0   0
--procs-- -----------------------memory---------------------- ---swap-- -----io---- -system-- --------cpu--------
   r    b         swpd         free         buff        cache   si   so    bi    bo   in   cs  us  sy  id  wa  st
   1    0            0      8222496       131584      1874384    0    0     0    60 3894 8045   6   1  94   0   0
   2    0            0      8214948       131596      1874376    0    0     0   475 3850 7723   6   1  94   0   0
   0    0            0      8215028       131612      1874500    0    0     0    69 3666 7434   6   1  94   0   0
   0    0            0      8215532       131648      1874412    0    0     0   153 3859 7657   6   1  93   0   0
   0    0            0      8210988       131664      1874416    0    0     0    60 3857 7723   6   1  94   0   0
   0    0            0      8204672       131668      1874432    0    0     0   155 3645 7752   6   1  93   0   0
   0    0            0      8204672       131688      1874432    0    0     0   119 3726 7482   6   1  94   0   0
   0    0            0      8226972       131692      1874560    0    0     0    57 4310 8308   6   1  93   0   0
   0    0            0      8241808       131700      1874560    0    0     0    60 3935 7500   6   1  93   0   0
   0    0            0      8245456       131712      1874560    0    0     0   143 3585 7245   6   1  94   0   0
   0    0            0      8241236       131732      1874560    0    0     0    56 4005 7694   5   1  94   0   0
   0    0            0      8240532       131768      1874560    0    0     0    64 3698 7686   5   1  94   0   0
   0    0            0      8240532       131788      1874560    0    0     0    63 3659 7235   5   1  94   0   0
   0    0            0      8229560       131788      1874564    0    0     0   569 3832 8435   6   1  93   0   0
   0    0            0      8229308       131796      1874564    0    0     0    63 3666 7399   6   0  94   0   0
   0    0            0      8227808       131808      1874584    0    0     0    61 3876 7646   6   1  93   0   0
   0    0            0      8227556       131824      1874604    0    0     0    68 3365 6994   5   1  94   0   0
   0    0            0      8221760       131828      1874604    0    0     0   168 3633 7384   6   1  93   0   0
   2    0            0      8221788       131836      1874604    0    0     0    83 3691 7335   5   1  94   0   0
   0    0            0      8222040       131856      1874604    0    0     0    53 3732 7513   6   1  93   0   0
   2    0            0      8220340       131876      1874320    0    0     0    59 3752 8094   5   1  94   0   0
--procs-- -----------------------memory---------------------- ---swap-- -----io---- -system-- --------cpu--------
   r    b         swpd         free         buff        cache   si   so    bi    bo   in   cs  us  sy  id  wa  st
   9    0            0      8220340       131892      1874604    0    0     0   144 3630 7243   6   1  94   0   0
   0    0            0      8211520       131908      1874604    0    0     0    87 3693 7281   6   1  94   0   0
   0    0            0      8208748       131920      1874604    0    0     0    53 3809 7393   7   1  93   0   0
   0    0            0      8206984       131940      1874608    0    0     0    63 3553 7113   6   1  94   0   0
   0    0            0      8206736       131948      1874624    0    0     0   473 3506 6941   5   1  94   0   0
   0    0            0      8206484       131972      1874624    0    0     0    79 3200 6820   5   1  94   0   0
   0    0            0      8207240       131972      1874624    0    0     0    53 3760 7425   6   1  94   0   0
   2    0            0      8232552       131984      1874624    0    0     0    61 4082 8783   7   1  92   0   0
   0    0            0      8228204       132000      1874640    0    0     0   148 3705 8016   5   1  94   0   0
   0    0            0      8225936       132008      1874640    0    0     0    80 3771 7470   5   1  94   0   0
   0    0            0      8223920       132016      1874644    0    0     0    53 3699 7829   5   1  94   0   0
   0    0            0      8222920       132040      1874644    0    0     0    59 3584 8005   5   1  94   0   0
   0    0            0      8221660       132048      1874644    0    0     0   149 3483 7554   6   1  93   0   0
   3    0            0      8221660       132064      1874648    0    0     0    56 3355 6857   6   1  93   0   0
   3    0            0      8217080       132072      1874672    0    0     0    63 3940 7890   6   1  93   0   0
   0    0            0      8216324       132088      1874664    0    0     0    95 3448 7559   5   1  94   0   0
   0    0            0      8211284       132100      1874672    0    0     0   512 3386 6974   6   1  93   0   0
   0    0            0      8204228       132112      1874676    0    0     0    59 3520 7166   6   1  93   0   0
   0    0            0      8204992       132120      1874676    0    0     0    56 3720 7376   6   1  94   0   0
   0    0            0      8208772       132144      1874676    0    0     0    65 3561 7607   5   1  94   0   0
   0    0            0      8208268       132152      1874676    0    0     0    53 3734 7376   6   1  93   0   0
--procs-- -----------------------memory---------------------- ---swap-- -----io---- -system-- --------cpu--------
   r    b         swpd         free         buff        cache   si   so    bi    bo   in   cs  us  sy  id  wa  st
   1    0            0      8193852       132156      1874676    0    0     0   185 3952 7746   6   1  93   0   0
   0    0            0      8191588       132168      1874688    0    0     0    60 3951 7570   6   1  93   0   0
   0    0            0      8189824       132192      1874696    0    0     0    59 3634 7388   6   1  93   0   0
   0    0            0      8190832       132212      1874712    0    0     0   147 3584 7075   6   1  94   0   0
   0    0            0      8186800       132220      1874712    0    0     0    63 3366 7060   6   1  93   0   0
   0    0            0      8193916       132228      1874712    0    0     0    53 3779 7339   5   1  94   0   0
   0    0            0      8190388       132248      1874716    0    0     0    59 3556 7034   6   1  93   0   0
   0    0            0      8181592       132264      1874968    0    0     0   503 3968 7599   6   1  93   0   0
   0    0            0      8181340       132284      1874732    0    0     0    56 3858 7572   6   1  93   0   0
   0    0            0      8190224       132300      1874732    0    0     0    81 3826 7534   6   1  93   0   0
   0    0            0      8190224       132308      1874732    0    0     0    59 3693 7267   6   1  93   0   0
   0    0            0      8189972       132328      1874732    0    0     0   167 3598 7397   6   1  93   0   0
   0    0            0      8189720       132340      1874732    0    0     0    77 3650 7516   6   1  93   0   0
   0    0            0      8184712       132356      1874780    0    0     0    59 3807 7549   6   1  93   0   0
   1    0            0      8178292       132376      1874988    0    0     0    63 3830 7751   6   1  94   0   0
   8    0            0      8176784       132392      1874796    0    0     0   149 3528 7303   6   1  94   0   0
   0    0            0      8174516       132404      1874800    0    0     0    55 3353 7086   6   1  93   0   0
   0    0            0      8176308       132412      1874808    0    0     0    53 3716 7780   6   1  93   0   0
   0    0            0      8173536       132428      1874844    0    0     0   461 3681 7491   6   1  94   0   0
   0    0            0      8173284       132428      1874844    0    0     0   161 3610 7225   6   1  93   0   0
   1    0            0      8176328       132428      1874844    0    0     0    55 3495 7110   6   1  94   0   0
--procs-- -----------------------memory---------------------- ---swap-- -----io---- -system-- --------cpu--------
   r    b         swpd         free         buff        cache   si   so    bi    bo   in   cs  us  sy  id  wa  st
   0    0            0      8175076       132432      1874844    0    0     0    53 3746 7579   6   1  94   0   0
   0    0            0      8169868       132436      1874844    0    0     0    60 3692 7960   6   1  93   0   0
   0    0            0      8167604       132452      1874856    0    0     0   184 3560 7205   5   1  94   0   0
   0    0            0      8167604       132464      1874864    0    0     0    85 3718 7388   6   1  94   0   0
   0    0            0      8174496       132468      1874864    0    0     0    63 3769 7715   6   1  93   0   0
   1    0            0      8173740       132484      1874868    0    0     0   169 3560 7161   6   1  93   0   0
   3    0            0      8171236       132488      1874960    0    0     0   148 3618 7089   5   1  94   0   0
   0    0            0      8164180       132488      1875000    0    0     0    61 3611 7157   5   1  94   0   0
   0    0            0      8157108       132500      1875000    0    0     0    56 4012 7846   6   1  94   0   0
   0    0            0      8156164       132520      1875000    0    0     0   416 3395 6828   5   1  95   0   0
   0    0            0      8154904       132536      1875004    0    0     0   143 3538 7412   6   1  94   0   0
   0    0            0      8157424       132544      1875004    0    0     0    55 3439 7517   6   1  93   0   0
   0    0            0      8157956       132560      1875020    0    0     0    76 3491 7435   5   1  94   0   0
   0    0            0      8156948       132588      1875020    0    0     0    59 3472 6895   5   1  94   0   0
   0    0            0      8155436       132596      1875020    0    0     0   139 3475 7102   6   1  93   0   0
   0    0            0      8193748       132608      1875008    0    0     0   113 4153 8086   8   1  91   0   0
   2    0            0      8195356       132652      1875024    0    0     0   192 3934 7650   6   1  94   0   0
   8    0            0      8188804       132676      1875024    0    0     0    87 3567 7246   6   1  94   0   0
   0    0            0      8188804       132680      1875024    0    0     0   193 3766 7741   6   1  93   0   0
   0    0            0      8187292       132704      1875040    0    0     0    57 3635 7294   6   1  93   0   0
   0    0            0      8188840       132716      1875040    0    0     0    73 3803 7538   5   1  93   0   0
--procs-- -----------------------memory---------------------- ---swap-- -----io---- -system-- --------cpu--------
   r    b         swpd         free         buff        cache   si   so    bi    bo   in   cs  us  sy  id  wa  st
   1    0            0      8186572       132736      1875040    0    0     0   417 3578 7236   6   1  93   0   0
   0    0            0      8175016       132760      1875060    0    0     0   149 3876 8171   6   1  93   0   0
   0    0            0      8174764       132780      1875060    0    0     0    61 3603 7594   6   1  93   0   0
   2    0            0      8165188       132780      1875064    0    0     0    53 3783 7680   6   1  93   0   0
   0    0            0      8165188       132784      1875064    0    0     0    59 3676 7425   6   1  93   0   0
   0    0            0      8169232       132800      1875064    0    0     0   185 3725 7456   6   1  93   0   0
   0    0            0      8168980       132812      1875064    0    0     0    55 3552 7246   6   1  93   0   0
   0    0            0      8169988       132836      1875064    0    0     0    53 3640 7349   5   1  94   0   0
   0    0            0      8169736       132840      1875064    0    0     0    60 3486 7065   6   1  93   0   0
   0    0            0      8165316       132852      1875064    0    0     0   149 4048 7643   6   1  93   0   0
   0    0            0      8163804       132884      1875064    0    0     0    84 3825 7591   6   1  93   0   0
   0    0            0      8169108       132884      1875080    0    0     0    61 3782 7580   6   1  93   0   0
   8    0            0      8166588       132908      1875096    0    0     0   443 3642 7214   6   1  93   0   0
   0    0            0      8165580       132928      1875096    0    0     0   143 3602 7280   5   1  94   0   0
   0    0            0      8182496       132956      1875096    0    0     0    55 3660 7339   7   1  93   0   0
   0    0            0      8177172       132956      1875100    0    0     0    53 3590 7644   6   1  93   0   0
   0    0            0      8184556       132972      1875104    0    0     0    61 3766 7981   6   1  93   0   0
   0    0            0      8184556       132988      1875104    0    0     0   176 3587 7393   6   1  93   0   0
   0    0            0      8176744       132988      1875104    0    0     0    55 3505 7293   6   1  94   0   0
   0    0            0      8175488       133012      1875104    0    0     0    59 3820 7503   6   1  93   0   0
   0    0            0      8175488       133036      1875104    0    0     0   159 3442 7041   6   1  94   0   0
--procs-- -----------------------memory---------------------- ---swap-- -----io---- -system-- --------cpu--------
   r    b         swpd         free         buff        cache   si   so    bi    bo   in   cs  us  sy  id  wa  st
   5    0            0      8174740       133064      1875120    0    0     0    63 3674 7218   6   1  93   0   0
   0    0            0      8174992       133088      1875120    0    0     0    55 3405 6997   5   1  95   0   0
   0    0            0      8172820       133096      1875124    0    0     0   421 3727 7793   6   1  93   0   0
   0    0            0      8172820       133112      1875124    0    0     0   103 3599 7286   6   1  94   0   0
   0    0            0      8166268       133120      1875140    0    0     0   177 3622 7162   6   1  93   0   0
   0    0            0      8166268       133132      1875140    0    0     0    55 3739 7310   6   1  93   0   0
   0    0            0      8174852       133140      1875140    0    0     0    64 3731 7625   6   1  93   0   0
   1    0            0      8174600       133144      1875140    0    0     0    59 3563 7254   6   1  94   0   0
   0    0            0      8174348       133148      1875140    0    0     0   172 3666 7253   6   1  94   0   0
   0    0            0      8168888       133176      1874904    0    0     0   172 4014 7600   6   1  93   0   0
   0    0            0      8173500       133188      1875164    0    0     0    59 3808 7421   5   1  94   0   0
   2    0            0      8173500       133208      1875164    0    0     0    59 3649 7063   6   1  94   0   0
   1    0            0      8172492       133220      1875164    0    0     0   156 3583 7097   6   1  93   0   0
   1    0            0      8171232       133232      1875164    0    0     0    59 3286 6817   7   1  93   0   0
   0    0            0      8165188       133236      1875164    0    0     0    53 3639 7319   6   1  94   0   0
   0    0            0      8180812       133240      1875164    0    0     0   433 3599 7239   7   1  92   0   0
   0    0            0      8179552       133256      1875164    0    0     0   143 3640 7367   5   1  94   0   0
   4    0            0      8170180       133268      1875164    0    0     0    56 3662 7990   6   1  93   0   0
   1    0            0      8177288       133304      1875184    0    0     0    87 3623 7351   6   1  94   0   0
   0    0            0      8176028       133324      1875184    0    0     0    72 3455 7208   6   1  93   0   0
   0    0            0      8174516       133332      1875204    0    0     0   205 3399 7140   6   1  93   0   0
--procs-- -----------------------memory---------------------- ---swap-- -----io---- -system-- --------cpu--------
   r    b         swpd         free         buff        cache   si   so    bi    bo   in   cs  us  sy  id  wa  st
   1    0            0      8150844       133344      1875104    0    0     0    91 4459 9372  15   1  84   0   0
  10    0            0      7384948       133368      2696512    0    0     0   159 8561 17055  37   4  58   0   0
   0    0            0      7378752       133388      2684556    0    0     0   121 4821 9915  19   2  79   0   0
   1    0            0      7286020       133400      2696748    0    0     0   148 6819 13925  15   2  83   0   0
   1    0            0      7298232       133404      2696776    0    0     0   119 4335 8711  14   1  85   0   0
   1    0            0      7248476       133432      2696828    0    0     0    55 6127 14902  15   2  83   0   0
   2    0            0      7222484       133452      2696836    0    0     0   396 4359 8683  13   1  86   0   0
   4    0            0      7219464       133456      2696844    0    0     0   200 4363 8701  14   1  85   0   0
   0    0            0      7292000       133480      2696880    0    0     0    65 7849 18573  17   3  80   0   0
   2    0            0      7291112       133500      2696880    0    0     0    55 4595 8637  14   1  85   0   0
   0    0            0      7271376       133516      2696896    0    0     0    92 4650 8633  14   1  85   0   0
   0    0            0      7262808       133532      2696896    0    0     0   284 4643 9039  13   1  86   0   0
   1    0            0      7213228       133548      2696896    0    0     0    57 5500 10319  20   2  79   0   0
   0    0            0      7205348       133560      2696988    0    0     0    60 5664 10360  20   1  79   0   0
   3    0            0      7216860       133580      2697020    0    0     0    65 4417 8156  15   3  82   0   0
   2    0            0      7143164       133580      2697320    0    0     0   227 7786 17279  19   5  76   0   0
   0    0            0      7129936       133580      2697164    0    0     0   384 5243 10649  14   1  84   0   0
   2    0            0      7100644       133580      2697200    0    0     0    53 4113 8371  19   3  78   0   0
   1    0            0      7108708       133592      2697200    0    0     0   120 4522 8915  16   1  83   0   0
   2    0            0      7251080       133604      2697200    0    0     0   151 4786 9152  15   1  84   0   0
   1    0            0      7236464       133628      2697372    0    0     0    60 4483 8759  13   1  86   0   0
--procs-- -----------------------memory---------------------- ---swap-- -----io---- -system-- --------cpu--------
   r    b         swpd         free         buff        cache   si   so    bi    bo   in   cs  us  sy  id  wa  st
   4    0            0      7265696       133652      2697376    0    0     0   157 4547 8991  14   1  85   0   0
   4    0            0      7220036       133652      2697520    0    0     0    59 6655 14171  14   2  84   0   0
   2    0            0      7226316       133668      2697392    0    0     0   124 5753 11518  21   2  77   0   0
   0    0            0      7219524       133692      2697424    0    0     0    87 4746 9599  17   1  82   0   0
   0    0            0      7232012       133696      2697424    0    0     0   125 4405 8869  14   1  85   0   0
   0    0            0      7217460       133708      2697424    0    0     0    63 4206 8715  15   1  84   0   0
   0    0            0      7195140       133720      2697432    0    0     0    55 4358 8926  15   1  84   0   0
   8    0            0      7198064       133732      2697448    0    0     0   459 4605 8636  13   1  86   0   0
   0    0            0      7145272       133736      2697508    0    0     0   113 7850 17325  14   3  83   0   0
   1    0            0      7140580       133744      2697448    0    0     0    60 4929 10682  12   1  86   0   0
   0    0            0      7138832       133764      2697448    0    0     0    56 4510 8492  13   1  86   0   0
   1    0            0      7135124       133776      2697540    0    0     0   163 4727 9148  14   1  85   0   0
   1    0            0      7113312       133800      2697464    0    0     0   148 4596 8878  13   1  86   0   0
   7    0            0      7418988       133812      2564920    0    0     0   463 7293 14879  27   2  71   0   0
   2    0            0      8131548       133864      1855176    0    0     0   371 11142 26429  32   7  60   0   0
   1    0            0      8189704       133904      1854996    0    0     0   256 6435 13459  22   2  76   0   0
   0    0            0      7443004       133940      2541012    0    0     0   253 9097 18464  37   5  59   0   0
   0    0            0      7443136       133956      2541144    0    0     0    69 5296 10721  21   2  77   0   0
   0    0            0      7446616       133960      2553332    0    0     0  1049 4817 9501  17   1  82   0   0
   1    0            0      7375352       133972      2553368    0    0     0   428 6869 15632  13   2  85   0   0
   0    0            0      7378776       133980      2553504    0    0     0    61 3985 7750  11   1  88   0   0
--procs-- -----------------------memory---------------------- ---swap-- -----io---- -system-- --------cpu--------
   r    b         swpd         free         buff        cache   si   so    bi    bo   in   cs  us  sy  id  wa  st
   6    0            0      7277108       133996      2553564    0    0     0   528 6939 12995  14   2  84   0   0
   1    0            0      7406968       134012      2553580    0    0     0   171 3846 7477  14   1  85   0   0
   0    0            0      7398400       134028      2553692    0    0     0   189 3534 7575  13   1  86   0   0
   0    0            0      7380112       134032      2553692    0    0     0    56 3855 7491  12   1  87   0   0
   0    0            0      7382884       134044      2553696    0    0     0   116 3913 7943  11   1  88   0   0
   0    0            0      7368544       134056      2553664    0    0     0   176 7811 17795  15   3  82   0   0
   1    0            0      7357532       134068      2553764    0    0     0    61 4888 11229  12   1  86   0   0
   0    0            0      7345004       134096      2553768    0    0     0   156 3975 8888  12   1  87   0   0
   0    0            0      7324820       134112      2553772    0    0     0    60 3889 7850  12   1  88   0   0
   1    0            0      7296856       134132      2553772    0    0     0   156 4004 7813  12   1  87   0   0
   0    0            0      7297360       134148      2553780    0    0     0   411 4386 7972  11   1  88   0   0
   0    0            0      7256792       134164      2553784    0    0     0    65 4351 8190  12   1  87   0   0
   1    0            0      7269292       134180      2553784    0    0     0    59 4081 7759  11   1  88   0   0
   0    0            0      7352264       134200      2553788    0    0     0   157 7540 16873  14   2  84   0   0
   0    0            0      7323400       134224      2553792    0    0     0    55 5982 11012  13   1  86   0   0
   0    0            0      7291416       134236      2553884    0    0     0    83 4144 8554  13   1  86   0   0
  13    0            0      8126244       134268      1895568    0    0     0   161 8713 18185  35   5  60   0   0
   0    0            0      7202596       134304      2577540    0    0     0   612 8052 16127  27   5  69   0   0
   1    0            0      7152476       134332      2578012    0    0     0    96 8471 20797  26   6  68   0   0
   1    0            0      7275276       134332      2590164    0    0     0    64 6319 12878  24   2  74   0   0
   0    0            0      7284584       134344      2578152    0    0     0    65 5312 10727  20   2  78   0   0
--procs-- -----------------------memory---------------------- ---swap-- -----io---- -system-- --------cpu--------
   r    b         swpd         free         buff        cache   si   so    bi    bo   in   cs  us  sy  id  wa  st
   2    0            0      8127388       134348      1970016    0    0     0   167 5109 10132  19   2  79   0   0
   0    0            0      7469568       134388      2554532    0    0     0   207 6440 13642  30   3  68   0   0
   1    0            0      7458088       134412      2554828    0    0     0    64 4730 9817  20   1  79   0   0
   1    0            0      7437200       134440      2542860    0    0     0    69 6609 13778  25   3  72   0   0
   1    0            0      7477960       134440      2542868    0    0     0   153 5682 11652  27   2  72   0   0
   0    0            0      7411972       134444      2555236    0    0     0    56 7011 14733  19   2  79   0   0
   2    0            0      7418480       134444      2555080    0    0     0   396 6072 12164  25   2  73   0   0
   1    0            0      7375100       134452      2555084    0    0     0    59 4134 8604  15   1  84   0   0
   0    0            0      7329728       134456      2555108    0    0     0   225 6960 15307  13   2  85   0   0
   1    0            0      7301276       134468      2555160    0    0     0    83 5117 12263  12   1  87   0   0
   1    0            0      7393000       134480      2555160    0    0     0   148 4124 8085  12   1  87   0   0
   0    0            0      7385696       134492      2555172    0    0     0   169 4015 7507  13   1  86   0   0
   0    0            0      7360244       134520      2555192    0    0     0   360 3886 7570  13   1  85   0   0
   8    0            0      7353696       134528      2555196    0    0     0   196 4056 7711  12   1  87   0   0
   1    0            0      7329004       134536      2555212    0    0     0   171 4183 8223  12   1  87   0   0
   0    0            0      7295592       134548      2555244    0    0     0    64 4686 9875  13   1  87   0   0
   0    0            0      7256296       134572      2555212    0    0     0    55 8181 18958  13   2  85   0   0
   0    0            0      7209772       134592      2555212    0    0     0    55 3617 7243  12   1  87   0   0
   0    0            0      7229972       134604      2555212    0    0     0   243 3895 7876  11   1  88   0   0
   8    0            0      7211324       134616      2555212    0    0     0   113 3710 7665  11   1  88   0   0
   1    0            0      7224604       134632      2555224    0    0     0   143 3831 7716  11   1  88   0   0
--procs-- -----------------------memory---------------------- ---swap-- -----io---- -system-- --------cpu--------
   r    b         swpd         free         buff        cache   si   so    bi    bo   in   cs  us  sy  id  wa  st
   1    0            0      7190376       134640      2555228    0    0     0    60 3748 7417  11   1  88   0   0
   0    0            0      7219660       134676      2555244    0    0     0    96 3895 7938  11   1  89   0   0
   0    0            0      7181484       134692      2555320    0    0     0   199 4496 8694  12   1  87   0   0
   0    0            0      7340456       134696      2555248    0    0     0    55 7600 18659  15   2  83   0   0
   1    0            0      7312900       134700      2555248    0    0     0    60 3867 7577  11   1  88   0   0
   0    0            0      7314184       134724      2555248    0    0     0    83 4074 8110  11   1  88   0   0
   0    0            0      7298840       134740      2555264    0    0     0    59 3714 7841  11   1  88   0   0
   0    0            0      7295360       134760      2555264    0    0     0   148 3692 7308  11   1  88   0   0
   2    0            0      7287624       134764      2555264    0    0     0    55 3647 7495  11   1  88   0   0
   2    0            0      7273544       134788      2555268    0    0     0   469 4752 10008  12   2  87   0   0
   0    0            0      7214572       134796      2555300    0    0     0    91 8277 15965  13   2  85   0   0
   0    0            0      7185000       134808      2555300    0    0     0   157 3947 7916  11   1  88   0   0
   0    0            0      7198172       134812      2555300    0    0     0    64 4057 7548  11   1  88   0   0
   0    0            0      7194236       134824      2555308    0    0     0   152 4114 7755  11   1  88   0   0
   0    0            0      7169928       134836      2555316    0    0     0    59 4039 7934  11   1  88   0   0
   0    0            0      7169424       134856      2555320    0    0     0   144 3874 7715  11   1  89   0   0
   0    0            0      7151480       134860      2555332    0    0     0    92 3897 7837  11   1  88   0   0
   0    0            0      7165588       134868      2555336    0    0     0   100 3850 7714  11   1  89   0   0
   0    0            0      7316792       134888      2555584    0    0     0    61 8551 19283  15   2  83   0   0
   0    0            0      7313276       134892      2555340    0    0     0   163 3966 7794  11   1  88   0   0
   0    0            0      7293640       134900      2555372    0    0     0    91 3840 7978  11   1  88   0   0
--procs-- -----------------------memory---------------------- ---swap-- -----io---- -system-- --------cpu--------
   r    b         swpd         free         buff        cache   si   so    bi    bo   in   cs  us  sy  id  wa  st
   1    0            0      7269080       134920      2555376    0    0     0    59 4179 8080  12   1  87   0   0
   0    0            0      7282324       134940      2555380    0    0     0   123 3774 7438  11   1  88   0   0
   0    0            0      7318484       134952      2555380    0    0     0   505 3805 7619  12   1  87   0   0
   0    0            0      7333028       134960      2555380    0    0     0    56 3796 7672  12   1  87   0   0
   0    0            0      7342324       134964      2555380    0    0     0    55 7460 16184  14   2  84   0   0
   0    0            0      7316952       134972      2555380    0    0     0   105 5032 11244  11   1  88   0   0
   0    0            0      7300904       134984      2555380    0    0     0   143 3859 7638  10   1  88   0   0
   1    0            0      7277024       135008      2555460    0    0     0    81 3939 7750  11   1  88   0   0
   2    0            0      7252324       135048      2555384    0    0     0   125 3975 7885  11   1  87   0   0
   1    0            0      7250564       135060      2555384    0    0     0    75 3683 7396  11   1  88   0   0
   2    0            0      7262560       135076      2555384    0    0     0   140 3760 7551  11   1  88   0   0
   2    0            0      7311972       135100      2555204    0    0     0    71 8733 18045  14   3  83   0   0
   2    0            0      7312696       135108      2555400    0    0     0    63 4476 8098  11   1  89   0   0
   5    0            0      7277528       135140      2555416    0    0     0   128 4124 7970  11   1  88   0   0
   1    0            0      7278300       135152      2555416    0    0     0   499 3869 7660  11   1  88   0   0
   3    0            0      7261444       135164      2555416    0    0     0    77 3834 7752  11   1  88   0   0
   2    0            0      7280312       135164      2555420    0    0     0   148 4093 7887  12   1  88   0   0
   3    0            0      7248516       135168      2555424    0    0     0    72 3812 7486  12   1  87   0   0
   2    0            0      7266232       135184      2555428    0    0     0   151 3736 7485  11   1  88   0   0
   1    0            0      7218292       135200      2555688    0    0     0    75 4803 9422  12   1  88   0   0
   3    0            0      7182292       135212      2555432    0    0     0    55 6166 14595  12   1  87   0   0
--procs-- -----------------------memory---------------------- ---swap-- -----io---- -system-- --------cpu--------
   r    b         swpd         free         buff        cache   si   so    bi    bo   in   cs  us  sy  id  wa  st
   2    0            0      7183704       135228      2555432    0    0     0    71 3622 7422  11   1  88   0   0
   2    0            0      7156268       135240      2555432    0    0     0   148 3692 7546  12   1  87   0   0
   1    0            0      7178764       135256      2555448    0    0     0    93 3822 7465  12   1  88   0   0
   4    0            0      7346948       135264      2555448    0    0     0    68 4098 8215  12   1  87   0   0
   1    0            0      7343916       135272      2555468    0    0     0    73 3649 7565  10   1  89   0   0
   1    0            0      7336996       135288      2555468    0    0     0   452 6203 16069  13   2  85   0   0
   0    0            0      7317160       135296      2555468    0    0     0    83 5503 13003  12   2  86   0   0
   2    0            0      7281144       135316      2555460    0    0     0    81 3847 7935  12   1  88   0   0
   2    0            0      7279868       135328      2555484    0    0     0    67 3736 7597  11   0  89   0   0
   1    0            0      7286192       135336      2555700    0    0     0   147 5712 11844  27   2  71   0   0
   1    0            0      7271700       135348      2555780    0    0     0   205 5237 11705  20   2  78   0   0
  10    0            0      7281296       135364      2555800    0    0     0    57 4034 8070  12   1  87   0   0
   0    0            0      7197736       135372      2555848    0    0     0   113 6313 12282  15   3  82   0   0
   0    0            0      7186824       135396      2555852    0    0     0   147 4284 8191  12   1  87   0   0
   0    0            0      7174860       135404      2555856    0    0     0   143 4127 7685  11   1  88   0   0
   0    0            0      7196652       135404      2555856    0    0     0    53 4033 7901  12   1  88   0   0
   0    0            0      7190836       135404      2555860    0    0     0   185 3746 7556  11   1  88   0   0
   0    0            0      7193616       135412      2555960    0    0     0   525 3804 7528  12   1  87   0   0
   0    0            0      7191688       135424      2556008    0    0     0    65 3958 7654  11   1  89   0   0
   0    0            0      7380132       135432      2556028    0    0     0   128 4176 8266  13   1  87   0   0
   0    0            0      7352720       135436      2556028    0    0     0    60 4902 10297  13   1  86   0   0
--procs-- -----------------------memory---------------------- ---swap-- -----io---- -system-- --------cpu--------
   r    b         swpd         free         buff        cache   si   so    bi    bo   in   cs  us  sy  id  wa  st
   2    0            0      7324556       135444      2556028    0    0     0   144 7984 15813  11   2  87   0   0
   0    0            0      7329496       135444      2556044    0    0     0    93 4767 9517  15   1  84   0   0
   1    0            0      7319468       135464      2556056    0    0     0    87 3793 7668   9   1  90   0   0
   2    0            0      7290516       135472      2556056    0    0     0   179 3777 7466   8   1  91   0   0
   1    0            0      7343164       135476      2556056    0    0     0    59 3768 7640  10   1  89   0   0
   2    0            0      7323760       135484      2556056    0    0     0    72 3631 7402  10   1  90   0   0
   1    0            0      7328952       135492      2556060    0    0     0    53 3780 7745   9   1  90   0   0
   5    0            0      7312844       135500      2556276    0    0     0    71 7936 17098  11   2  87   0   0
   1    0            0      7309108       135508      2556060    0    0     0   468 4143 8341  10   1  89   0   0
   2    0            0      7300340       135532      2556060    0    0     0   149 3829 7614   9   1  90   0   0
   1    0            0      7272804       135544      2556076    0    0     0    61 3907 8044  11   1  88   0   0
   2    0            0      7250068       135560      2556096    0    0     0   139 3723 7780  11   1  88   0   0
   2    0            0      7250104       135564      2556096    0    0     0   149 3833 7486  11   1  88   0   0
   1    0            0      7266536       135572      2556096    0    0     0    77 4058 7540  11   1  89   0   0
   1    0            0      7260756       135580      2556096    0    0     0    53 4218 7800  11   1  88   0   0
   4    0            0      7224260       135584      2556032    0    0     0    69 4967 10650  11   1  88   0   0
   4    0            0      7294732       135584      2556120    0    0     0   144 7463 16636  13   2  85   0   0
   2    0            0      7292616       135592      2556120    0    0     0    72 3576 7333  11   1  88   0   0
   0    0            0      7294164       135616      2556120    0    0     0   416 3926 7981  11   1  88   0   0
   2    0            0      7264432       135632      2556120    0    0     0    72 3838 7558  11   1  88   0   0
   1    0            0      7262196       135640      2556120    0    0     0   240 3861 7735  11   1  88   0   0
--procs-- -----------------------memory---------------------- ---swap-- -----io---- -system-- --------cpu--------
   r    b         swpd         free         buff        cache   si   so    bi    bo   in   cs  us  sy  id  wa  st
   3    0            0      7262396       135656      2556136    0    0     0    95 3880 7742  13   1  86   0   0
   1    0            0      7201900       135660      2556140    0    0     0    55 6798 13452  13   1  86   0   0
   1    0            0      7182552       135660      2556156    0    0     0    80 5092 11762  12   1  87   0   0
   1    0            0      7182852       135664      2556156    0    0     0   164 3862 7764  11   1  89   0   0
   2    0            0      7170820       135668      2556160    0    0     0   100 3701 7362  11   1  88   0   0
   1    0            0      7163068       135672      2556164    0    0     0    53 3781 8239  11   1  88   0   0
   4    0            0      8182668       135704      1868720    0    0     0   167 6309 13736  17   2  81   0   0
   1    0            0      8154068       135732      1877748    0    0     0   233 5743 11904  19   1  79   0   0
   1    0            0      8163800       135744      1877756    0    0     0   345 7431 17336  13   3  84   0   0
   0    0            0      8162452       135744      1880832    0    0     0   361 4065 9437   5   1  94   0   0
   0    0            0      8180116       135764      1880876    0    0     0   152 3739 7963   6   1  93   0   0
   3    0            0      8211028       135776      1841240    0    0     0   297 3322 7704   5   1  94   0   0
   1    0            0      7483300       135812      2556472    0    0     0   128 5758 11969  28   2  70   0   0
   1    0            0      7473416       135816      2556500    0    0     0   161 4190 8058  13   2  86   0   0
   1    0            0      7469132       135848      2556512    0    0     0    61 3850 7684  11   1  88   0   0
   8    0            0      7380356       135860      2556564    0    0     0   152 8380 20376  30   7  63   0   0
   0    0            0      9283200       135912      1794908    0    0  2673  1260 3448 6512   8   3  89   0   0
   0    0            0      9290528       135936      1794924    0    0     0   124  567  855   1   0  98   0   0
   0    0            0      9290528       135940      1794924    0    0     0    60  273  430   0   0 100   0   0
   0    0            0      9290528       135952      1794924    0    0     0   232  255  431   0   0 100   0   0
   0    0            0      9290528       135960      1794924    0    0     0    61  245  398   0   0 100   0   0
--procs-- -----------------------memory---------------------- ---swap-- -----io---- -system-- --------cpu--------
   r    b         swpd         free         buff        cache   si   so    bi    bo   in   cs  us  sy  id  wa  st
   1    0            0      9293804       135960      1794920    0    0     0   407  401  686   1   0  99   0   0
   0    0            0      9293300       135972      1795040    0    0     0    75  252  421   0   0 100   0   0
   1    0            0      9293300       135988      1795052    0    0     0    55  217  366   0   0 100   0   0
   0    0            0      9293048       136000      1795056    0    0     0    83  269  432   0   0 100   0   0
   0    0            0      9288260       136000      1795056    0    0     0    55  409  680   1   0  99   0   0
   0    0            0      9288008       136008      1795056    0    0     0    69  258  455   0   0 100   0   0
   0    0            0      9288008       136024      1795056    0    0     0   165  280  536   0   0 100   0   0
   0    0            0      9288008       136052      1795056    0    0     0    84  261  467   0   0 100   0   0
   1    0            0      9291788       136064      1795056    0    0     0    55  407  704   1   0  99   0   0
   0    0            0      9291788       136076      1795056    0    0     0    69  233  413   0   0 100   0   0
   0    0            0      9291788       136092      1795056    0    0     0    55  207  387   0   0 100   0   0
   0    0            0      9291788       136100      1795048    0    0     0    68  238  411   0   0 100   0   0
   0    0            0      9298592       136108      1795052    0    0     0   412  409  682   0   0  99   0   0
   1    0            0      9298592       136108      1795060    0    0     0    68  183  285   0   0 100   0   0
   0    0            0      9298592       136120      1795064    0    0     0    63  173  195   0   0 100   0   0
   0    0            0      9298592       136136      1795064    0    0     0    75  199  255   0   0 100   0   0
   0    0            0      9300356       136136      1795060    0    0     0    57  339  513   0   0 100   0   0
   0    0            0      9300104       136144      1795064    0    0     0    72  149  208   0   0 100   0   0
   0    0            0      9300104       136156      1795052    0    0     0   160  136  189   0   0 100   0   0
   0    0            0      9300104       136164      1795064    0    0     0    69  142  222   0   0 100   0   0
   0    0            0      9302372       136184      1795064    0    0     0    53  288  486   0   0 100   0   0
--procs-- -----------------------memory---------------------- ---swap-- -----io---- -system-- --------cpu--------
   r    b         swpd         free         buff        cache   si   so    bi    bo   in   cs  us  sy  id  wa  st
   1    0            0      9302120       136188      1795064    0    0     0    69  139  204   0   0 100   0   0
   0    0            0      9302120       136188      1795064    0    0     0    55  134  188   0   0 100   0   0
   0    0            0      9302120       136192      1795064    0    0     0    68  146  225   0   0 100   0   0
   0    0            0      9303632       136200      1795064    0    0     0   505  356  533   0   0  99   0   0
   0    0            0      9303632       136220      1795064    0    0     0   136  132  203   0   0 100   0   0
   0    0            0      9303632       136236      1795048    0    0     0    57  192  320   0   0 100   0   0
   0    0            0      9303632       136264      1795064    0    0     0    71  169  244   0   0 100   0   0
   0    0            0      9307160       136272      1795064    0    0     0    53  323  502   0   0  99   0   0
   0    0            0      9307160       136292      1795064    0    0     0    68  130  198   0   0 100   0   0
   0    0            0      9307160       136320      1795036    0    0     0    55  122  174   0   0 100   0   0
   0    0            0      9306908       136340      1795044    0    0     0    68  141  220   0   0 100   0   0
   0    0            0      9308168       136352      1795064    0    0     0    53  295  508   0   0  99   0   0
   0    0            0      9308168       136364      1795064    0    0     0    68  142  209   0   0 100   0   0
   0    0            0      9308168       136372      1795064    0    0     0   453  152  197   0   0 100   0   0
   0    0            0      9308168       136376      1795060    0    0     0    71  165  219   0   0 100   0   0
   0    0            0      9303632       136380      1795064    0    0     0    53  358  487   0   0 100   0   0
   0    0            0      9303380       136380      1795064    0    0     0    71  166  200   0   0 100   0   0
   0    0            0      9303380       136388      1795064    0    0     0   143  157  188   0   0 100   0   0
   0    0            0      9303380       136392      1795064    0    0     0    69  163  215   0   0 100   0   0
   0    0            0      9301364       136412      1795068    0    0     0    53  321  500   0   0 100   0   0
   0    0            0      9301364       136432      1795068    0    0     0    68  149  209   0   0 100   0   0
--procs-- -----------------------memory---------------------- ---swap-- -----io---- -system-- --------cpu--------
   r    b         swpd         free         buff        cache   si   so    bi    bo   in   cs  us  sy  id  wa  st
   1    0            0      9301364       136432      1795068    0    0     0   149  168  213   0   0 100   0   0
   0    0            0      9301364       136432      1795068    0    0     0    73  143  210   0   0 100   0   0
   0    0            0      9296324       136448      1795068    0    0     0    53  319  506   0   0  99   0   0
   0    0            0      9296324       136448      1795068    0    0     0    68  137  210   0   0 100   0   0
   0    0            0      9296324       136448      1795072    0    0     0   515  240  372   0   0 100   0   0
   0    0            0      9296324       136448      1795072    0    0     0    72  145  236   0   0 100   0   0
   0    0            0      9298340       136460      1795072    0    0     0    57  289  484   0   0  99   0   0
   0    0            0      9298340       136460      1795072    0    0     0    72  134  203   0   0 100   0   0
   0    0            0      9298340       136472      1795072    0    0     0   144  123  180   0   0 100   0   0
   0    0            0      9298340       136484      1795060    0    0     0    69  135  213   0   0 100   0   0
