━━━━━━━━━━━━━━━━━━━━━━━━━━━━━━━━━━━━━━━━━━━━━━━━━━━━━━━━━━━━━━━━━━━━━━━━━━━━━━━━━━━━━━━━━━━━━━━━━━━━
      test count: 2
          rt (s): 8.9784, 8.9810
     mean rt (s): 8.9797
   stddev rt (s): 0.0013
       95% ci rt: 0.0165 -> [8.9632, 8.9962]
     coeff ci rt: 0.0018394897554881023
━━━━━━━━━━━━━━━━━━━━━━━━━━━━━━━━━━━━━━━━━━━━━━━━━━━━━━━━━━━━━━━━━━━━━━━━━━━━━━━━━━━━━━━━━━━━━━━━━━━━
━━━━━━━━━━━━━━━━━━━━━━━━━━━━━━━━━━━━━━━━━━━━━━━━━━━━━━━━━━━━━━━━━━━━━━━━━━━━━━━━━━━━━━━━━━━━━━━━━━━━
      test count: 3
          rt (s): 8.9784, 8.9810, 8.9903
     mean rt (s): 8.9832
   stddev rt (s): 0.0051
       95% ci rt: 0.0155 -> [8.9677, 8.9988]
     coeff ci rt: 0.00173010272695577
━━━━━━━━━━━━━━━━━━━━━━━━━━━━━━━━━━━━━━━━━━━━━━━━━━━━━━━━━━━━━━━━━━━━━━━━━━━━━━━━━━━━━━━━━━━━━━━━━━━━
━━━━━━━━━━━━━━━━━━━━━━━━━━━━━━━━━━━━━━━━━━━━━━━━━━━━━━━━━━━━━━━━━━━━━━━━━━━━━━━━━━━━━━━━━━━━━━━━━━━━
      test count: 4
          rt (s): 8.9784, 8.9810, 8.9903, 8.9757
     mean rt (s): 8.9813
   stddev rt (s): 0.0055
       95% ci rt: 0.0101 -> [8.9713, 8.9914]
     coeff ci rt: 0.0011244811204929083
━━━━━━━━━━━━━━━━━━━━━━━━━━━━━━━━━━━━━━━━━━━━━━━━━━━━━━━━━━━━━━━━━━━━━━━━━━━━━━━━━━━━━━━━━━━━━━━━━━━━
━━━━━━━━━━━━━━━━━━━━━━━━━━━━━━━━━━━━━━━━━━━━━━━━━━━━━━━━━━━━━━━━━━━━━━━━━━━━━━━━━━━━━━━━━━━━━━━━━━━━
      test count: 5
          rt (s): 8.9784, 8.9810, 8.9903, 8.9757, 8.9538
     mean rt (s): 8.9758
   stddev rt (s): 0.0121
       95% ci rt: 0.0168 -> [8.9591, 8.9926]
     coeff ci rt: 0.0018662945617881849
━━━━━━━━━━━━━━━━━━━━━━━━━━━━━━━━━━━━━━━━━━━━━━━━━━━━━━━━━━━━━━━━━━━━━━━━━━━━━━━━━━━━━━━━━━━━━━━━━━━━
━━━━━━━━━━━━━━━━━━━━━━━━━━━━━━━━━━━━━━━━━━━━━━━━━━━━━━━━━━━━━━━━━━━━━━━━━━━━━━━━━━━━━━━━━━━━━━━━━━━━
      test count: 6
          rt (s): 8.9784, 8.9810, 8.9903, 8.9757, 8.9538, 8.9420
     mean rt (s): 8.9702
   stddev rt (s): 0.0167
       95% ci rt: 0.0192 -> [8.9510, 8.9894]
     coeff ci rt: 0.0021459794870727503
━━━━━━━━━━━━━━━━━━━━━━━━━━━━━━━━━━━━━━━━━━━━━━━━━━━━━━━━━━━━━━━━━━━━━━━━━━━━━━━━━━━━━━━━━━━━━━━━━━━━
━━━━━━━━━━━━━━━━━━━━━━━━━━━━━━━━━━━━━━━━━━━━━━━━━━━━━━━━━━━━━━━━━━━━━━━━━━━━━━━━━━━━━━━━━━━━━━━━━━━━
      test count: 7
          rt (s): 8.9784, 8.9810, 8.9903, 8.9757, 8.9538, 8.9420, 8.9582
     mean rt (s): 8.9685
   stddev rt (s): 0.0161
       95% ci rt: 0.0160 -> [8.9524, 8.9845]
     coeff ci rt: 0.0017889804866287186
━━━━━━━━━━━━━━━━━━━━━━━━━━━━━━━━━━━━━━━━━━━━━━━━━━━━━━━━━━━━━━━━━━━━━━━━━━━━━━━━━━━━━━━━━━━━━━━━━━━━
━━━━━━━━━━━━━━━━━━━━━━━━━━━━━━━━━━━━━━━━━━━━━━━━━━━━━━━━━━━━━━━━━━━━━━━━━━━━━━━━━━━━━━━━━━━━━━━━━━━━
      test count: 8
          rt (s): 8.9784, 8.9810, 8.9903, 8.9757, 8.9538, 8.9420, 8.9582, 8.9766
     mean rt (s): 8.9695
   stddev rt (s): 0.0153
       95% ci rt: 0.0136 -> [8.9559, 8.9831]
     coeff ci rt: 0.0015207247233741026
━━━━━━━━━━━━━━━━━━━━━━━━━━━━━━━━━━━━━━━━━━━━━━━━━━━━━━━━━━━━━━━━━━━━━━━━━━━━━━━━━━━━━━━━━━━━━━━━━━━━
━━━━━━━━━━━━━━━━━━━━━━━━━━━━━━━━━━━━━━━━━━━━━━━━━━━━━━━━━━━━━━━━━━━━━━━━━━━━━━━━━━━━━━━━━━━━━━━━━━━━
      test count: 9
          rt (s): 8.9784, 8.9810, 8.9903, 8.9757, 8.9538, 8.9420, 8.9582, 8.9766, 8.9948
     mean rt (s): 8.9723
   stddev rt (s): 0.0164
       95% ci rt: 0.0134 -> [8.9589, 8.9857]
     coeff ci rt: 0.0014938343577871763
━━━━━━━━━━━━━━━━━━━━━━━━━━━━━━━━━━━━━━━━━━━━━━━━━━━━━━━━━━━━━━━━━━━━━━━━━━━━━━━━━━━━━━━━━━━━━━━━━━━━
━━━━━━━━━━━━━━━━━━━━━━━━━━━━━━━━━━━━━━━━━━━━━━━━━━━━━━━━━━━━━━━━━━━━━━━━━━━━━━━━━━━━━━━━━━━━━━━━━━━━
      test count: 10
          rt (s): 8.9784, 8.9810, 8.9903, 8.9757, 8.9538, 8.9420, 8.9582, 8.9766, 8.9948, 8.9872
     mean rt (s): 8.9738
   stddev rt (s): 0.0162
       95% ci rt: 0.0122 -> [8.9616, 8.9860]
     coeff ci rt: 0.0013631904190450548
━━━━━━━━━━━━━━━━━━━━━━━━━━━━━━━━━━━━━━━━━━━━━━━━━━━━━━━━━━━━━━━━━━━━━━━━━━━━━━━━━━━━━━━━━━━━━━━━━━━━
━━━━━━━━━━━━━━━━━━━━━━━━━━━━━━━━━━━━━━━━━━━━━━━━━━━━━━━━━━━━━━━━━━━━━━━━━━━━━━━━━━━━━━━━━━━━━━━━━━━━
      test count: 11
          rt (s): 8.9784, 8.9810, 8.9903, 8.9757, 8.9538, 8.9420, 8.9582, 8.9766, 8.9948, 8.9872, 9.0245
     mean rt (s): 8.9784
   stddev rt (s): 0.0213
       95% ci rt: 0.0150 -> [8.9634, 8.9934]
     coeff ci rt: 0.00166788674118829
━━━━━━━━━━━━━━━━━━━━━━━━━━━━━━━━━━━━━━━━━━━━━━━━━━━━━━━━━━━━━━━━━━━━━━━━━━━━━━━━━━━━━━━━━━━━━━━━━━━━
━━━━━━━━━━━━━━━━━━━━━━━━━━━━━━━━━━━━━━━━━━━━━━━━━━━━━━━━━━━━━━━━━━━━━━━━━━━━━━━━━━━━━━━━━━━━━━━━━━━━
      test count: 12
          rt (s): 8.9784, 8.9810, 8.9903, 8.9757, 8.9538, 8.9420, 8.9582, 8.9766, 8.9948, 8.9872, 9.0245, 8.9752
     mean rt (s): 8.9781
   stddev rt (s): 0.0204
       95% ci rt: 0.0135 -> [8.9646, 8.9917]
     coeff ci rt: 0.0015054831635529567
━━━━━━━━━━━━━━━━━━━━━━━━━━━━━━━━━━━━━━━━━━━━━━━━━━━━━━━━━━━━━━━━━━━━━━━━━━━━━━━━━━━━━━━━━━━━━━━━━━━━
━━━━━━━━━━━━━━━━━━━━━━━━━━━━━━━━━━━━━━━━━━━━━━━━━━━━━━━━━━━━━━━━━━━━━━━━━━━━━━━━━━━━━━━━━━━━━━━━━━━━
      test count: 13
          rt (s): 8.9784, 8.9810, 8.9903, 8.9757, 8.9538, 8.9420, 8.9582, 8.9766, 8.9948, 8.9872, 9.0245, 8.9752, 8.9796
     mean rt (s): 8.9783
   stddev rt (s): 0.0196
       95% ci rt: 0.0123 -> [8.9659, 8.9906]
     coeff ci rt: 0.0013711455822571698
━━━━━━━━━━━━━━━━━━━━━━━━━━━━━━━━━━━━━━━━━━━━━━━━━━━━━━━━━━━━━━━━━━━━━━━━━━━━━━━━━━━━━━━━━━━━━━━━━━━━
━━━━━━━━━━━━━━━━━━━━━━━━━━━━━━━━━━━━━━━━━━━━━━━━━━━━━━━━━━━━━━━━━━━━━━━━━━━━━━━━━━━━━━━━━━━━━━━━━━━━
      test count: 14
          rt (s): 8.9784, 8.9810, 8.9903, 8.9757, 8.9538, 8.9420, 8.9582, 8.9766, 8.9948, 8.9872, 9.0245, 8.9752, 8.9796, 8.9806
     mean rt (s): 8.9784
   stddev rt (s): 0.0189
       95% ci rt: 0.0113 -> [8.9671, 8.9897]
     coeff ci rt: 0.0012593103271760291
━━━━━━━━━━━━━━━━━━━━━━━━━━━━━━━━━━━━━━━━━━━━━━━━━━━━━━━━━━━━━━━━━━━━━━━━━━━━━━━━━━━━━━━━━━━━━━━━━━━━
━━━━━━━━━━━━━━━━━━━━━━━━━━━━━━━━━━━━━━━━━━━━━━━━━━━━━━━━━━━━━━━━━━━━━━━━━━━━━━━━━━━━━━━━━━━━━━━━━━━━
      test count: 15
          rt (s): 8.9784, 8.9810, 8.9903, 8.9757, 8.9538, 8.9420, 8.9582, 8.9766, 8.9948, 8.9872, 9.0245, 8.9752, 8.9796, 8.9806, 8.9912
     mean rt (s): 8.9793
   stddev rt (s): 0.0185
       95% ci rt: 0.0106 -> [8.9687, 8.9899]
     coeff ci rt: 0.0011814435059566881
━━━━━━━━━━━━━━━━━━━━━━━━━━━━━━━━━━━━━━━━━━━━━━━━━━━━━━━━━━━━━━━━━━━━━━━━━━━━━━━━━━━━━━━━━━━━━━━━━━━━
━━━━━━━━━━━━━━━━━━━━━━━━━━━━━━━━━━━━━━━━━━━━━━━━━━━━━━━━━━━━━━━━━━━━━━━━━━━━━━━━━━━━━━━━━━━━━━━━━━━━
      test count: 16
          rt (s): 8.9784, 8.9810, 8.9903, 8.9757, 8.9538, 8.9420, 8.9582, 8.9766, 8.9948, 8.9872, 9.0245, 8.9752, 8.9796, 8.9806, 8.9912, 8.9809
     mean rt (s): 8.9794
   stddev rt (s): 0.0179
       95% ci rt: 0.0099 -> [8.9695, 8.9892]
     coeff ci rt: 0.0010985196845298068
━━━━━━━━━━━━━━━━━━━━━━━━━━━━━━━━━━━━━━━━━━━━━━━━━━━━━━━━━━━━━━━━━━━━━━━━━━━━━━━━━━━━━━━━━━━━━━━━━━━━
━━━━━━━━━━━━━━━━━━━━━━━━━━━━━━━━━━━━━━━━━━━━━━━━━━━━━━━━━━━━━━━━━━━━━━━━━━━━━━━━━━━━━━━━━━━━━━━━━━━━
      test count: 17
          rt (s): 8.9784, 8.9810, 8.9903, 8.9757, 8.9538, 8.9420, 8.9582, 8.9766, 8.9948, 8.9872, 9.0245, 8.9752, 8.9796, 8.9806, 8.9912, 8.9809, 8.9810
     mean rt (s): 8.9795
   stddev rt (s): 0.0174
       95% ci rt: 0.0092 -> [8.9703, 8.9887]
     coeff ci rt: 0.0010265279086260862
━━━━━━━━━━━━━━━━━━━━━━━━━━━━━━━━━━━━━━━━━━━━━━━━━━━━━━━━━━━━━━━━━━━━━━━━━━━━━━━━━━━━━━━━━━━━━━━━━━━━
━━━━━━━━━━━━━━━━━━━━━━━━━━━━━━━━━━━━━━━━━━━━━━━━━━━━━━━━━━━━━━━━━━━━━━━━━━━━━━━━━━━━━━━━━━━━━━━━━━━━
      test count: 18
          rt (s): 8.9784, 8.9810, 8.9903, 8.9757, 8.9538, 8.9420, 8.9582, 8.9766, 8.9948, 8.9872, 9.0245, 8.9752, 8.9796, 8.9806, 8.9912, 8.9809, 8.9810, 8.9752
     mean rt (s): 8.9792
   stddev rt (s): 0.0169
       95% ci rt: 0.0087 -> [8.9706, 8.9879]
     coeff ci rt: 0.0009648507006287415
━━━━━━━━━━━━━━━━━━━━━━━━━━━━━━━━━━━━━━━━━━━━━━━━━━━━━━━━━━━━━━━━━━━━━━━━━━━━━━━━━━━━━━━━━━━━━━━━━━━━
━━━━━━━━━━━━━━━━━━━━━━━━━━━━━━━━━━━━━━━━━━━━━━━━━━━━━━━━━━━━━━━━━━━━━━━━━━━━━━━━━━━━━━━━━━━━━━━━━━━━
      test count: 19
          rt (s): 8.9784, 8.9810, 8.9903, 8.9757, 8.9538, 8.9420, 8.9582, 8.9766, 8.9948, 8.9872, 9.0245, 8.9752, 8.9796, 8.9806, 8.9912, 8.9809, 8.9810, 8.9752, 8.9837
     mean rt (s): 8.9795
   stddev rt (s): 0.0165
       95% ci rt: 0.0082 -> [8.9713, 8.9876]
     coeff ci rt: 0.0009104494519346154
━━━━━━━━━━━━━━━━━━━━━━━━━━━━━━━━━━━━━━━━━━━━━━━━━━━━━━━━━━━━━━━━━━━━━━━━━━━━━━━━━━━━━━━━━━━━━━━━━━━━
━━━━━━━━━━━━━━━━━━━━━━━━━━━━━━━━━━━━━━━━━━━━━━━━━━━━━━━━━━━━━━━━━━━━━━━━━━━━━━━━━━━━━━━━━━━━━━━━━━━━
      test count: 20
          rt (s): 8.9784, 8.9810, 8.9903, 8.9757, 8.9538, 8.9420, 8.9582, 8.9766, 8.9948, 8.9872, 9.0245, 8.9752, 8.9796, 8.9806, 8.9912, 8.9809, 8.9810, 8.9752, 8.9837, 8.9790
     mean rt (s): 8.9794
   stddev rt (s): 0.0161
       95% ci rt: 0.0077 -> [8.9717, 8.9872]
     coeff ci rt: 0.0008605007415601615
━━━━━━━━━━━━━━━━━━━━━━━━━━━━━━━━━━━━━━━━━━━━━━━━━━━━━━━━━━━━━━━━━━━━━━━━━━━━━━━━━━━━━━━━━━━━━━━━━━━━
━━━━━━━━━━━━━━━━━━━━━━━━━━━━━━━━━━━━━━━━━━━━━━━━━━━━━━━━━━━━━━━━━━━━━━━━━━━━━━━━━━━━━━━━━━━━━━━━━━━━
      test count: 21
          rt (s): 8.9784, 8.9810, 8.9903, 8.9757, 8.9538, 8.9420, 8.9582, 8.9766, 8.9948, 8.9872, 9.0245, 8.9752, 8.9796, 8.9806, 8.9912, 8.9809, 8.9810, 8.9752, 8.9837, 8.9790, 8.9787
     mean rt (s): 8.9794
   stddev rt (s): 0.0157
       95% ci rt: 0.0073 -> [8.9721, 8.9867]
     coeff ci rt: 0.0008157831950967958
━━━━━━━━━━━━━━━━━━━━━━━━━━━━━━━━━━━━━━━━━━━━━━━━━━━━━━━━━━━━━━━━━━━━━━━━━━━━━━━━━━━━━━━━━━━━━━━━━━━━
━━━━━━━━━━━━━━━━━━━━━━━━━━━━━━━━━━━━━━━━━━━━━━━━━━━━━━━━━━━━━━━━━━━━━━━━━━━━━━━━━━━━━━━━━━━━━━━━━━━━
      test count: 22
          rt (s): 8.9784, 8.9810, 8.9903, 8.9757, 8.9538, 8.9420, 8.9582, 8.9766, 8.9948, 8.9872, 9.0245, 8.9752, 8.9796, 8.9806, 8.9912, 8.9809, 8.9810, 8.9752, 8.9837, 8.9790, 8.9787, 8.9811
     mean rt (s): 8.9795
   stddev rt (s): 0.0153
       95% ci rt: 0.0070 -> [8.9725, 8.9865]
     coeff ci rt: 0.0007756486401212928
━━━━━━━━━━━━━━━━━━━━━━━━━━━━━━━━━━━━━━━━━━━━━━━━━━━━━━━━━━━━━━━━━━━━━━━━━━━━━━━━━━━━━━━━━━━━━━━━━━━━
━━━━━━━━━━━━━━━━━━━━━━━━━━━━━━━━━━━━━━━━━━━━━━━━━━━━━━━━━━━━━━━━━━━━━━━━━━━━━━━━━━━━━━━━━━━━━━━━━━━━
      test count: 23
          rt (s): 8.9784, 8.9810, 8.9903, 8.9757, 8.9538, 8.9420, 8.9582, 8.9766, 8.9948, 8.9872, 9.0245, 8.9752, 8.9796, 8.9806, 8.9912, 8.9809, 8.9810, 8.9752, 8.9837, 8.9790, 8.9787, 8.9811, 8.9872
     mean rt (s): 8.9798
   stddev rt (s): 0.0151
       95% ci rt: 0.0067 -> [8.9731, 8.9865]
     coeff ci rt: 0.000743131803313974
━━━━━━━━━━━━━━━━━━━━━━━━━━━━━━━━━━━━━━━━━━━━━━━━━━━━━━━━━━━━━━━━━━━━━━━━━━━━━━━━━━━━━━━━━━━━━━━━━━━━
━━━━━━━━━━━━━━━━━━━━━━━━━━━━━━━━━━━━━━━━━━━━━━━━━━━━━━━━━━━━━━━━━━━━━━━━━━━━━━━━━━━━━━━━━━━━━━━━━━━━
      test count: 24
          rt (s): 8.9784, 8.9810, 8.9903, 8.9757, 8.9538, 8.9420, 8.9582, 8.9766, 8.9948, 8.9872, 9.0245, 8.9752, 8.9796, 8.9806, 8.9912, 8.9809, 8.9810, 8.9752, 8.9837, 8.9790, 8.9787, 8.9811, 8.9872, 8.9830
     mean rt (s): 8.9800
   stddev rt (s): 0.0148
       95% ci rt: 0.0064 -> [8.9736, 8.9863]
     coeff ci rt: 0.0007103501380830117
━━━━━━━━━━━━━━━━━━━━━━━━━━━━━━━━━━━━━━━━━━━━━━━━━━━━━━━━━━━━━━━━━━━━━━━━━━━━━━━━━━━━━━━━━━━━━━━━━━━━
━━━━━━━━━━━━━━━━━━━━━━━━━━━━━━━━━━━━━━━━━━━━━━━━━━━━━━━━━━━━━━━━━━━━━━━━━━━━━━━━━━━━━━━━━━━━━━━━━━━━
      test count: 25
          rt (s): 8.9784, 8.9810, 8.9903, 8.9757, 8.9538, 8.9420, 8.9582, 8.9766, 8.9948, 8.9872, 9.0245, 8.9752, 8.9796, 8.9806, 8.9912, 8.9809, 8.9810, 8.9752, 8.9837, 8.9790, 8.9787, 8.9811, 8.9872, 8.9830, 9.0059
     mean rt (s): 8.9810
   stddev rt (s): 0.0154
       95% ci rt: 0.0065 -> [8.9745, 8.9875]
     coeff ci rt: 0.0007203279382782648
━━━━━━━━━━━━━━━━━━━━━━━━━━━━━━━━━━━━━━━━━━━━━━━━━━━━━━━━━━━━━━━━━━━━━━━━━━━━━━━━━━━━━━━━━━━━━━━━━━━━
━━━━━━━━━━━━━━━━━━━━━━━━━━━━━━━━━━━━━━━━━━━━━━━━━━━━━━━━━━━━━━━━━━━━━━━━━━━━━━━━━━━━━━━━━━━━━━━━━━━━
      test count: 26
          rt (s): 8.9784, 8.9810, 8.9903, 8.9757, 8.9538, 8.9420, 8.9582, 8.9766, 8.9948, 8.9872, 9.0245, 8.9752, 8.9796, 8.9806, 8.9912, 8.9809, 8.9810, 8.9752, 8.9837, 8.9790, 8.9787, 8.9811, 8.9872, 8.9830, 9.0059, 9.0011
     mean rt (s): 8.9818
   stddev rt (s): 0.0155
       95% ci rt: 0.0064 -> [8.9754, 8.9882]
     coeff ci rt: 0.0007129547832610284
━━━━━━━━━━━━━━━━━━━━━━━━━━━━━━━━━━━━━━━━━━━━━━━━━━━━━━━━━━━━━━━━━━━━━━━━━━━━━━━━━━━━━━━━━━━━━━━━━━━━
━━━━━━━━━━━━━━━━━━━━━━━━━━━━━━━━━━━━━━━━━━━━━━━━━━━━━━━━━━━━━━━━━━━━━━━━━━━━━━━━━━━━━━━━━━━━━━━━━━━━
      test count: 27
          rt (s): 8.9784, 8.9810, 8.9903, 8.9757, 8.9538, 8.9420, 8.9582, 8.9766, 8.9948, 8.9872, 9.0245, 8.9752, 8.9796, 8.9806, 8.9912, 8.9809, 8.9810, 8.9752, 8.9837, 8.9790, 8.9787, 8.9811, 8.9872, 8.9830, 9.0059, 9.0011, 8.9888
     mean rt (s): 8.9820
   stddev rt (s): 0.0153
       95% ci rt: 0.0062 -> [8.9759, 8.9882]
     coeff ci rt: 0.0006872769979198055
━━━━━━━━━━━━━━━━━━━━━━━━━━━━━━━━━━━━━━━━━━━━━━━━━━━━━━━━━━━━━━━━━━━━━━━━━━━━━━━━━━━━━━━━━━━━━━━━━━━━
━━━━━━━━━━━━━━━━━━━━━━━━━━━━━━━━━━━━━━━━━━━━━━━━━━━━━━━━━━━━━━━━━━━━━━━━━━━━━━━━━━━━━━━━━━━━━━━━━━━━
      test count: 28
          rt (s): 8.9784, 8.9810, 8.9903, 8.9757, 8.9538, 8.9420, 8.9582, 8.9766, 8.9948, 8.9872, 9.0245, 8.9752, 8.9796, 8.9806, 8.9912, 8.9809, 8.9810, 8.9752, 8.9837, 8.9790, 8.9787, 8.9811, 8.9872, 8.9830, 9.0059, 9.0011, 8.9888, 8.9767
     mean rt (s): 8.9818
   stddev rt (s): 0.0151
       95% ci rt: 0.0060 -> [8.9759, 8.9878]
     coeff ci rt: 0.0006625253892630054
━━━━━━━━━━━━━━━━━━━━━━━━━━━━━━━━━━━━━━━━━━━━━━━━━━━━━━━━━━━━━━━━━━━━━━━━━━━━━━━━━━━━━━━━━━━━━━━━━━━━
━━━━━━━━━━━━━━━━━━━━━━━━━━━━━━━━━━━━━━━━━━━━━━━━━━━━━━━━━━━━━━━━━━━━━━━━━━━━━━━━━━━━━━━━━━━━━━━━━━━━
      test count: 29
          rt (s): 8.9784, 8.9810, 8.9903, 8.9757, 8.9538, 8.9420, 8.9582, 8.9766, 8.9948, 8.9872, 9.0245, 8.9752, 8.9796, 8.9806, 8.9912, 8.9809, 8.9810, 8.9752, 8.9837, 8.9790, 8.9787, 8.9811, 8.9872, 8.9830, 9.0059, 9.0011, 8.9888, 8.9767, 8.9721
     mean rt (s): 8.9815
   stddev rt (s): 0.0149
       95% ci rt: 0.0058 -> [8.9757, 8.9873]
     coeff ci rt: 0.000642805152771848
━━━━━━━━━━━━━━━━━━━━━━━━━━━━━━━━━━━━━━━━━━━━━━━━━━━━━━━━━━━━━━━━━━━━━━━━━━━━━━━━━━━━━━━━━━━━━━━━━━━━
━━━━━━━━━━━━━━━━━━━━━━━━━━━━━━━━━━━━━━━━━━━━━━━━━━━━━━━━━━━━━━━━━━━━━━━━━━━━━━━━━━━━━━━━━━━━━━━━━━━━
      test count: 30
          rt (s): 8.9784, 8.9810, 8.9903, 8.9757, 8.9538, 8.9420, 8.9582, 8.9766, 8.9948, 8.9872, 9.0245, 8.9752, 8.9796, 8.9806, 8.9912, 8.9809, 8.9810, 8.9752, 8.9837, 8.9790, 8.9787, 8.9811, 8.9872, 8.9830, 9.0059, 9.0011, 8.9888, 8.9767, 8.9721, 8.9777
     mean rt (s): 8.9814
   stddev rt (s): 0.0147
       95% ci rt: 0.0056 -> [8.9758, 8.9869]
     coeff ci rt: 0.0006207247554106984
━━━━━━━━━━━━━━━━━━━━━━━━━━━━━━━━━━━━━━━━━━━━━━━━━━━━━━━━━━━━━━━━━━━━━━━━━━━━━━━━━━━━━━━━━━━━━━━━━━━━
━━━━━━━━━━━━━━━━━━━━━━━━━━━━━━━━━━━━━━━━━━━━━━━━━━━━━━━━━━━━━━━━━━━━━━━━━━━━━━━━━━━━━━━━━━━━━━━━━━━━
      test count: 31
          rt (s): 8.9784, 8.9810, 8.9903, 8.9757, 8.9538, 8.9420, 8.9582, 8.9766, 8.9948, 8.9872, 9.0245, 8.9752, 8.9796, 8.9806, 8.9912, 8.9809, 8.9810, 8.9752, 8.9837, 8.9790, 8.9787, 8.9811, 8.9872, 8.9830, 9.0059, 9.0011, 8.9888, 8.9767, 8.9721, 8.9777, 8.9778
     mean rt (s): 8.9813
   stddev rt (s): 0.0145
       95% ci rt: 0.0054 -> [8.9759, 8.9866]
     coeff ci rt: 0.0006000799100062666
━━━━━━━━━━━━━━━━━━━━━━━━━━━━━━━━━━━━━━━━━━━━━━━━━━━━━━━━━━━━━━━━━━━━━━━━━━━━━━━━━━━━━━━━━━━━━━━━━━━━
━━━━━━━━━━━━━━━━━━━━━━━━━━━━━━━━━━━━━━━━━━━━━━━━━━━━━━━━━━━━━━━━━━━━━━━━━━━━━━━━━━━━━━━━━━━━━━━━━━━━
      test count: 32
          rt (s): 8.9784, 8.9810, 8.9903, 8.9757, 8.9538, 8.9420, 8.9582, 8.9766, 8.9948, 8.9872, 9.0245, 8.9752, 8.9796, 8.9806, 8.9912, 8.9809, 8.9810, 8.9752, 8.9837, 8.9790, 8.9787, 8.9811, 8.9872, 8.9830, 9.0059, 9.0011, 8.9888, 8.9767, 8.9721, 8.9777, 8.9778, 8.9807
     mean rt (s): 8.9812
   stddev rt (s): 0.0142
       95% ci rt: 0.0052 -> [8.9760, 8.9865]
     coeff ci rt: 0.0005802545797340029
━━━━━━━━━━━━━━━━━━━━━━━━━━━━━━━━━━━━━━━━━━━━━━━━━━━━━━━━━━━━━━━━━━━━━━━━━━━━━━━━━━━━━━━━━━━━━━━━━━━━
━━━━━━━━━━━━━━━━━━━━━━━━━━━━━━━━━━━━━━━━━━━━━━━━━━━━━━━━━━━━━━━━━━━━━━━━━━━━━━━━━━━━━━━━━━━━━━━━━━━━
      test count: 33
          rt (s): 8.9784, 8.9810, 8.9903, 8.9757, 8.9538, 8.9420, 8.9582, 8.9766, 8.9948, 8.9872, 9.0245, 8.9752, 8.9796, 8.9806, 8.9912, 8.9809, 8.9810, 8.9752, 8.9837, 8.9790, 8.9787, 8.9811, 8.9872, 8.9830, 9.0059, 9.0011, 8.9888, 8.9767, 8.9721, 8.9777, 8.9778, 8.9807, 8.9841
     mean rt (s): 8.9813
   stddev rt (s): 0.0140
       95% ci rt: 0.0050 -> [8.9763, 8.9864]
     coeff ci rt: 0.0005620230811398835
━━━━━━━━━━━━━━━━━━━━━━━━━━━━━━━━━━━━━━━━━━━━━━━━━━━━━━━━━━━━━━━━━━━━━━━━━━━━━━━━━━━━━━━━━━━━━━━━━━━━
━━━━━━━━━━━━━━━━━━━━━━━━━━━━━━━━━━━━━━━━━━━━━━━━━━━━━━━━━━━━━━━━━━━━━━━━━━━━━━━━━━━━━━━━━━━━━━━━━━━━
      test count: 34
          rt (s): 8.9784, 8.9810, 8.9903, 8.9757, 8.9538, 8.9420, 8.9582, 8.9766, 8.9948, 8.9872, 9.0245, 8.9752, 8.9796, 8.9806, 8.9912, 8.9809, 8.9810, 8.9752, 8.9837, 8.9790, 8.9787, 8.9811, 8.9872, 8.9830, 9.0059, 9.0011, 8.9888, 8.9767, 8.9721, 8.9777, 8.9778, 8.9807, 8.9841, 8.9797
     mean rt (s): 8.9813
   stddev rt (s): 0.0138
       95% ci rt: 0.0049 -> [8.9764, 8.9862]
     coeff ci rt: 0.0005447060305917815
━━━━━━━━━━━━━━━━━━━━━━━━━━━━━━━━━━━━━━━━━━━━━━━━━━━━━━━━━━━━━━━━━━━━━━━━━━━━━━━━━━━━━━━━━━━━━━━━━━━━
━━━━━━━━━━━━━━━━━━━━━━━━━━━━━━━━━━━━━━━━━━━━━━━━━━━━━━━━━━━━━━━━━━━━━━━━━━━━━━━━━━━━━━━━━━━━━━━━━━━━
      test count: 35
          rt (s): 8.9784, 8.9810, 8.9903, 8.9757, 8.9538, 8.9420, 8.9582, 8.9766, 8.9948, 8.9872, 9.0245, 8.9752, 8.9796, 8.9806, 8.9912, 8.9809, 8.9810, 8.9752, 8.9837, 8.9790, 8.9787, 8.9811, 8.9872, 8.9830, 9.0059, 9.0011, 8.9888, 8.9767, 8.9721, 8.9777, 8.9778, 8.9807, 8.9841, 8.9797, 9.0261
     mean rt (s): 8.9826
   stddev rt (s): 0.0155
       95% ci rt: 0.0054 -> [8.9771, 8.9880]
     coeff ci rt: 0.0006024838010780857
━━━━━━━━━━━━━━━━━━━━━━━━━━━━━━━━━━━━━━━━━━━━━━━━━━━━━━━━━━━━━━━━━━━━━━━━━━━━━━━━━━━━━━━━━━━━━━━━━━━━
━━━━━━━━━━━━━━━━━━━━━━━━━━━━━━━━━━━━━━━━━━━━━━━━━━━━━━━━━━━━━━━━━━━━━━━━━━━━━━━━━━━━━━━━━━━━━━━━━━━━
      test count: 36
          rt (s): 8.9784, 8.9810, 8.9903, 8.9757, 8.9538, 8.9420, 8.9582, 8.9766, 8.9948, 8.9872, 9.0245, 8.9752, 8.9796, 8.9806, 8.9912, 8.9809, 8.9810, 8.9752, 8.9837, 8.9790, 8.9787, 8.9811, 8.9872, 8.9830, 9.0059, 9.0011, 8.9888, 8.9767, 8.9721, 8.9777, 8.9778, 8.9807, 8.9841, 8.9797, 9.0261, 8.9769
     mean rt (s): 8.9824
   stddev rt (s): 0.0153
       95% ci rt: 0.0053 -> [8.9771, 8.9877]
     coeff ci rt: 0.0005859820453973573
━━━━━━━━━━━━━━━━━━━━━━━━━━━━━━━━━━━━━━━━━━━━━━━━━━━━━━━━━━━━━━━━━━━━━━━━━━━━━━━━━━━━━━━━━━━━━━━━━━━━
━━━━━━━━━━━━━━━━━━━━━━━━━━━━━━━━━━━━━━━━━━━━━━━━━━━━━━━━━━━━━━━━━━━━━━━━━━━━━━━━━━━━━━━━━━━━━━━━━━━━
      test count: 37
          rt (s): 8.9784, 8.9810, 8.9903, 8.9757, 8.9538, 8.9420, 8.9582, 8.9766, 8.9948, 8.9872, 9.0245, 8.9752, 8.9796, 8.9806, 8.9912, 8.9809, 8.9810, 8.9752, 8.9837, 8.9790, 8.9787, 8.9811, 8.9872, 8.9830, 9.0059, 9.0011, 8.9888, 8.9767, 8.9721, 8.9777, 8.9778, 8.9807, 8.9841, 8.9797, 9.0261, 8.9769, 8.9843
     mean rt (s): 8.9825
   stddev rt (s): 0.0151
       95% ci rt: 0.0051 -> [8.9773, 8.9876]
     coeff ci rt: 0.0005694737503818615
━━━━━━━━━━━━━━━━━━━━━━━━━━━━━━━━━━━━━━━━━━━━━━━━━━━━━━━━━━━━━━━━━━━━━━━━━━━━━━━━━━━━━━━━━━━━━━━━━━━━
━━━━━━━━━━━━━━━━━━━━━━━━━━━━━━━━━━━━━━━━━━━━━━━━━━━━━━━━━━━━━━━━━━━━━━━━━━━━━━━━━━━━━━━━━━━━━━━━━━━━
      test count: 38
          rt (s): 8.9784, 8.9810, 8.9903, 8.9757, 8.9538, 8.9420, 8.9582, 8.9766, 8.9948, 8.9872, 9.0245, 8.9752, 8.9796, 8.9806, 8.9912, 8.9809, 8.9810, 8.9752, 8.9837, 8.9790, 8.9787, 8.9811, 8.9872, 8.9830, 9.0059, 9.0011, 8.9888, 8.9767, 8.9721, 8.9777, 8.9778, 8.9807, 8.9841, 8.9797, 9.0261, 8.9769, 8.9843, 8.9757
     mean rt (s): 8.9823
   stddev rt (s): 0.0150
       95% ci rt: 0.0050 -> [8.9773, 8.9873]
     coeff ci rt: 0.0005552258068678522
━━━━━━━━━━━━━━━━━━━━━━━━━━━━━━━━━━━━━━━━━━━━━━━━━━━━━━━━━━━━━━━━━━━━━━━━━━━━━━━━━━━━━━━━━━━━━━━━━━━━
━━━━━━━━━━━━━━━━━━━━━━━━━━━━━━━━━━━━━━━━━━━━━━━━━━━━━━━━━━━━━━━━━━━━━━━━━━━━━━━━━━━━━━━━━━━━━━━━━━━━
      test count: 39
          rt (s): 8.9784, 8.9810, 8.9903, 8.9757, 8.9538, 8.9420, 8.9582, 8.9766, 8.9948, 8.9872, 9.0245, 8.9752, 8.9796, 8.9806, 8.9912, 8.9809, 8.9810, 8.9752, 8.9837, 8.9790, 8.9787, 8.9811, 8.9872, 8.9830, 9.0059, 9.0011, 8.9888, 8.9767, 8.9721, 8.9777, 8.9778, 8.9807, 8.9841, 8.9797, 9.0261, 8.9769, 8.9843, 8.9757, 8.9719
     mean rt (s): 8.9820
   stddev rt (s): 0.0149
       95% ci rt: 0.0049 -> [8.9771, 8.9869]
     coeff ci rt: 0.0005436551369435174
━━━━━━━━━━━━━━━━━━━━━━━━━━━━━━━━━━━━━━━━━━━━━━━━━━━━━━━━━━━━━━━━━━━━━━━━━━━━━━━━━━━━━━━━━━━━━━━━━━━━
━━━━━━━━━━━━━━━━━━━━━━━━━━━━━━━━━━━━━━━━━━━━━━━━━━━━━━━━━━━━━━━━━━━━━━━━━━━━━━━━━━━━━━━━━━━━━━━━━━━━
      test count: 40
          rt (s): 8.9784, 8.9810, 8.9903, 8.9757, 8.9538, 8.9420, 8.9582, 8.9766, 8.9948, 8.9872, 9.0245, 8.9752, 8.9796, 8.9806, 8.9912, 8.9809, 8.9810, 8.9752, 8.9837, 8.9790, 8.9787, 8.9811, 8.9872, 8.9830, 9.0059, 9.0011, 8.9888, 8.9767, 8.9721, 8.9777, 8.9778, 8.9807, 8.9841, 8.9797, 9.0261, 8.9769, 8.9843, 8.9757, 8.9719, 8.9798
     mean rt (s): 8.9820
   stddev rt (s): 0.0147
       95% ci rt: 0.0048 -> [8.9772, 8.9867]
     coeff ci rt: 0.0005295931185270181
━━━━━━━━━━━━━━━━━━━━━━━━━━━━━━━━━━━━━━━━━━━━━━━━━━━━━━━━━━━━━━━━━━━━━━━━━━━━━━━━━━━━━━━━━━━━━━━━━━━━
━━━━━━━━━━━━━━━━━━━━━━━━━━━━━━━━━━━━━━━━━━━━━━━━━━━━━━━━━━━━━━━━━━━━━━━━━━━━━━━━━━━━━━━━━━━━━━━━━━━━
      test count: 41
          rt (s): 8.9784, 8.9810, 8.9903, 8.9757, 8.9538, 8.9420, 8.9582, 8.9766, 8.9948, 8.9872, 9.0245, 8.9752, 8.9796, 8.9806, 8.9912, 8.9809, 8.9810, 8.9752, 8.9837, 8.9790, 8.9787, 8.9811, 8.9872, 8.9830, 9.0059, 9.0011, 8.9888, 8.9767, 8.9721, 8.9777, 8.9778, 8.9807, 8.9841, 8.9797, 9.0261, 8.9769, 8.9843, 8.9757, 8.9719, 8.9798, 8.9790
     mean rt (s): 8.9819
   stddev rt (s): 0.0145
       95% ci rt: 0.0046 -> [8.9772, 8.9865]
     coeff ci rt: 0.0005163610683790611
━━━━━━━━━━━━━━━━━━━━━━━━━━━━━━━━━━━━━━━━━━━━━━━━━━━━━━━━━━━━━━━━━━━━━━━━━━━━━━━━━━━━━━━━━━━━━━━━━━━━
━━━━━━━━━━━━━━━━━━━━━━━━━━━━━━━━━━━━━━━━━━━━━━━━━━━━━━━━━━━━━━━━━━━━━━━━━━━━━━━━━━━━━━━━━━━━━━━━━━━━
      test count: 42
          rt (s): 8.9784, 8.9810, 8.9903, 8.9757, 8.9538, 8.9420, 8.9582, 8.9766, 8.9948, 8.9872, 9.0245, 8.9752, 8.9796, 8.9806, 8.9912, 8.9809, 8.9810, 8.9752, 8.9837, 8.9790, 8.9787, 8.9811, 8.9872, 8.9830, 9.0059, 9.0011, 8.9888, 8.9767, 8.9721, 8.9777, 8.9778, 8.9807, 8.9841, 8.9797, 9.0261, 8.9769, 8.9843, 8.9757, 8.9719, 8.9798, 8.9790, 8.9859
     mean rt (s): 8.9820
   stddev rt (s): 0.0144
       95% ci rt: 0.0045 -> [8.9775, 8.9865]
     coeff ci rt: 0.0005039878821666415
━━━━━━━━━━━━━━━━━━━━━━━━━━━━━━━━━━━━━━━━━━━━━━━━━━━━━━━━━━━━━━━━━━━━━━━━━━━━━━━━━━━━━━━━━━━━━━━━━━━━
━━━━━━━━━━━━━━━━━━━━━━━━━━━━━━━━━━━━━━━━━━━━━━━━━━━━━━━━━━━━━━━━━━━━━━━━━━━━━━━━━━━━━━━━━━━━━━━━━━━━
      test count: 43
          rt (s): 8.9784, 8.9810, 8.9903, 8.9757, 8.9538, 8.9420, 8.9582, 8.9766, 8.9948, 8.9872, 9.0245, 8.9752, 8.9796, 8.9806, 8.9912, 8.9809, 8.9810, 8.9752, 8.9837, 8.9790, 8.9787, 8.9811, 8.9872, 8.9830, 9.0059, 9.0011, 8.9888, 8.9767, 8.9721, 8.9777, 8.9778, 8.9807, 8.9841, 8.9797, 9.0261, 8.9769, 8.9843, 8.9757, 8.9719, 8.9798, 8.9790, 8.9859, 9.0004
     mean rt (s): 8.9824
   stddev rt (s): 0.0145
       95% ci rt: 0.0045 -> [8.9779, 8.9869]
     coeff ci rt: 0.000501079616879417
━━━━━━━━━━━━━━━━━━━━━━━━━━━━━━━━━━━━━━━━━━━━━━━━━━━━━━━━━━━━━━━━━━━━━━━━━━━━━━━━━━━━━━━━━━━━━━━━━━━━
━━━━━━━━━━━━━━━━━━━━━━━━━━━━━━━━━━━━━━━━━━━━━━━━━━━━━━━━━━━━━━━━━━━━━━━━━━━━━━━━━━━━━━━━━━━━━━━━━━━━
      test count: 44
          rt (s): 8.9784, 8.9810, 8.9903, 8.9757, 8.9538, 8.9420, 8.9582, 8.9766, 8.9948, 8.9872, 9.0245, 8.9752, 8.9796, 8.9806, 8.9912, 8.9809, 8.9810, 8.9752, 8.9837, 8.9790, 8.9787, 8.9811, 8.9872, 8.9830, 9.0059, 9.0011, 8.9888, 8.9767, 8.9721, 8.9777, 8.9778, 8.9807, 8.9841, 8.9797, 9.0261, 8.9769, 8.9843, 8.9757, 8.9719, 8.9798, 8.9790, 8.9859, 9.0004, 8.9959
     mean rt (s): 8.9827
   stddev rt (s): 0.0144
       95% ci rt: 0.0044 -> [8.9783, 8.9872]
     coeff ci rt: 0.0004940260570480023
━━━━━━━━━━━━━━━━━━━━━━━━━━━━━━━━━━━━━━━━━━━━━━━━━━━━━━━━━━━━━━━━━━━━━━━━━━━━━━━━━━━━━━━━━━━━━━━━━━━━
━━━━━━━━━━━━━━━━━━━━━━━━━━━━━━━━━━━━━━━━━━━━━━━━━━━━━━━━━━━━━━━━━━━━━━━━━━━━━━━━━━━━━━━━━━━━━━━━━━━━
      test count: 45
          rt (s): 8.9784, 8.9810, 8.9903, 8.9757, 8.9538, 8.9420, 8.9582, 8.9766, 8.9948, 8.9872, 9.0245, 8.9752, 8.9796, 8.9806, 8.9912, 8.9809, 8.9810, 8.9752, 8.9837, 8.9790, 8.9787, 8.9811, 8.9872, 8.9830, 9.0059, 9.0011, 8.9888, 8.9767, 8.9721, 8.9777, 8.9778, 8.9807, 8.9841, 8.9797, 9.0261, 8.9769, 8.9843, 8.9757, 8.9719, 8.9798, 8.9790, 8.9859, 9.0004, 8.9959, 8.9848
     mean rt (s): 8.9828
   stddev rt (s): 0.0143
       95% ci rt: 0.0043 -> [8.9784, 8.9871]
     coeff ci rt: 0.0004827153323123704
━━━━━━━━━━━━━━━━━━━━━━━━━━━━━━━━━━━━━━━━━━━━━━━━━━━━━━━━━━━━━━━━━━━━━━━━━━━━━━━━━━━━━━━━━━━━━━━━━━━━
━━━━━━━━━━━━━━━━━━━━━━━━━━━━━━━━━━━━━━━━━━━━━━━━━━━━━━━━━━━━━━━━━━━━━━━━━━━━━━━━━━━━━━━━━━━━━━━━━━━━
      test count: 46
          rt (s): 8.9784, 8.9810, 8.9903, 8.9757, 8.9538, 8.9420, 8.9582, 8.9766, 8.9948, 8.9872, 9.0245, 8.9752, 8.9796, 8.9806, 8.9912, 8.9809, 8.9810, 8.9752, 8.9837, 8.9790, 8.9787, 8.9811, 8.9872, 8.9830, 9.0059, 9.0011, 8.9888, 8.9767, 8.9721, 8.9777, 8.9778, 8.9807, 8.9841, 8.9797, 9.0261, 8.9769, 8.9843, 8.9757, 8.9719, 8.9798, 8.9790, 8.9859, 9.0004, 8.9959, 8.9848, 8.9890
     mean rt (s): 8.9829
   stddev rt (s): 0.0141
       95% ci rt: 0.0042 -> [8.9786, 8.9871]
     coeff ci rt: 0.0004727810094423938
━━━━━━━━━━━━━━━━━━━━━━━━━━━━━━━━━━━━━━━━━━━━━━━━━━━━━━━━━━━━━━━━━━━━━━━━━━━━━━━━━━━━━━━━━━━━━━━━━━━━
━━━━━━━━━━━━━━━━━━━━━━━━━━━━━━━━━━━━━━━━━━━━━━━━━━━━━━━━━━━━━━━━━━━━━━━━━━━━━━━━━━━━━━━━━━━━━━━━━━━━
      test count: 47
          rt (s): 8.9784, 8.9810, 8.9903, 8.9757, 8.9538, 8.9420, 8.9582, 8.9766, 8.9948, 8.9872, 9.0245, 8.9752, 8.9796, 8.9806, 8.9912, 8.9809, 8.9810, 8.9752, 8.9837, 8.9790, 8.9787, 8.9811, 8.9872, 8.9830, 9.0059, 9.0011, 8.9888, 8.9767, 8.9721, 8.9777, 8.9778, 8.9807, 8.9841, 8.9797, 9.0261, 8.9769, 8.9843, 8.9757, 8.9719, 8.9798, 8.9790, 8.9859, 9.0004, 8.9959, 8.9848, 8.9890, 8.9984
     mean rt (s): 8.9832
   stddev rt (s): 0.0142
       95% ci rt: 0.0042 -> [8.9790, 8.9874]
     coeff ci rt: 0.0004681898671505403
━━━━━━━━━━━━━━━━━━━━━━━━━━━━━━━━━━━━━━━━━━━━━━━━━━━━━━━━━━━━━━━━━━━━━━━━━━━━━━━━━━━━━━━━━━━━━━━━━━━━
━━━━━━━━━━━━━━━━━━━━━━━━━━━━━━━━━━━━━━━━━━━━━━━━━━━━━━━━━━━━━━━━━━━━━━━━━━━━━━━━━━━━━━━━━━━━━━━━━━━━
      test count: 48
          rt (s): 8.9784, 8.9810, 8.9903, 8.9757, 8.9538, 8.9420, 8.9582, 8.9766, 8.9948, 8.9872, 9.0245, 8.9752, 8.9796, 8.9806, 8.9912, 8.9809, 8.9810, 8.9752, 8.9837, 8.9790, 8.9787, 8.9811, 8.9872, 8.9830, 9.0059, 9.0011, 8.9888, 8.9767, 8.9721, 8.9777, 8.9778, 8.9807, 8.9841, 8.9797, 9.0261, 8.9769, 8.9843, 8.9757, 8.9719, 8.9798, 8.9790, 8.9859, 9.0004, 8.9959, 8.9848, 8.9890, 8.9984, 8.9974
     mean rt (s): 8.9835
   stddev rt (s): 0.0142
       95% ci rt: 0.0042 -> [8.9794, 8.9877]
     coeff ci rt: 0.000462802929452916
━━━━━━━━━━━━━━━━━━━━━━━━━━━━━━━━━━━━━━━━━━━━━━━━━━━━━━━━━━━━━━━━━━━━━━━━━━━━━━━━━━━━━━━━━━━━━━━━━━━━
━━━━━━━━━━━━━━━━━━━━━━━━━━━━━━━━━━━━━━━━━━━━━━━━━━━━━━━━━━━━━━━━━━━━━━━━━━━━━━━━━━━━━━━━━━━━━━━━━━━━
      test count: 49
          rt (s): 8.9784, 8.9810, 8.9903, 8.9757, 8.9538, 8.9420, 8.9582, 8.9766, 8.9948, 8.9872, 9.0245, 8.9752, 8.9796, 8.9806, 8.9912, 8.9809, 8.9810, 8.9752, 8.9837, 8.9790, 8.9787, 8.9811, 8.9872, 8.9830, 9.0059, 9.0011, 8.9888, 8.9767, 8.9721, 8.9777, 8.9778, 8.9807, 8.9841, 8.9797, 9.0261, 8.9769, 8.9843, 8.9757, 8.9719, 8.9798, 8.9790, 8.9859, 9.0004, 8.9959, 8.9848, 8.9890, 8.9984, 8.9974, 8.9726
     mean rt (s): 8.9833
   stddev rt (s): 0.0141
       95% ci rt: 0.0041 -> [8.9792, 8.9874]
     coeff ci rt: 0.000455759814306293
━━━━━━━━━━━━━━━━━━━━━━━━━━━━━━━━━━━━━━━━━━━━━━━━━━━━━━━━━━━━━━━━━━━━━━━━━━━━━━━━━━━━━━━━━━━━━━━━━━━━
━━━━━━━━━━━━━━━━━━━━━━━━━━━━━━━━━━━━━━━━━━━━━━━━━━━━━━━━━━━━━━━━━━━━━━━━━━━━━━━━━━━━━━━━━━━━━━━━━━━━
      test count: 50
          rt (s): 8.9784, 8.9810, 8.9903, 8.9757, 8.9538, 8.9420, 8.9582, 8.9766, 8.9948, 8.9872, 9.0245, 8.9752, 8.9796, 8.9806, 8.9912, 8.9809, 8.9810, 8.9752, 8.9837, 8.9790, 8.9787, 8.9811, 8.9872, 8.9830, 9.0059, 9.0011, 8.9888, 8.9767, 8.9721, 8.9777, 8.9778, 8.9807, 8.9841, 8.9797, 9.0261, 8.9769, 8.9843, 8.9757, 8.9719, 8.9798, 8.9790, 8.9859, 9.0004, 8.9959, 8.9848, 8.9890, 8.9984, 8.9974, 8.9726, 8.9874
     mean rt (s): 8.9834
   stddev rt (s): 0.0140
       95% ci rt: 0.0040 -> [8.9794, 8.9874]
     coeff ci rt: 0.00044668937573917746
━━━━━━━━━━━━━━━━━━━━━━━━━━━━━━━━━━━━━━━━━━━━━━━━━━━━━━━━━━━━━━━━━━━━━━━━━━━━━━━━━━━━━━━━━━━━━━━━━━━━
━━━━━━━━━━━━━━━━━━━━━━━━━━━━━━━━━━━━━━━━━━━━━━━━━━━━━━━━━━━━━━━━━━━━━━━━━━━━━━━━━━━━━━━━━━━━━━━━━━━━
      test count: 51
          rt (s): 8.9784, 8.9810, 8.9903, 8.9757, 8.9538, 8.9420, 8.9582, 8.9766, 8.9948, 8.9872, 9.0245, 8.9752, 8.9796, 8.9806, 8.9912, 8.9809, 8.9810, 8.9752, 8.9837, 8.9790, 8.9787, 8.9811, 8.9872, 8.9830, 9.0059, 9.0011, 8.9888, 8.9767, 8.9721, 8.9777, 8.9778, 8.9807, 8.9841, 8.9797, 9.0261, 8.9769, 8.9843, 8.9757, 8.9719, 8.9798, 8.9790, 8.9859, 9.0004, 8.9959, 8.9848, 8.9890, 8.9984, 8.9974, 8.9726, 8.9874, 8.9762
     mean rt (s): 8.9832
   stddev rt (s): 0.0139
       95% ci rt: 0.0039 -> [8.9793, 8.9872]
     coeff ci rt: 0.0004387592491297778
━━━━━━━━━━━━━━━━━━━━━━━━━━━━━━━━━━━━━━━━━━━━━━━━━━━━━━━━━━━━━━━━━━━━━━━━━━━━━━━━━━━━━━━━━━━━━━━━━━━━
━━━━━━━━━━━━━━━━━━━━━━━━━━━━━━━━━━━━━━━━━━━━━━━━━━━━━━━━━━━━━━━━━━━━━━━━━━━━━━━━━━━━━━━━━━━━━━━━━━━━
      test count: 52
          rt (s): 8.9784, 8.9810, 8.9903, 8.9757, 8.9538, 8.9420, 8.9582, 8.9766, 8.9948, 8.9872, 9.0245, 8.9752, 8.9796, 8.9806, 8.9912, 8.9809, 8.9810, 8.9752, 8.9837, 8.9790, 8.9787, 8.9811, 8.9872, 8.9830, 9.0059, 9.0011, 8.9888, 8.9767, 8.9721, 8.9777, 8.9778, 8.9807, 8.9841, 8.9797, 9.0261, 8.9769, 8.9843, 8.9757, 8.9719, 8.9798, 8.9790, 8.9859, 9.0004, 8.9959, 8.9848, 8.9890, 8.9984, 8.9974, 8.9726, 8.9874, 8.9762, 8.9800
     mean rt (s): 8.9832
   stddev rt (s): 0.0137
       95% ci rt: 0.0039 -> [8.9793, 8.9870]
     coeff ci rt: 0.0004302581781656715
━━━━━━━━━━━━━━━━━━━━━━━━━━━━━━━━━━━━━━━━━━━━━━━━━━━━━━━━━━━━━━━━━━━━━━━━━━━━━━━━━━━━━━━━━━━━━━━━━━━━
━━━━━━━━━━━━━━━━━━━━━━━━━━━━━━━━━━━━━━━━━━━━━━━━━━━━━━━━━━━━━━━━━━━━━━━━━━━━━━━━━━━━━━━━━━━━━━━━━━━━
      test count: 53
          rt (s): 8.9784, 8.9810, 8.9903, 8.9757, 8.9538, 8.9420, 8.9582, 8.9766, 8.9948, 8.9872, 9.0245, 8.9752, 8.9796, 8.9806, 8.9912, 8.9809, 8.9810, 8.9752, 8.9837, 8.9790, 8.9787, 8.9811, 8.9872, 8.9830, 9.0059, 9.0011, 8.9888, 8.9767, 8.9721, 8.9777, 8.9778, 8.9807, 8.9841, 8.9797, 9.0261, 8.9769, 8.9843, 8.9757, 8.9719, 8.9798, 8.9790, 8.9859, 9.0004, 8.9959, 8.9848, 8.9890, 8.9984, 8.9974, 8.9726, 8.9874, 8.9762, 8.9800, 8.9801
     mean rt (s): 8.9831
   stddev rt (s): 0.0136
       95% ci rt: 0.0038 -> [8.9793, 8.9869]
     coeff ci rt: 0.00042206705664197636
━━━━━━━━━━━━━━━━━━━━━━━━━━━━━━━━━━━━━━━━━━━━━━━━━━━━━━━━━━━━━━━━━━━━━━━━━━━━━━━━━━━━━━━━━━━━━━━━━━━━
━━━━━━━━━━━━━━━━━━━━━━━━━━━━━━━━━━━━━━━━━━━━━━━━━━━━━━━━━━━━━━━━━━━━━━━━━━━━━━━━━━━━━━━━━━━━━━━━━━━━
      test count: 54
          rt (s): 8.9784, 8.9810, 8.9903, 8.9757, 8.9538, 8.9420, 8.9582, 8.9766, 8.9948, 8.9872, 9.0245, 8.9752, 8.9796, 8.9806, 8.9912, 8.9809, 8.9810, 8.9752, 8.9837, 8.9790, 8.9787, 8.9811, 8.9872, 8.9830, 9.0059, 9.0011, 8.9888, 8.9767, 8.9721, 8.9777, 8.9778, 8.9807, 8.9841, 8.9797, 9.0261, 8.9769, 8.9843, 8.9757, 8.9719, 8.9798, 8.9790, 8.9859, 9.0004, 8.9959, 8.9848, 8.9890, 8.9984, 8.9974, 8.9726, 8.9874, 8.9762, 8.9800, 8.9801, 8.9831
     mean rt (s): 8.9831
   stddev rt (s): 0.0135
       95% ci rt: 0.0037 -> [8.9794, 8.9868]
     coeff ci rt: 0.00041399135100827
━━━━━━━━━━━━━━━━━━━━━━━━━━━━━━━━━━━━━━━━━━━━━━━━━━━━━━━━━━━━━━━━━━━━━━━━━━━━━━━━━━━━━━━━━━━━━━━━━━━━
━━━━━━━━━━━━━━━━━━━━━━━━━━━━━━━━━━━━━━━━━━━━━━━━━━━━━━━━━━━━━━━━━━━━━━━━━━━━━━━━━━━━━━━━━━━━━━━━━━━━
      test count: 55
          rt (s): 8.9784, 8.9810, 8.9903, 8.9757, 8.9538, 8.9420, 8.9582, 8.9766, 8.9948, 8.9872, 9.0245, 8.9752, 8.9796, 8.9806, 8.9912, 8.9809, 8.9810, 8.9752, 8.9837, 8.9790, 8.9787, 8.9811, 8.9872, 8.9830, 9.0059, 9.0011, 8.9888, 8.9767, 8.9721, 8.9777, 8.9778, 8.9807, 8.9841, 8.9797, 9.0261, 8.9769, 8.9843, 8.9757, 8.9719, 8.9798, 8.9790, 8.9859, 9.0004, 8.9959, 8.9848, 8.9890, 8.9984, 8.9974, 8.9726, 8.9874, 8.9762, 8.9800, 8.9801, 8.9831, 8.9829
     mean rt (s): 8.9831
   stddev rt (s): 0.0134
       95% ci rt: 0.0036 -> [8.9795, 8.9868]
     coeff ci rt: 0.00040622007350366913
━━━━━━━━━━━━━━━━━━━━━━━━━━━━━━━━━━━━━━━━━━━━━━━━━━━━━━━━━━━━━━━━━━━━━━━━━━━━━━━━━━━━━━━━━━━━━━━━━━━━
━━━━━━━━━━━━━━━━━━━━━━━━━━━━━━━━━━━━━━━━━━━━━━━━━━━━━━━━━━━━━━━━━━━━━━━━━━━━━━━━━━━━━━━━━━━━━━━━━━━━
      test count: 56
          rt (s): 8.9784, 8.9810, 8.9903, 8.9757, 8.9538, 8.9420, 8.9582, 8.9766, 8.9948, 8.9872, 9.0245, 8.9752, 8.9796, 8.9806, 8.9912, 8.9809, 8.9810, 8.9752, 8.9837, 8.9790, 8.9787, 8.9811, 8.9872, 8.9830, 9.0059, 9.0011, 8.9888, 8.9767, 8.9721, 8.9777, 8.9778, 8.9807, 8.9841, 8.9797, 9.0261, 8.9769, 8.9843, 8.9757, 8.9719, 8.9798, 8.9790, 8.9859, 9.0004, 8.9959, 8.9848, 8.9890, 8.9984, 8.9974, 8.9726, 8.9874, 8.9762, 8.9800, 8.9801, 8.9831, 8.9829, 8.9809
     mean rt (s): 8.9831
   stddev rt (s): 0.0133
       95% ci rt: 0.0036 -> [8.9795, 8.9867]
     coeff ci rt: 0.0003988334980887892
━━━━━━━━━━━━━━━━━━━━━━━━━━━━━━━━━━━━━━━━━━━━━━━━━━━━━━━━━━━━━━━━━━━━━━━━━━━━━━━━━━━━━━━━━━━━━━━━━━━━
━━━━━━━━━━━━━━━━━━━━━━━━━━━━━━━━━━━━━━━━━━━━━━━━━━━━━━━━━━━━━━━━━━━━━━━━━━━━━━━━━━━━━━━━━━━━━━━━━━━━
      test count: 57
          rt (s): 8.9784, 8.9810, 8.9903, 8.9757, 8.9538, 8.9420, 8.9582, 8.9766, 8.9948, 8.9872, 9.0245, 8.9752, 8.9796, 8.9806, 8.9912, 8.9809, 8.9810, 8.9752, 8.9837, 8.9790, 8.9787, 8.9811, 8.9872, 8.9830, 9.0059, 9.0011, 8.9888, 8.9767, 8.9721, 8.9777, 8.9778, 8.9807, 8.9841, 8.9797, 9.0261, 8.9769, 8.9843, 8.9757, 8.9719, 8.9798, 8.9790, 8.9859, 9.0004, 8.9959, 8.9848, 8.9890, 8.9984, 8.9974, 8.9726, 8.9874, 8.9762, 8.9800, 8.9801, 8.9831, 8.9829, 8.9809, 8.9867
     mean rt (s): 8.9831
   stddev rt (s): 0.0132
       95% ci rt: 0.0035 -> [8.9796, 8.9867]
     coeff ci rt: 0.0003918706917874905
━━━━━━━━━━━━━━━━━━━━━━━━━━━━━━━━━━━━━━━━━━━━━━━━━━━━━━━━━━━━━━━━━━━━━━━━━━━━━━━━━━━━━━━━━━━━━━━━━━━━
━━━━━━━━━━━━━━━━━━━━━━━━━━━━━━━━━━━━━━━━━━━━━━━━━━━━━━━━━━━━━━━━━━━━━━━━━━━━━━━━━━━━━━━━━━━━━━━━━━━━
      test count: 58
          rt (s): 8.9784, 8.9810, 8.9903, 8.9757, 8.9538, 8.9420, 8.9582, 8.9766, 8.9948, 8.9872, 9.0245, 8.9752, 8.9796, 8.9806, 8.9912, 8.9809, 8.9810, 8.9752, 8.9837, 8.9790, 8.9787, 8.9811, 8.9872, 8.9830, 9.0059, 9.0011, 8.9888, 8.9767, 8.9721, 8.9777, 8.9778, 8.9807, 8.9841, 8.9797, 9.0261, 8.9769, 8.9843, 8.9757, 8.9719, 8.9798, 8.9790, 8.9859, 9.0004, 8.9959, 8.9848, 8.9890, 8.9984, 8.9974, 8.9726, 8.9874, 8.9762, 8.9800, 8.9801, 8.9831, 8.9829, 8.9809, 8.9867, 8.9793
     mean rt (s): 8.9831
   stddev rt (s): 0.0130
       95% ci rt: 0.0035 -> [8.9796, 8.9865]
     coeff ci rt: 0.00038519148022236996
━━━━━━━━━━━━━━━━━━━━━━━━━━━━━━━━━━━━━━━━━━━━━━━━━━━━━━━━━━━━━━━━━━━━━━━━━━━━━━━━━━━━━━━━━━━━━━━━━━━━
━━━━━━━━━━━━━━━━━━━━━━━━━━━━━━━━━━━━━━━━━━━━━━━━━━━━━━━━━━━━━━━━━━━━━━━━━━━━━━━━━━━━━━━━━━━━━━━━━━━━
      test count: 59
          rt (s): 8.9784, 8.9810, 8.9903, 8.9757, 8.9538, 8.9420, 8.9582, 8.9766, 8.9948, 8.9872, 9.0245, 8.9752, 8.9796, 8.9806, 8.9912, 8.9809, 8.9810, 8.9752, 8.9837, 8.9790, 8.9787, 8.9811, 8.9872, 8.9830, 9.0059, 9.0011, 8.9888, 8.9767, 8.9721, 8.9777, 8.9778, 8.9807, 8.9841, 8.9797, 9.0261, 8.9769, 8.9843, 8.9757, 8.9719, 8.9798, 8.9790, 8.9859, 9.0004, 8.9959, 8.9848, 8.9890, 8.9984, 8.9974, 8.9726, 8.9874, 8.9762, 8.9800, 8.9801, 8.9831, 8.9829, 8.9809, 8.9867, 8.9793, 9.0029
     mean rt (s): 8.9834
   stddev rt (s): 0.0132
       95% ci rt: 0.0035 -> [8.9799, 8.9869]
     coeff ci rt: 0.00038578813626323363
━━━━━━━━━━━━━━━━━━━━━━━━━━━━━━━━━━━━━━━━━━━━━━━━━━━━━━━━━━━━━━━━━━━━━━━━━━━━━━━━━━━━━━━━━━━━━━━━━━━━
━━━━━━━━━━━━━━━━━━━━━━━━━━━━━━━━━━━━━━━━━━━━━━━━━━━━━━━━━━━━━━━━━━━━━━━━━━━━━━━━━━━━━━━━━━━━━━━━━━━━
      test count: 60
          rt (s): 8.9784, 8.9810, 8.9903, 8.9757, 8.9538, 8.9420, 8.9582, 8.9766, 8.9948, 8.9872, 9.0245, 8.9752, 8.9796, 8.9806, 8.9912, 8.9809, 8.9810, 8.9752, 8.9837, 8.9790, 8.9787, 8.9811, 8.9872, 8.9830, 9.0059, 9.0011, 8.9888, 8.9767, 8.9721, 8.9777, 8.9778, 8.9807, 8.9841, 8.9797, 9.0261, 8.9769, 8.9843, 8.9757, 8.9719, 8.9798, 8.9790, 8.9859, 9.0004, 8.9959, 8.9848, 8.9890, 8.9984, 8.9974, 8.9726, 8.9874, 8.9762, 8.9800, 8.9801, 8.9831, 8.9829, 8.9809, 8.9867, 8.9793, 9.0029, 8.9789
     mean rt (s): 8.9833
   stddev rt (s): 0.0131
       95% ci rt: 0.0034 -> [8.9799, 8.9867]
     coeff ci rt: 0.0003795394116153737
━━━━━━━━━━━━━━━━━━━━━━━━━━━━━━━━━━━━━━━━━━━━━━━━━━━━━━━━━━━━━━━━━━━━━━━━━━━━━━━━━━━━━━━━━━━━━━━━━━━━
━━━━━━━━━━━━━━━━━━━━━━━━━━━━━━━━━━━━━━━━━━━━━━━━━━━━━━━━━━━━━━━━━━━━━━━━━━━━━━━━━━━━━━━━━━━━━━━━━━━━
      test count: 61
          rt (s): 8.9784, 8.9810, 8.9903, 8.9757, 8.9538, 8.9420, 8.9582, 8.9766, 8.9948, 8.9872, 9.0245, 8.9752, 8.9796, 8.9806, 8.9912, 8.9809, 8.9810, 8.9752, 8.9837, 8.9790, 8.9787, 8.9811, 8.9872, 8.9830, 9.0059, 9.0011, 8.9888, 8.9767, 8.9721, 8.9777, 8.9778, 8.9807, 8.9841, 8.9797, 9.0261, 8.9769, 8.9843, 8.9757, 8.9719, 8.9798, 8.9790, 8.9859, 9.0004, 8.9959, 8.9848, 8.9890, 8.9984, 8.9974, 8.9726, 8.9874, 8.9762, 8.9800, 8.9801, 8.9831, 8.9829, 8.9809, 8.9867, 8.9793, 9.0029, 8.9789, 8.9753
     mean rt (s): 8.9832
   stddev rt (s): 0.0130
       95% ci rt: 0.0034 -> [8.9798, 8.9866]
     coeff ci rt: 0.000374291449930913
━━━━━━━━━━━━━━━━━━━━━━━━━━━━━━━━━━━━━━━━━━━━━━━━━━━━━━━━━━━━━━━━━━━━━━━━━━━━━━━━━━━━━━━━━━━━━━━━━━━━
━━━━━━━━━━━━━━━━━━━━━━━━━━━━━━━━━━━━━━━━━━━━━━━━━━━━━━━━━━━━━━━━━━━━━━━━━━━━━━━━━━━━━━━━━━━━━━━━━━━━
      test count: 62
          rt (s): 8.9784, 8.9810, 8.9903, 8.9757, 8.9538, 8.9420, 8.9582, 8.9766, 8.9948, 8.9872, 9.0245, 8.9752, 8.9796, 8.9806, 8.9912, 8.9809, 8.9810, 8.9752, 8.9837, 8.9790, 8.9787, 8.9811, 8.9872, 8.9830, 9.0059, 9.0011, 8.9888, 8.9767, 8.9721, 8.9777, 8.9778, 8.9807, 8.9841, 8.9797, 9.0261, 8.9769, 8.9843, 8.9757, 8.9719, 8.9798, 8.9790, 8.9859, 9.0004, 8.9959, 8.9848, 8.9890, 8.9984, 8.9974, 8.9726, 8.9874, 8.9762, 8.9800, 8.9801, 8.9831, 8.9829, 8.9809, 8.9867, 8.9793, 9.0029, 8.9789, 8.9753, 8.9792
     mean rt (s): 8.9831
   stddev rt (s): 0.0129
       95% ci rt: 0.0033 -> [8.9798, 8.9864]
     coeff ci rt: 0.00036836381827887226
━━━━━━━━━━━━━━━━━━━━━━━━━━━━━━━━━━━━━━━━━━━━━━━━━━━━━━━━━━━━━━━━━━━━━━━━━━━━━━━━━━━━━━━━━━━━━━━━━━━━
━━━━━━━━━━━━━━━━━━━━━━━━━━━━━━━━━━━━━━━━━━━━━━━━━━━━━━━━━━━━━━━━━━━━━━━━━━━━━━━━━━━━━━━━━━━━━━━━━━━━
      test count: 63
          rt (s): 8.9784, 8.9810, 8.9903, 8.9757, 8.9538, 8.9420, 8.9582, 8.9766, 8.9948, 8.9872, 9.0245, 8.9752, 8.9796, 8.9806, 8.9912, 8.9809, 8.9810, 8.9752, 8.9837, 8.9790, 8.9787, 8.9811, 8.9872, 8.9830, 9.0059, 9.0011, 8.9888, 8.9767, 8.9721, 8.9777, 8.9778, 8.9807, 8.9841, 8.9797, 9.0261, 8.9769, 8.9843, 8.9757, 8.9719, 8.9798, 8.9790, 8.9859, 9.0004, 8.9959, 8.9848, 8.9890, 8.9984, 8.9974, 8.9726, 8.9874, 8.9762, 8.9800, 8.9801, 8.9831, 8.9829, 8.9809, 8.9867, 8.9793, 9.0029, 8.9789, 8.9753, 8.9792, 8.9946
     mean rt (s): 8.9833
   stddev rt (s): 0.0129
       95% ci rt: 0.0033 -> [8.9800, 8.9866]
     coeff ci rt: 0.0003645990817754284
━━━━━━━━━━━━━━━━━━━━━━━━━━━━━━━━━━━━━━━━━━━━━━━━━━━━━━━━━━━━━━━━━━━━━━━━━━━━━━━━━━━━━━━━━━━━━━━━━━━━
━━━━━━━━━━━━━━━━━━━━━━━━━━━━━━━━━━━━━━━━━━━━━━━━━━━━━━━━━━━━━━━━━━━━━━━━━━━━━━━━━━━━━━━━━━━━━━━━━━━━
      test count: 64
          rt (s): 8.9784, 8.9810, 8.9903, 8.9757, 8.9538, 8.9420, 8.9582, 8.9766, 8.9948, 8.9872, 9.0245, 8.9752, 8.9796, 8.9806, 8.9912, 8.9809, 8.9810, 8.9752, 8.9837, 8.9790, 8.9787, 8.9811, 8.9872, 8.9830, 9.0059, 9.0011, 8.9888, 8.9767, 8.9721, 8.9777, 8.9778, 8.9807, 8.9841, 8.9797, 9.0261, 8.9769, 8.9843, 8.9757, 8.9719, 8.9798, 8.9790, 8.9859, 9.0004, 8.9959, 8.9848, 8.9890, 8.9984, 8.9974, 8.9726, 8.9874, 8.9762, 8.9800, 8.9801, 8.9831, 8.9829, 8.9809, 8.9867, 8.9793, 9.0029, 8.9789, 8.9753, 8.9792, 8.9946, 9.0023
     mean rt (s): 8.9836
   stddev rt (s): 0.0130
       95% ci rt: 0.0033 -> [8.9803, 8.9869]
     coeff ci rt: 0.00036474759344891426
━━━━━━━━━━━━━━━━━━━━━━━━━━━━━━━━━━━━━━━━━━━━━━━━━━━━━━━━━━━━━━━━━━━━━━━━━━━━━━━━━━━━━━━━━━━━━━━━━━━━
━━━━━━━━━━━━━━━━━━━━━━━━━━━━━━━━━━━━━━━━━━━━━━━━━━━━━━━━━━━━━━━━━━━━━━━━━━━━━━━━━━━━━━━━━━━━━━━━━━━━
      test count: 65
          rt (s): 8.9784, 8.9810, 8.9903, 8.9757, 8.9538, 8.9420, 8.9582, 8.9766, 8.9948, 8.9872, 9.0245, 8.9752, 8.9796, 8.9806, 8.9912, 8.9809, 8.9810, 8.9752, 8.9837, 8.9790, 8.9787, 8.9811, 8.9872, 8.9830, 9.0059, 9.0011, 8.9888, 8.9767, 8.9721, 8.9777, 8.9778, 8.9807, 8.9841, 8.9797, 9.0261, 8.9769, 8.9843, 8.9757, 8.9719, 8.9798, 8.9790, 8.9859, 9.0004, 8.9959, 8.9848, 8.9890, 8.9984, 8.9974, 8.9726, 8.9874, 8.9762, 8.9800, 8.9801, 8.9831, 8.9829, 8.9809, 8.9867, 8.9793, 9.0029, 8.9789, 8.9753, 8.9792, 8.9946, 9.0023, 8.9694
     mean rt (s): 8.9834
   stddev rt (s): 0.0130
       95% ci rt: 0.0033 -> [8.9801, 8.9867]
     coeff ci rt: 0.0003622706913057965
━━━━━━━━━━━━━━━━━━━━━━━━━━━━━━━━━━━━━━━━━━━━━━━━━━━━━━━━━━━━━━━━━━━━━━━━━━━━━━━━━━━━━━━━━━━━━━━━━━━━
━━━━━━━━━━━━━━━━━━━━━━━━━━━━━━━━━━━━━━━━━━━━━━━━━━━━━━━━━━━━━━━━━━━━━━━━━━━━━━━━━━━━━━━━━━━━━━━━━━━━
      test count: 66
          rt (s): 8.9784, 8.9810, 8.9903, 8.9757, 8.9538, 8.9420, 8.9582, 8.9766, 8.9948, 8.9872, 9.0245, 8.9752, 8.9796, 8.9806, 8.9912, 8.9809, 8.9810, 8.9752, 8.9837, 8.9790, 8.9787, 8.9811, 8.9872, 8.9830, 9.0059, 9.0011, 8.9888, 8.9767, 8.9721, 8.9777, 8.9778, 8.9807, 8.9841, 8.9797, 9.0261, 8.9769, 8.9843, 8.9757, 8.9719, 8.9798, 8.9790, 8.9859, 9.0004, 8.9959, 8.9848, 8.9890, 8.9984, 8.9974, 8.9726, 8.9874, 8.9762, 8.9800, 8.9801, 8.9831, 8.9829, 8.9809, 8.9867, 8.9793, 9.0029, 8.9789, 8.9753, 8.9792, 8.9946, 9.0023, 8.9694, 8.9709
     mean rt (s): 8.9832
   stddev rt (s): 0.0130
       95% ci rt: 0.0032 -> [8.9800, 8.9864]
     coeff ci rt: 0.00035911710401127463
━━━━━━━━━━━━━━━━━━━━━━━━━━━━━━━━━━━━━━━━━━━━━━━━━━━━━━━━━━━━━━━━━━━━━━━━━━━━━━━━━━━━━━━━━━━━━━━━━━━━
━━━━━━━━━━━━━━━━━━━━━━━━━━━━━━━━━━━━━━━━━━━━━━━━━━━━━━━━━━━━━━━━━━━━━━━━━━━━━━━━━━━━━━━━━━━━━━━━━━━━
      test count: 67
          rt (s): 8.9784, 8.9810, 8.9903, 8.9757, 8.9538, 8.9420, 8.9582, 8.9766, 8.9948, 8.9872, 9.0245, 8.9752, 8.9796, 8.9806, 8.9912, 8.9809, 8.9810, 8.9752, 8.9837, 8.9790, 8.9787, 8.9811, 8.9872, 8.9830, 9.0059, 9.0011, 8.9888, 8.9767, 8.9721, 8.9777, 8.9778, 8.9807, 8.9841, 8.9797, 9.0261, 8.9769, 8.9843, 8.9757, 8.9719, 8.9798, 8.9790, 8.9859, 9.0004, 8.9959, 8.9848, 8.9890, 8.9984, 8.9974, 8.9726, 8.9874, 8.9762, 8.9800, 8.9801, 8.9831, 8.9829, 8.9809, 8.9867, 8.9793, 9.0029, 8.9789, 8.9753, 8.9792, 8.9946, 9.0023, 8.9694, 8.9709, 8.9816
     mean rt (s): 8.9832
   stddev rt (s): 0.0129
       95% ci rt: 0.0032 -> [8.9800, 8.9864]
     coeff ci rt: 0.0003536561199972888
━━━━━━━━━━━━━━━━━━━━━━━━━━━━━━━━━━━━━━━━━━━━━━━━━━━━━━━━━━━━━━━━━━━━━━━━━━━━━━━━━━━━━━━━━━━━━━━━━━━━
━━━━━━━━━━━━━━━━━━━━━━━━━━━━━━━━━━━━━━━━━━━━━━━━━━━━━━━━━━━━━━━━━━━━━━━━━━━━━━━━━━━━━━━━━━━━━━━━━━━━
      test count: 68
          rt (s): 8.9784, 8.9810, 8.9903, 8.9757, 8.9538, 8.9420, 8.9582, 8.9766, 8.9948, 8.9872, 9.0245, 8.9752, 8.9796, 8.9806, 8.9912, 8.9809, 8.9810, 8.9752, 8.9837, 8.9790, 8.9787, 8.9811, 8.9872, 8.9830, 9.0059, 9.0011, 8.9888, 8.9767, 8.9721, 8.9777, 8.9778, 8.9807, 8.9841, 8.9797, 9.0261, 8.9769, 8.9843, 8.9757, 8.9719, 8.9798, 8.9790, 8.9859, 9.0004, 8.9959, 8.9848, 8.9890, 8.9984, 8.9974, 8.9726, 8.9874, 8.9762, 8.9800, 8.9801, 8.9831, 8.9829, 8.9809, 8.9867, 8.9793, 9.0029, 8.9789, 8.9753, 8.9792, 8.9946, 9.0023, 8.9694, 8.9709, 8.9816, 8.9929
     mean rt (s): 8.9833
   stddev rt (s): 0.0129
       95% ci rt: 0.0031 -> [8.9802, 8.9865]
     coeff ci rt: 0.0003497578279465599
━━━━━━━━━━━━━━━━━━━━━━━━━━━━━━━━━━━━━━━━━━━━━━━━━━━━━━━━━━━━━━━━━━━━━━━━━━━━━━━━━━━━━━━━━━━━━━━━━━━━
━━━━━━━━━━━━━━━━━━━━━━━━━━━━━━━━━━━━━━━━━━━━━━━━━━━━━━━━━━━━━━━━━━━━━━━━━━━━━━━━━━━━━━━━━━━━━━━━━━━━
      test count: 69
          rt (s): 8.9784, 8.9810, 8.9903, 8.9757, 8.9538, 8.9420, 8.9582, 8.9766, 8.9948, 8.9872, 9.0245, 8.9752, 8.9796, 8.9806, 8.9912, 8.9809, 8.9810, 8.9752, 8.9837, 8.9790, 8.9787, 8.9811, 8.9872, 8.9830, 9.0059, 9.0011, 8.9888, 8.9767, 8.9721, 8.9777, 8.9778, 8.9807, 8.9841, 8.9797, 9.0261, 8.9769, 8.9843, 8.9757, 8.9719, 8.9798, 8.9790, 8.9859, 9.0004, 8.9959, 8.9848, 8.9890, 8.9984, 8.9974, 8.9726, 8.9874, 8.9762, 8.9800, 8.9801, 8.9831, 8.9829, 8.9809, 8.9867, 8.9793, 9.0029, 8.9789, 8.9753, 8.9792, 8.9946, 9.0023, 8.9694, 8.9709, 8.9816, 8.9929, 8.9931
     mean rt (s): 8.9835
   stddev rt (s): 0.0128
       95% ci rt: 0.0031 -> [8.9804, 8.9866]
     coeff ci rt: 0.00034598659192768927
━━━━━━━━━━━━━━━━━━━━━━━━━━━━━━━━━━━━━━━━━━━━━━━━━━━━━━━━━━━━━━━━━━━━━━━━━━━━━━━━━━━━━━━━━━━━━━━━━━━━
━━━━━━━━━━━━━━━━━━━━━━━━━━━━━━━━━━━━━━━━━━━━━━━━━━━━━━━━━━━━━━━━━━━━━━━━━━━━━━━━━━━━━━━━━━━━━━━━━━━━
      test count: 70
          rt (s): 8.9784, 8.9810, 8.9903, 8.9757, 8.9538, 8.9420, 8.9582, 8.9766, 8.9948, 8.9872, 9.0245, 8.9752, 8.9796, 8.9806, 8.9912, 8.9809, 8.9810, 8.9752, 8.9837, 8.9790, 8.9787, 8.9811, 8.9872, 8.9830, 9.0059, 9.0011, 8.9888, 8.9767, 8.9721, 8.9777, 8.9778, 8.9807, 8.9841, 8.9797, 9.0261, 8.9769, 8.9843, 8.9757, 8.9719, 8.9798, 8.9790, 8.9859, 9.0004, 8.9959, 8.9848, 8.9890, 8.9984, 8.9974, 8.9726, 8.9874, 8.9762, 8.9800, 8.9801, 8.9831, 8.9829, 8.9809, 8.9867, 8.9793, 9.0029, 8.9789, 8.9753, 8.9792, 8.9946, 9.0023, 8.9694, 8.9709, 8.9816, 8.9929, 8.9931, 8.9804
     mean rt (s): 8.9834
   stddev rt (s): 0.0128
       95% ci rt: 0.0031 -> [8.9804, 8.9865]
     coeff ci rt: 0.0003410592236940803
━━━━━━━━━━━━━━━━━━━━━━━━━━━━━━━━━━━━━━━━━━━━━━━━━━━━━━━━━━━━━━━━━━━━━━━━━━━━━━━━━━━━━━━━━━━━━━━━━━━━
━━━━━━━━━━━━━━━━━━━━━━━━━━━━━━━━━━━━━━━━━━━━━━━━━━━━━━━━━━━━━━━━━━━━━━━━━━━━━━━━━━━━━━━━━━━━━━━━━━━━
      test count: 71
          rt (s): 8.9784, 8.9810, 8.9903, 8.9757, 8.9538, 8.9420, 8.9582, 8.9766, 8.9948, 8.9872, 9.0245, 8.9752, 8.9796, 8.9806, 8.9912, 8.9809, 8.9810, 8.9752, 8.9837, 8.9790, 8.9787, 8.9811, 8.9872, 8.9830, 9.0059, 9.0011, 8.9888, 8.9767, 8.9721, 8.9777, 8.9778, 8.9807, 8.9841, 8.9797, 9.0261, 8.9769, 8.9843, 8.9757, 8.9719, 8.9798, 8.9790, 8.9859, 9.0004, 8.9959, 8.9848, 8.9890, 8.9984, 8.9974, 8.9726, 8.9874, 8.9762, 8.9800, 8.9801, 8.9831, 8.9829, 8.9809, 8.9867, 8.9793, 9.0029, 8.9789, 8.9753, 8.9792, 8.9946, 9.0023, 8.9694, 8.9709, 8.9816, 8.9929, 8.9931, 8.9804, 8.9956
     mean rt (s): 8.9836
   stddev rt (s): 0.0127
       95% ci rt: 0.0030 -> [8.9806, 8.9866]
     coeff ci rt: 0.0003382784401588922
━━━━━━━━━━━━━━━━━━━━━━━━━━━━━━━━━━━━━━━━━━━━━━━━━━━━━━━━━━━━━━━━━━━━━━━━━━━━━━━━━━━━━━━━━━━━━━━━━━━━
━━━━━━━━━━━━━━━━━━━━━━━━━━━━━━━━━━━━━━━━━━━━━━━━━━━━━━━━━━━━━━━━━━━━━━━━━━━━━━━━━━━━━━━━━━━━━━━━━━━━
      test count: 72
          rt (s): 8.9784, 8.9810, 8.9903, 8.9757, 8.9538, 8.9420, 8.9582, 8.9766, 8.9948, 8.9872, 9.0245, 8.9752, 8.9796, 8.9806, 8.9912, 8.9809, 8.9810, 8.9752, 8.9837, 8.9790, 8.9787, 8.9811, 8.9872, 8.9830, 9.0059, 9.0011, 8.9888, 8.9767, 8.9721, 8.9777, 8.9778, 8.9807, 8.9841, 8.9797, 9.0261, 8.9769, 8.9843, 8.9757, 8.9719, 8.9798, 8.9790, 8.9859, 9.0004, 8.9959, 8.9848, 8.9890, 8.9984, 8.9974, 8.9726, 8.9874, 8.9762, 8.9800, 8.9801, 8.9831, 8.9829, 8.9809, 8.9867, 8.9793, 9.0029, 8.9789, 8.9753, 8.9792, 8.9946, 9.0023, 8.9694, 8.9709, 8.9816, 8.9929, 8.9931, 8.9804, 8.9956, 8.9836
     mean rt (s): 8.9836
   stddev rt (s): 0.0127
       95% ci rt: 0.0030 -> [8.9806, 8.9866]
     coeff ci rt: 0.0003334644651383052
━━━━━━━━━━━━━━━━━━━━━━━━━━━━━━━━━━━━━━━━━━━━━━━━━━━━━━━━━━━━━━━━━━━━━━━━━━━━━━━━━━━━━━━━━━━━━━━━━━━━
━━━━━━━━━━━━━━━━━━━━━━━━━━━━━━━━━━━━━━━━━━━━━━━━━━━━━━━━━━━━━━━━━━━━━━━━━━━━━━━━━━━━━━━━━━━━━━━━━━━━
      test count: 73
          rt (s): 8.9784, 8.9810, 8.9903, 8.9757, 8.9538, 8.9420, 8.9582, 8.9766, 8.9948, 8.9872, 9.0245, 8.9752, 8.9796, 8.9806, 8.9912, 8.9809, 8.9810, 8.9752, 8.9837, 8.9790, 8.9787, 8.9811, 8.9872, 8.9830, 9.0059, 9.0011, 8.9888, 8.9767, 8.9721, 8.9777, 8.9778, 8.9807, 8.9841, 8.9797, 9.0261, 8.9769, 8.9843, 8.9757, 8.9719, 8.9798, 8.9790, 8.9859, 9.0004, 8.9959, 8.9848, 8.9890, 8.9984, 8.9974, 8.9726, 8.9874, 8.9762, 8.9800, 8.9801, 8.9831, 8.9829, 8.9809, 8.9867, 8.9793, 9.0029, 8.9789, 8.9753, 8.9792, 8.9946, 9.0023, 8.9694, 8.9709, 8.9816, 8.9929, 8.9931, 8.9804, 8.9956, 8.9836, 8.9713
     mean rt (s): 8.9834
   stddev rt (s): 0.0127
       95% ci rt: 0.0030 -> [8.9805, 8.9864]
     coeff ci rt: 0.0003309094211832469
━━━━━━━━━━━━━━━━━━━━━━━━━━━━━━━━━━━━━━━━━━━━━━━━━━━━━━━━━━━━━━━━━━━━━━━━━━━━━━━━━━━━━━━━━━━━━━━━━━━━
━━━━━━━━━━━━━━━━━━━━━━━━━━━━━━━━━━━━━━━━━━━━━━━━━━━━━━━━━━━━━━━━━━━━━━━━━━━━━━━━━━━━━━━━━━━━━━━━━━━━
      test count: 74
          rt (s): 8.9784, 8.9810, 8.9903, 8.9757, 8.9538, 8.9420, 8.9582, 8.9766, 8.9948, 8.9872, 9.0245, 8.9752, 8.9796, 8.9806, 8.9912, 8.9809, 8.9810, 8.9752, 8.9837, 8.9790, 8.9787, 8.9811, 8.9872, 8.9830, 9.0059, 9.0011, 8.9888, 8.9767, 8.9721, 8.9777, 8.9778, 8.9807, 8.9841, 8.9797, 9.0261, 8.9769, 8.9843, 8.9757, 8.9719, 8.9798, 8.9790, 8.9859, 9.0004, 8.9959, 8.9848, 8.9890, 8.9984, 8.9974, 8.9726, 8.9874, 8.9762, 8.9800, 8.9801, 8.9831, 8.9829, 8.9809, 8.9867, 8.9793, 9.0029, 8.9789, 8.9753, 8.9792, 8.9946, 9.0023, 8.9694, 8.9709, 8.9816, 8.9929, 8.9931, 8.9804, 8.9956, 8.9836, 8.9713, 8.9769
     mean rt (s): 8.9833
   stddev rt (s): 0.0126
       95% ci rt: 0.0029 -> [8.9804, 8.9863]
     coeff ci rt: 0.0003269201080721722
━━━━━━━━━━━━━━━━━━━━━━━━━━━━━━━━━━━━━━━━━━━━━━━━━━━━━━━━━━━━━━━━━━━━━━━━━━━━━━━━━━━━━━━━━━━━━━━━━━━━
━━━━━━━━━━━━━━━━━━━━━━━━━━━━━━━━━━━━━━━━━━━━━━━━━━━━━━━━━━━━━━━━━━━━━━━━━━━━━━━━━━━━━━━━━━━━━━━━━━━━
      test count: 75
          rt (s): 8.9784, 8.9810, 8.9903, 8.9757, 8.9538, 8.9420, 8.9582, 8.9766, 8.9948, 8.9872, 9.0245, 8.9752, 8.9796, 8.9806, 8.9912, 8.9809, 8.9810, 8.9752, 8.9837, 8.9790, 8.9787, 8.9811, 8.9872, 8.9830, 9.0059, 9.0011, 8.9888, 8.9767, 8.9721, 8.9777, 8.9778, 8.9807, 8.9841, 8.9797, 9.0261, 8.9769, 8.9843, 8.9757, 8.9719, 8.9798, 8.9790, 8.9859, 9.0004, 8.9959, 8.9848, 8.9890, 8.9984, 8.9974, 8.9726, 8.9874, 8.9762, 8.9800, 8.9801, 8.9831, 8.9829, 8.9809, 8.9867, 8.9793, 9.0029, 8.9789, 8.9753, 8.9792, 8.9946, 9.0023, 8.9694, 8.9709, 8.9816, 8.9929, 8.9931, 8.9804, 8.9956, 8.9836, 8.9713, 8.9769, 8.9713
     mean rt (s): 8.9832
   stddev rt (s): 0.0126
       95% ci rt: 0.0029 -> [8.9803, 8.9861]
     coeff ci rt: 0.0003244238096996527
━━━━━━━━━━━━━━━━━━━━━━━━━━━━━━━━━━━━━━━━━━━━━━━━━━━━━━━━━━━━━━━━━━━━━━━━━━━━━━━━━━━━━━━━━━━━━━━━━━━━
━━━━━━━━━━━━━━━━━━━━━━━━━━━━━━━━━━━━━━━━━━━━━━━━━━━━━━━━━━━━━━━━━━━━━━━━━━━━━━━━━━━━━━━━━━━━━━━━━━━━
      test count: 76
          rt (s): 8.9784, 8.9810, 8.9903, 8.9757, 8.9538, 8.9420, 8.9582, 8.9766, 8.9948, 8.9872, 9.0245, 8.9752, 8.9796, 8.9806, 8.9912, 8.9809, 8.9810, 8.9752, 8.9837, 8.9790, 8.9787, 8.9811, 8.9872, 8.9830, 9.0059, 9.0011, 8.9888, 8.9767, 8.9721, 8.9777, 8.9778, 8.9807, 8.9841, 8.9797, 9.0261, 8.9769, 8.9843, 8.9757, 8.9719, 8.9798, 8.9790, 8.9859, 9.0004, 8.9959, 8.9848, 8.9890, 8.9984, 8.9974, 8.9726, 8.9874, 8.9762, 8.9800, 8.9801, 8.9831, 8.9829, 8.9809, 8.9867, 8.9793, 9.0029, 8.9789, 8.9753, 8.9792, 8.9946, 9.0023, 8.9694, 8.9709, 8.9816, 8.9929, 8.9931, 8.9804, 8.9956, 8.9836, 8.9713, 8.9769, 8.9713, 8.9691
     mean rt (s): 8.9830
   stddev rt (s): 0.0126
       95% ci rt: 0.0029 -> [8.9801, 8.9859]
     coeff ci rt: 0.00032268794595114624
━━━━━━━━━━━━━━━━━━━━━━━━━━━━━━━━━━━━━━━━━━━━━━━━━━━━━━━━━━━━━━━━━━━━━━━━━━━━━━━━━━━━━━━━━━━━━━━━━━━━
━━━━━━━━━━━━━━━━━━━━━━━━━━━━━━━━━━━━━━━━━━━━━━━━━━━━━━━━━━━━━━━━━━━━━━━━━━━━━━━━━━━━━━━━━━━━━━━━━━━━
      test count: 77
          rt (s): 8.9784, 8.9810, 8.9903, 8.9757, 8.9538, 8.9420, 8.9582, 8.9766, 8.9948, 8.9872, 9.0245, 8.9752, 8.9796, 8.9806, 8.9912, 8.9809, 8.9810, 8.9752, 8.9837, 8.9790, 8.9787, 8.9811, 8.9872, 8.9830, 9.0059, 9.0011, 8.9888, 8.9767, 8.9721, 8.9777, 8.9778, 8.9807, 8.9841, 8.9797, 9.0261, 8.9769, 8.9843, 8.9757, 8.9719, 8.9798, 8.9790, 8.9859, 9.0004, 8.9959, 8.9848, 8.9890, 8.9984, 8.9974, 8.9726, 8.9874, 8.9762, 8.9800, 8.9801, 8.9831, 8.9829, 8.9809, 8.9867, 8.9793, 9.0029, 8.9789, 8.9753, 8.9792, 8.9946, 9.0023, 8.9694, 8.9709, 8.9816, 8.9929, 8.9931, 8.9804, 8.9956, 8.9836, 8.9713, 8.9769, 8.9713, 8.9691, 8.9771
     mean rt (s): 8.9829
   stddev rt (s): 0.0125
       95% ci rt: 0.0029 -> [8.9801, 8.9858]
     coeff ci rt: 0.0003188555607871139
━━━━━━━━━━━━━━━━━━━━━━━━━━━━━━━━━━━━━━━━━━━━━━━━━━━━━━━━━━━━━━━━━━━━━━━━━━━━━━━━━━━━━━━━━━━━━━━━━━━━
━━━━━━━━━━━━━━━━━━━━━━━━━━━━━━━━━━━━━━━━━━━━━━━━━━━━━━━━━━━━━━━━━━━━━━━━━━━━━━━━━━━━━━━━━━━━━━━━━━━━
      test count: 78
          rt (s): 8.9784, 8.9810, 8.9903, 8.9757, 8.9538, 8.9420, 8.9582, 8.9766, 8.9948, 8.9872, 9.0245, 8.9752, 8.9796, 8.9806, 8.9912, 8.9809, 8.9810, 8.9752, 8.9837, 8.9790, 8.9787, 8.9811, 8.9872, 8.9830, 9.0059, 9.0011, 8.9888, 8.9767, 8.9721, 8.9777, 8.9778, 8.9807, 8.9841, 8.9797, 9.0261, 8.9769, 8.9843, 8.9757, 8.9719, 8.9798, 8.9790, 8.9859, 9.0004, 8.9959, 8.9848, 8.9890, 8.9984, 8.9974, 8.9726, 8.9874, 8.9762, 8.9800, 8.9801, 8.9831, 8.9829, 8.9809, 8.9867, 8.9793, 9.0029, 8.9789, 8.9753, 8.9792, 8.9946, 9.0023, 8.9694, 8.9709, 8.9816, 8.9929, 8.9931, 8.9804, 8.9956, 8.9836, 8.9713, 8.9769, 8.9713, 8.9691, 8.9771, 8.9955
     mean rt (s): 8.9831
   stddev rt (s): 0.0125
       95% ci rt: 0.0028 -> [8.9802, 8.9859]
     coeff ci rt: 0.000316694780650748
━━━━━━━━━━━━━━━━━━━━━━━━━━━━━━━━━━━━━━━━━━━━━━━━━━━━━━━━━━━━━━━━━━━━━━━━━━━━━━━━━━━━━━━━━━━━━━━━━━━━
━━━━━━━━━━━━━━━━━━━━━━━━━━━━━━━━━━━━━━━━━━━━━━━━━━━━━━━━━━━━━━━━━━━━━━━━━━━━━━━━━━━━━━━━━━━━━━━━━━━━
      test count: 79
          rt (s): 8.9784, 8.9810, 8.9903, 8.9757, 8.9538, 8.9420, 8.9582, 8.9766, 8.9948, 8.9872, 9.0245, 8.9752, 8.9796, 8.9806, 8.9912, 8.9809, 8.9810, 8.9752, 8.9837, 8.9790, 8.9787, 8.9811, 8.9872, 8.9830, 9.0059, 9.0011, 8.9888, 8.9767, 8.9721, 8.9777, 8.9778, 8.9807, 8.9841, 8.9797, 9.0261, 8.9769, 8.9843, 8.9757, 8.9719, 8.9798, 8.9790, 8.9859, 9.0004, 8.9959, 8.9848, 8.9890, 8.9984, 8.9974, 8.9726, 8.9874, 8.9762, 8.9800, 8.9801, 8.9831, 8.9829, 8.9809, 8.9867, 8.9793, 9.0029, 8.9789, 8.9753, 8.9792, 8.9946, 9.0023, 8.9694, 8.9709, 8.9816, 8.9929, 8.9931, 8.9804, 8.9956, 8.9836, 8.9713, 8.9769, 8.9713, 8.9691, 8.9771, 8.9955, 8.9725
     mean rt (s): 8.9829
   stddev rt (s): 0.0125
       95% ci rt: 0.0028 -> [8.9801, 8.9858]
     coeff ci rt: 0.0003140064310857198
━━━━━━━━━━━━━━━━━━━━━━━━━━━━━━━━━━━━━━━━━━━━━━━━━━━━━━━━━━━━━━━━━━━━━━━━━━━━━━━━━━━━━━━━━━━━━━━━━━━━
━━━━━━━━━━━━━━━━━━━━━━━━━━━━━━━━━━━━━━━━━━━━━━━━━━━━━━━━━━━━━━━━━━━━━━━━━━━━━━━━━━━━━━━━━━━━━━━━━━━━
      test count: 80
          rt (s): 8.9784, 8.9810, 8.9903, 8.9757, 8.9538, 8.9420, 8.9582, 8.9766, 8.9948, 8.9872, 9.0245, 8.9752, 8.9796, 8.9806, 8.9912, 8.9809, 8.9810, 8.9752, 8.9837, 8.9790, 8.9787, 8.9811, 8.9872, 8.9830, 9.0059, 9.0011, 8.9888, 8.9767, 8.9721, 8.9777, 8.9778, 8.9807, 8.9841, 8.9797, 9.0261, 8.9769, 8.9843, 8.9757, 8.9719, 8.9798, 8.9790, 8.9859, 9.0004, 8.9959, 8.9848, 8.9890, 8.9984, 8.9974, 8.9726, 8.9874, 8.9762, 8.9800, 8.9801, 8.9831, 8.9829, 8.9809, 8.9867, 8.9793, 9.0029, 8.9789, 8.9753, 8.9792, 8.9946, 9.0023, 8.9694, 8.9709, 8.9816, 8.9929, 8.9931, 8.9804, 8.9956, 8.9836, 8.9713, 8.9769, 8.9713, 8.9691, 8.9771, 8.9955, 8.9725, 8.9734
     mean rt (s): 8.9828
   stddev rt (s): 0.0125
       95% ci rt: 0.0028 -> [8.9800, 8.9856]
     coeff ci rt: 0.0003111239607082301
━━━━━━━━━━━━━━━━━━━━━━━━━━━━━━━━━━━━━━━━━━━━━━━━━━━━━━━━━━━━━━━━━━━━━━━━━━━━━━━━━━━━━━━━━━━━━━━━━━━━
━━━━━━━━━━━━━━━━━━━━━━━━━━━━━━━━━━━━━━━━━━━━━━━━━━━━━━━━━━━━━━━━━━━━━━━━━━━━━━━━━━━━━━━━━━━━━━━━━━━━
      test count: 81
          rt (s): 8.9784, 8.9810, 8.9903, 8.9757, 8.9538, 8.9420, 8.9582, 8.9766, 8.9948, 8.9872, 9.0245, 8.9752, 8.9796, 8.9806, 8.9912, 8.9809, 8.9810, 8.9752, 8.9837, 8.9790, 8.9787, 8.9811, 8.9872, 8.9830, 9.0059, 9.0011, 8.9888, 8.9767, 8.9721, 8.9777, 8.9778, 8.9807, 8.9841, 8.9797, 9.0261, 8.9769, 8.9843, 8.9757, 8.9719, 8.9798, 8.9790, 8.9859, 9.0004, 8.9959, 8.9848, 8.9890, 8.9984, 8.9974, 8.9726, 8.9874, 8.9762, 8.9800, 8.9801, 8.9831, 8.9829, 8.9809, 8.9867, 8.9793, 9.0029, 8.9789, 8.9753, 8.9792, 8.9946, 9.0023, 8.9694, 8.9709, 8.9816, 8.9929, 8.9931, 8.9804, 8.9956, 8.9836, 8.9713, 8.9769, 8.9713, 8.9691, 8.9771, 8.9955, 8.9725, 8.9734, 8.9806
     mean rt (s): 8.9828
   stddev rt (s): 0.0124
       95% ci rt: 0.0028 -> [8.9800, 8.9856]
     coeff ci rt: 0.00030726041961834496
━━━━━━━━━━━━━━━━━━━━━━━━━━━━━━━━━━━━━━━━━━━━━━━━━━━━━━━━━━━━━━━━━━━━━━━━━━━━━━━━━━━━━━━━━━━━━━━━━━━━
━━━━━━━━━━━━━━━━━━━━━━━━━━━━━━━━━━━━━━━━━━━━━━━━━━━━━━━━━━━━━━━━━━━━━━━━━━━━━━━━━━━━━━━━━━━━━━━━━━━━
      test count: 82
          rt (s): 8.9784, 8.9810, 8.9903, 8.9757, 8.9538, 8.9420, 8.9582, 8.9766, 8.9948, 8.9872, 9.0245, 8.9752, 8.9796, 8.9806, 8.9912, 8.9809, 8.9810, 8.9752, 8.9837, 8.9790, 8.9787, 8.9811, 8.9872, 8.9830, 9.0059, 9.0011, 8.9888, 8.9767, 8.9721, 8.9777, 8.9778, 8.9807, 8.9841, 8.9797, 9.0261, 8.9769, 8.9843, 8.9757, 8.9719, 8.9798, 8.9790, 8.9859, 9.0004, 8.9959, 8.9848, 8.9890, 8.9984, 8.9974, 8.9726, 8.9874, 8.9762, 8.9800, 8.9801, 8.9831, 8.9829, 8.9809, 8.9867, 8.9793, 9.0029, 8.9789, 8.9753, 8.9792, 8.9946, 9.0023, 8.9694, 8.9709, 8.9816, 8.9929, 8.9931, 8.9804, 8.9956, 8.9836, 8.9713, 8.9769, 8.9713, 8.9691, 8.9771, 8.9955, 8.9725, 8.9734, 8.9806, 8.9803
     mean rt (s): 8.9828
   stddev rt (s): 0.0123
       95% ci rt: 0.0027 -> [8.9800, 8.9855]
     coeff ci rt: 0.0003035087193531471
━━━━━━━━━━━━━━━━━━━━━━━━━━━━━━━━━━━━━━━━━━━━━━━━━━━━━━━━━━━━━━━━━━━━━━━━━━━━━━━━━━━━━━━━━━━━━━━━━━━━
━━━━━━━━━━━━━━━━━━━━━━━━━━━━━━━━━━━━━━━━━━━━━━━━━━━━━━━━━━━━━━━━━━━━━━━━━━━━━━━━━━━━━━━━━━━━━━━━━━━━
      test count: 83
          rt (s): 8.9784, 8.9810, 8.9903, 8.9757, 8.9538, 8.9420, 8.9582, 8.9766, 8.9948, 8.9872, 9.0245, 8.9752, 8.9796, 8.9806, 8.9912, 8.9809, 8.9810, 8.9752, 8.9837, 8.9790, 8.9787, 8.9811, 8.9872, 8.9830, 9.0059, 9.0011, 8.9888, 8.9767, 8.9721, 8.9777, 8.9778, 8.9807, 8.9841, 8.9797, 9.0261, 8.9769, 8.9843, 8.9757, 8.9719, 8.9798, 8.9790, 8.9859, 9.0004, 8.9959, 8.9848, 8.9890, 8.9984, 8.9974, 8.9726, 8.9874, 8.9762, 8.9800, 8.9801, 8.9831, 8.9829, 8.9809, 8.9867, 8.9793, 9.0029, 8.9789, 8.9753, 8.9792, 8.9946, 9.0023, 8.9694, 8.9709, 8.9816, 8.9929, 8.9931, 8.9804, 8.9956, 8.9836, 8.9713, 8.9769, 8.9713, 8.9691, 8.9771, 8.9955, 8.9725, 8.9734, 8.9806, 8.9803, 9.0173
     mean rt (s): 8.9832
   stddev rt (s): 0.0128
       95% ci rt: 0.0028 -> [8.9804, 8.9860]
     coeff ci rt: 0.0003136005939891335
━━━━━━━━━━━━━━━━━━━━━━━━━━━━━━━━━━━━━━━━━━━━━━━━━━━━━━━━━━━━━━━━━━━━━━━━━━━━━━━━━━━━━━━━━━━━━━━━━━━━
━━━━━━━━━━━━━━━━━━━━━━━━━━━━━━━━━━━━━━━━━━━━━━━━━━━━━━━━━━━━━━━━━━━━━━━━━━━━━━━━━━━━━━━━━━━━━━━━━━━━
      test count: 84
          rt (s): 8.9784, 8.9810, 8.9903, 8.9757, 8.9538, 8.9420, 8.9582, 8.9766, 8.9948, 8.9872, 9.0245, 8.9752, 8.9796, 8.9806, 8.9912, 8.9809, 8.9810, 8.9752, 8.9837, 8.9790, 8.9787, 8.9811, 8.9872, 8.9830, 9.0059, 9.0011, 8.9888, 8.9767, 8.9721, 8.9777, 8.9778, 8.9807, 8.9841, 8.9797, 9.0261, 8.9769, 8.9843, 8.9757, 8.9719, 8.9798, 8.9790, 8.9859, 9.0004, 8.9959, 8.9848, 8.9890, 8.9984, 8.9974, 8.9726, 8.9874, 8.9762, 8.9800, 8.9801, 8.9831, 8.9829, 8.9809, 8.9867, 8.9793, 9.0029, 8.9789, 8.9753, 8.9792, 8.9946, 9.0023, 8.9694, 8.9709, 8.9816, 8.9929, 8.9931, 8.9804, 8.9956, 8.9836, 8.9713, 8.9769, 8.9713, 8.9691, 8.9771, 8.9955, 8.9725, 8.9734, 8.9806, 8.9803, 9.0173, 8.9814
     mean rt (s): 8.9832
   stddev rt (s): 0.0127
       95% ci rt: 0.0028 -> [8.9804, 8.9859]
     coeff ci rt: 0.0003098252655014582
━━━━━━━━━━━━━━━━━━━━━━━━━━━━━━━━━━━━━━━━━━━━━━━━━━━━━━━━━━━━━━━━━━━━━━━━━━━━━━━━━━━━━━━━━━━━━━━━━━━━
━━━━━━━━━━━━━━━━━━━━━━━━━━━━━━━━━━━━━━━━━━━━━━━━━━━━━━━━━━━━━━━━━━━━━━━━━━━━━━━━━━━━━━━━━━━━━━━━━━━━
      test count: 85
          rt (s): 8.9784, 8.9810, 8.9903, 8.9757, 8.9538, 8.9420, 8.9582, 8.9766, 8.9948, 8.9872, 9.0245, 8.9752, 8.9796, 8.9806, 8.9912, 8.9809, 8.9810, 8.9752, 8.9837, 8.9790, 8.9787, 8.9811, 8.9872, 8.9830, 9.0059, 9.0011, 8.9888, 8.9767, 8.9721, 8.9777, 8.9778, 8.9807, 8.9841, 8.9797, 9.0261, 8.9769, 8.9843, 8.9757, 8.9719, 8.9798, 8.9790, 8.9859, 9.0004, 8.9959, 8.9848, 8.9890, 8.9984, 8.9974, 8.9726, 8.9874, 8.9762, 8.9800, 8.9801, 8.9831, 8.9829, 8.9809, 8.9867, 8.9793, 9.0029, 8.9789, 8.9753, 8.9792, 8.9946, 9.0023, 8.9694, 8.9709, 8.9816, 8.9929, 8.9931, 8.9804, 8.9956, 8.9836, 8.9713, 8.9769, 8.9713, 8.9691, 8.9771, 8.9955, 8.9725, 8.9734, 8.9806, 8.9803, 9.0173, 8.9814, 8.9902
     mean rt (s): 8.9832
   stddev rt (s): 0.0127
       95% ci rt: 0.0028 -> [8.9805, 8.9860]
     coeff ci rt: 0.0003066501537546346
━━━━━━━━━━━━━━━━━━━━━━━━━━━━━━━━━━━━━━━━━━━━━━━━━━━━━━━━━━━━━━━━━━━━━━━━━━━━━━━━━━━━━━━━━━━━━━━━━━━━
━━━━━━━━━━━━━━━━━━━━━━━━━━━━━━━━━━━━━━━━━━━━━━━━━━━━━━━━━━━━━━━━━━━━━━━━━━━━━━━━━━━━━━━━━━━━━━━━━━━━
      test count: 86
          rt (s): 8.9784, 8.9810, 8.9903, 8.9757, 8.9538, 8.9420, 8.9582, 8.9766, 8.9948, 8.9872, 9.0245, 8.9752, 8.9796, 8.9806, 8.9912, 8.9809, 8.9810, 8.9752, 8.9837, 8.9790, 8.9787, 8.9811, 8.9872, 8.9830, 9.0059, 9.0011, 8.9888, 8.9767, 8.9721, 8.9777, 8.9778, 8.9807, 8.9841, 8.9797, 9.0261, 8.9769, 8.9843, 8.9757, 8.9719, 8.9798, 8.9790, 8.9859, 9.0004, 8.9959, 8.9848, 8.9890, 8.9984, 8.9974, 8.9726, 8.9874, 8.9762, 8.9800, 8.9801, 8.9831, 8.9829, 8.9809, 8.9867, 8.9793, 9.0029, 8.9789, 8.9753, 8.9792, 8.9946, 9.0023, 8.9694, 8.9709, 8.9816, 8.9929, 8.9931, 8.9804, 8.9956, 8.9836, 8.9713, 8.9769, 8.9713, 8.9691, 8.9771, 8.9955, 8.9725, 8.9734, 8.9806, 8.9803, 9.0173, 8.9814, 8.9902, 9.0444
     mean rt (s): 8.9840
   stddev rt (s): 0.0142
       95% ci rt: 0.0031 -> [8.9809, 8.9870]
     coeff ci rt: 0.00034142214082078746
━━━━━━━━━━━━━━━━━━━━━━━━━━━━━━━━━━━━━━━━━━━━━━━━━━━━━━━━━━━━━━━━━━━━━━━━━━━━━━━━━━━━━━━━━━━━━━━━━━━━
━━━━━━━━━━━━━━━━━━━━━━━━━━━━━━━━━━━━━━━━━━━━━━━━━━━━━━━━━━━━━━━━━━━━━━━━━━━━━━━━━━━━━━━━━━━━━━━━━━━━
      test count: 87
          rt (s): 8.9784, 8.9810, 8.9903, 8.9757, 8.9538, 8.9420, 8.9582, 8.9766, 8.9948, 8.9872, 9.0245, 8.9752, 8.9796, 8.9806, 8.9912, 8.9809, 8.9810, 8.9752, 8.9837, 8.9790, 8.9787, 8.9811, 8.9872, 8.9830, 9.0059, 9.0011, 8.9888, 8.9767, 8.9721, 8.9777, 8.9778, 8.9807, 8.9841, 8.9797, 9.0261, 8.9769, 8.9843, 8.9757, 8.9719, 8.9798, 8.9790, 8.9859, 9.0004, 8.9959, 8.9848, 8.9890, 8.9984, 8.9974, 8.9726, 8.9874, 8.9762, 8.9800, 8.9801, 8.9831, 8.9829, 8.9809, 8.9867, 8.9793, 9.0029, 8.9789, 8.9753, 8.9792, 8.9946, 9.0023, 8.9694, 8.9709, 8.9816, 8.9929, 8.9931, 8.9804, 8.9956, 8.9836, 8.9713, 8.9769, 8.9713, 8.9691, 8.9771, 8.9955, 8.9725, 8.9734, 8.9806, 8.9803, 9.0173, 8.9814, 8.9902, 9.0444, 9.0387
     mean rt (s): 8.9846
   stddev rt (s): 0.0153
       95% ci rt: 0.0033 -> [8.9813, 8.9879]
     coeff ci rt: 0.0003649921212867996
━━━━━━━━━━━━━━━━━━━━━━━━━━━━━━━━━━━━━━━━━━━━━━━━━━━━━━━━━━━━━━━━━━━━━━━━━━━━━━━━━━━━━━━━━━━━━━━━━━━━
━━━━━━━━━━━━━━━━━━━━━━━━━━━━━━━━━━━━━━━━━━━━━━━━━━━━━━━━━━━━━━━━━━━━━━━━━━━━━━━━━━━━━━━━━━━━━━━━━━━━
      test count: 88
          rt (s): 8.9784, 8.9810, 8.9903, 8.9757, 8.9538, 8.9420, 8.9582, 8.9766, 8.9948, 8.9872, 9.0245, 8.9752, 8.9796, 8.9806, 8.9912, 8.9809, 8.9810, 8.9752, 8.9837, 8.9790, 8.9787, 8.9811, 8.9872, 8.9830, 9.0059, 9.0011, 8.9888, 8.9767, 8.9721, 8.9777, 8.9778, 8.9807, 8.9841, 8.9797, 9.0261, 8.9769, 8.9843, 8.9757, 8.9719, 8.9798, 8.9790, 8.9859, 9.0004, 8.9959, 8.9848, 8.9890, 8.9984, 8.9974, 8.9726, 8.9874, 8.9762, 8.9800, 8.9801, 8.9831, 8.9829, 8.9809, 8.9867, 8.9793, 9.0029, 8.9789, 8.9753, 8.9792, 8.9946, 9.0023, 8.9694, 8.9709, 8.9816, 8.9929, 8.9931, 8.9804, 8.9956, 8.9836, 8.9713, 8.9769, 8.9713, 8.9691, 8.9771, 8.9955, 8.9725, 8.9734, 8.9806, 8.9803, 9.0173, 8.9814, 8.9902, 9.0444, 9.0387, 9.0503
     mean rt (s): 8.9853
   stddev rt (s): 0.0167
       95% ci rt: 0.0036 -> [8.9818, 8.9889]
     coeff ci rt: 0.000396754647204412
━━━━━━━━━━━━━━━━━━━━━━━━━━━━━━━━━━━━━━━━━━━━━━━━━━━━━━━━━━━━━━━━━━━━━━━━━━━━━━━━━━━━━━━━━━━━━━━━━━━━
━━━━━━━━━━━━━━━━━━━━━━━━━━━━━━━━━━━━━━━━━━━━━━━━━━━━━━━━━━━━━━━━━━━━━━━━━━━━━━━━━━━━━━━━━━━━━━━━━━━━
      test count: 89
          rt (s): 8.9784, 8.9810, 8.9903, 8.9757, 8.9538, 8.9420, 8.9582, 8.9766, 8.9948, 8.9872, 9.0245, 8.9752, 8.9796, 8.9806, 8.9912, 8.9809, 8.9810, 8.9752, 8.9837, 8.9790, 8.9787, 8.9811, 8.9872, 8.9830, 9.0059, 9.0011, 8.9888, 8.9767, 8.9721, 8.9777, 8.9778, 8.9807, 8.9841, 8.9797, 9.0261, 8.9769, 8.9843, 8.9757, 8.9719, 8.9798, 8.9790, 8.9859, 9.0004, 8.9959, 8.9848, 8.9890, 8.9984, 8.9974, 8.9726, 8.9874, 8.9762, 8.9800, 8.9801, 8.9831, 8.9829, 8.9809, 8.9867, 8.9793, 9.0029, 8.9789, 8.9753, 8.9792, 8.9946, 9.0023, 8.9694, 8.9709, 8.9816, 8.9929, 8.9931, 8.9804, 8.9956, 8.9836, 8.9713, 8.9769, 8.9713, 8.9691, 8.9771, 8.9955, 8.9725, 8.9734, 8.9806, 8.9803, 9.0173, 8.9814, 8.9902, 9.0444, 9.0387, 9.0503, 9.0446
     mean rt (s): 8.9860
   stddev rt (s): 0.0178
       95% ci rt: 0.0038 -> [8.9822, 8.9898]
     coeff ci rt: 0.00041892055046177174
━━━━━━━━━━━━━━━━━━━━━━━━━━━━━━━━━━━━━━━━━━━━━━━━━━━━━━━━━━━━━━━━━━━━━━━━━━━━━━━━━━━━━━━━━━━━━━━━━━━━
━━━━━━━━━━━━━━━━━━━━━━━━━━━━━━━━━━━━━━━━━━━━━━━━━━━━━━━━━━━━━━━━━━━━━━━━━━━━━━━━━━━━━━━━━━━━━━━━━━━━
      test count: 90
          rt (s): 8.9784, 8.9810, 8.9903, 8.9757, 8.9538, 8.9420, 8.9582, 8.9766, 8.9948, 8.9872, 9.0245, 8.9752, 8.9796, 8.9806, 8.9912, 8.9809, 8.9810, 8.9752, 8.9837, 8.9790, 8.9787, 8.9811, 8.9872, 8.9830, 9.0059, 9.0011, 8.9888, 8.9767, 8.9721, 8.9777, 8.9778, 8.9807, 8.9841, 8.9797, 9.0261, 8.9769, 8.9843, 8.9757, 8.9719, 8.9798, 8.9790, 8.9859, 9.0004, 8.9959, 8.9848, 8.9890, 8.9984, 8.9974, 8.9726, 8.9874, 8.9762, 8.9800, 8.9801, 8.9831, 8.9829, 8.9809, 8.9867, 8.9793, 9.0029, 8.9789, 8.9753, 8.9792, 8.9946, 9.0023, 8.9694, 8.9709, 8.9816, 8.9929, 8.9931, 8.9804, 8.9956, 8.9836, 8.9713, 8.9769, 8.9713, 8.9691, 8.9771, 8.9955, 8.9725, 8.9734, 8.9806, 8.9803, 9.0173, 8.9814, 8.9902, 9.0444, 9.0387, 9.0503, 9.0446, 9.0572
     mean rt (s): 8.9868
   stddev rt (s): 0.0192
       95% ci rt: 0.0040 -> [8.9827, 8.9908]
     coeff ci rt: 0.0004495638781664246
━━━━━━━━━━━━━━━━━━━━━━━━━━━━━━━━━━━━━━━━━━━━━━━━━━━━━━━━━━━━━━━━━━━━━━━━━━━━━━━━━━━━━━━━━━━━━━━━━━━━
━━━━━━━━━━━━━━━━━━━━━━━━━━━━━━━━━━━━━━━━━━━━━━━━━━━━━━━━━━━━━━━━━━━━━━━━━━━━━━━━━━━━━━━━━━━━━━━━━━━━
      test count: 91
          rt (s): 8.9784, 8.9810, 8.9903, 8.9757, 8.9538, 8.9420, 8.9582, 8.9766, 8.9948, 8.9872, 9.0245, 8.9752, 8.9796, 8.9806, 8.9912, 8.9809, 8.9810, 8.9752, 8.9837, 8.9790, 8.9787, 8.9811, 8.9872, 8.9830, 9.0059, 9.0011, 8.9888, 8.9767, 8.9721, 8.9777, 8.9778, 8.9807, 8.9841, 8.9797, 9.0261, 8.9769, 8.9843, 8.9757, 8.9719, 8.9798, 8.9790, 8.9859, 9.0004, 8.9959, 8.9848, 8.9890, 8.9984, 8.9974, 8.9726, 8.9874, 8.9762, 8.9800, 8.9801, 8.9831, 8.9829, 8.9809, 8.9867, 8.9793, 9.0029, 8.9789, 8.9753, 8.9792, 8.9946, 9.0023, 8.9694, 8.9709, 8.9816, 8.9929, 8.9931, 8.9804, 8.9956, 8.9836, 8.9713, 8.9769, 8.9713, 8.9691, 8.9771, 8.9955, 8.9725, 8.9734, 8.9806, 8.9803, 9.0173, 8.9814, 8.9902, 9.0444, 9.0387, 9.0503, 9.0446, 9.0572, 9.0455
     mean rt (s): 8.9874
   stddev rt (s): 0.0200
       95% ci rt: 0.0042 -> [8.9832, 8.9916]
     coeff ci rt: 0.0004668151153943318
━━━━━━━━━━━━━━━━━━━━━━━━━━━━━━━━━━━━━━━━━━━━━━━━━━━━━━━━━━━━━━━━━━━━━━━━━━━━━━━━━━━━━━━━━━━━━━━━━━━━
━━━━━━━━━━━━━━━━━━━━━━━━━━━━━━━━━━━━━━━━━━━━━━━━━━━━━━━━━━━━━━━━━━━━━━━━━━━━━━━━━━━━━━━━━━━━━━━━━━━━
      test count: 92
          rt (s): 8.9784, 8.9810, 8.9903, 8.9757, 8.9538, 8.9420, 8.9582, 8.9766, 8.9948, 8.9872, 9.0245, 8.9752, 8.9796, 8.9806, 8.9912, 8.9809, 8.9810, 8.9752, 8.9837, 8.9790, 8.9787, 8.9811, 8.9872, 8.9830, 9.0059, 9.0011, 8.9888, 8.9767, 8.9721, 8.9777, 8.9778, 8.9807, 8.9841, 8.9797, 9.0261, 8.9769, 8.9843, 8.9757, 8.9719, 8.9798, 8.9790, 8.9859, 9.0004, 8.9959, 8.9848, 8.9890, 8.9984, 8.9974, 8.9726, 8.9874, 8.9762, 8.9800, 8.9801, 8.9831, 8.9829, 8.9809, 8.9867, 8.9793, 9.0029, 8.9789, 8.9753, 8.9792, 8.9946, 9.0023, 8.9694, 8.9709, 8.9816, 8.9929, 8.9931, 8.9804, 8.9956, 8.9836, 8.9713, 8.9769, 8.9713, 8.9691, 8.9771, 8.9955, 8.9725, 8.9734, 8.9806, 8.9803, 9.0173, 8.9814, 8.9902, 9.0444, 9.0387, 9.0503, 9.0446, 9.0572, 9.0455, 9.0489
     mean rt (s): 8.9881
   stddev rt (s): 0.0209
       95% ci rt: 0.0044 -> [8.9837, 8.9925]
     coeff ci rt: 0.00048464910858556147
━━━━━━━━━━━━━━━━━━━━━━━━━━━━━━━━━━━━━━━━━━━━━━━━━━━━━━━━━━━━━━━━━━━━━━━━━━━━━━━━━━━━━━━━━━━━━━━━━━━━
━━━━━━━━━━━━━━━━━━━━━━━━━━━━━━━━━━━━━━━━━━━━━━━━━━━━━━━━━━━━━━━━━━━━━━━━━━━━━━━━━━━━━━━━━━━━━━━━━━━━
      test count: 93
          rt (s): 8.9784, 8.9810, 8.9903, 8.9757, 8.9538, 8.9420, 8.9582, 8.9766, 8.9948, 8.9872, 9.0245, 8.9752, 8.9796, 8.9806, 8.9912, 8.9809, 8.9810, 8.9752, 8.9837, 8.9790, 8.9787, 8.9811, 8.9872, 8.9830, 9.0059, 9.0011, 8.9888, 8.9767, 8.9721, 8.9777, 8.9778, 8.9807, 8.9841, 8.9797, 9.0261, 8.9769, 8.9843, 8.9757, 8.9719, 8.9798, 8.9790, 8.9859, 9.0004, 8.9959, 8.9848, 8.9890, 8.9984, 8.9974, 8.9726, 8.9874, 8.9762, 8.9800, 8.9801, 8.9831, 8.9829, 8.9809, 8.9867, 8.9793, 9.0029, 8.9789, 8.9753, 8.9792, 8.9946, 9.0023, 8.9694, 8.9709, 8.9816, 8.9929, 8.9931, 8.9804, 8.9956, 8.9836, 8.9713, 8.9769, 8.9713, 8.9691, 8.9771, 8.9955, 8.9725, 8.9734, 8.9806, 8.9803, 9.0173, 8.9814, 8.9902, 9.0444, 9.0387, 9.0503, 9.0446, 9.0572, 9.0455, 9.0489, 9.0542
     mean rt (s): 8.9888
   stddev rt (s): 0.0219
       95% ci rt: 0.0045 -> [8.9843, 8.9933]
     coeff ci rt: 0.0005043711299474096
━━━━━━━━━━━━━━━━━━━━━━━━━━━━━━━━━━━━━━━━━━━━━━━━━━━━━━━━━━━━━━━━━━━━━━━━━━━━━━━━━━━━━━━━━━━━━━━━━━━━
━━━━━━━━━━━━━━━━━━━━━━━━━━━━━━━━━━━━━━━━━━━━━━━━━━━━━━━━━━━━━━━━━━━━━━━━━━━━━━━━━━━━━━━━━━━━━━━━━━━━
      test count: 94
          rt (s): 8.9784, 8.9810, 8.9903, 8.9757, 8.9538, 8.9420, 8.9582, 8.9766, 8.9948, 8.9872, 9.0245, 8.9752, 8.9796, 8.9806, 8.9912, 8.9809, 8.9810, 8.9752, 8.9837, 8.9790, 8.9787, 8.9811, 8.9872, 8.9830, 9.0059, 9.0011, 8.9888, 8.9767, 8.9721, 8.9777, 8.9778, 8.9807, 8.9841, 8.9797, 9.0261, 8.9769, 8.9843, 8.9757, 8.9719, 8.9798, 8.9790, 8.9859, 9.0004, 8.9959, 8.9848, 8.9890, 8.9984, 8.9974, 8.9726, 8.9874, 8.9762, 8.9800, 8.9801, 8.9831, 8.9829, 8.9809, 8.9867, 8.9793, 9.0029, 8.9789, 8.9753, 8.9792, 8.9946, 9.0023, 8.9694, 8.9709, 8.9816, 8.9929, 8.9931, 8.9804, 8.9956, 8.9836, 8.9713, 8.9769, 8.9713, 8.9691, 8.9771, 8.9955, 8.9725, 8.9734, 8.9806, 8.9803, 9.0173, 8.9814, 8.9902, 9.0444, 9.0387, 9.0503, 9.0446, 9.0572, 9.0455, 9.0489, 9.0542, 9.0441
     mean rt (s): 8.9894
   stddev rt (s): 0.0225
       95% ci rt: 0.0046 -> [8.9848, 8.9940]
     coeff ci rt: 0.0005155142457126844
━━━━━━━━━━━━━━━━━━━━━━━━━━━━━━━━━━━━━━━━━━━━━━━━━━━━━━━━━━━━━━━━━━━━━━━━━━━━━━━━━━━━━━━━━━━━━━━━━━━━
━━━━━━━━━━━━━━━━━━━━━━━━━━━━━━━━━━━━━━━━━━━━━━━━━━━━━━━━━━━━━━━━━━━━━━━━━━━━━━━━━━━━━━━━━━━━━━━━━━━━
      test count: 95
          rt (s): 8.9784, 8.9810, 8.9903, 8.9757, 8.9538, 8.9420, 8.9582, 8.9766, 8.9948, 8.9872, 9.0245, 8.9752, 8.9796, 8.9806, 8.9912, 8.9809, 8.9810, 8.9752, 8.9837, 8.9790, 8.9787, 8.9811, 8.9872, 8.9830, 9.0059, 9.0011, 8.9888, 8.9767, 8.9721, 8.9777, 8.9778, 8.9807, 8.9841, 8.9797, 9.0261, 8.9769, 8.9843, 8.9757, 8.9719, 8.9798, 8.9790, 8.9859, 9.0004, 8.9959, 8.9848, 8.9890, 8.9984, 8.9974, 8.9726, 8.9874, 8.9762, 8.9800, 8.9801, 8.9831, 8.9829, 8.9809, 8.9867, 8.9793, 9.0029, 8.9789, 8.9753, 8.9792, 8.9946, 9.0023, 8.9694, 8.9709, 8.9816, 8.9929, 8.9931, 8.9804, 8.9956, 8.9836, 8.9713, 8.9769, 8.9713, 8.9691, 8.9771, 8.9955, 8.9725, 8.9734, 8.9806, 8.9803, 9.0173, 8.9814, 8.9902, 9.0444, 9.0387, 9.0503, 9.0446, 9.0572, 9.0455, 9.0489, 9.0542, 9.0441, 9.0505
     mean rt (s): 8.9900
   stddev rt (s): 0.0232
       95% ci rt: 0.0048 -> [8.9853, 8.9948]
     coeff ci rt: 0.000529364222803222
━━━━━━━━━━━━━━━━━━━━━━━━━━━━━━━━━━━━━━━━━━━━━━━━━━━━━━━━━━━━━━━━━━━━━━━━━━━━━━━━━━━━━━━━━━━━━━━━━━━━
━━━━━━━━━━━━━━━━━━━━━━━━━━━━━━━━━━━━━━━━━━━━━━━━━━━━━━━━━━━━━━━━━━━━━━━━━━━━━━━━━━━━━━━━━━━━━━━━━━━━
      test count: 96
          rt (s): 8.9784, 8.9810, 8.9903, 8.9757, 8.9538, 8.9420, 8.9582, 8.9766, 8.9948, 8.9872, 9.0245, 8.9752, 8.9796, 8.9806, 8.9912, 8.9809, 8.9810, 8.9752, 8.9837, 8.9790, 8.9787, 8.9811, 8.9872, 8.9830, 9.0059, 9.0011, 8.9888, 8.9767, 8.9721, 8.9777, 8.9778, 8.9807, 8.9841, 8.9797, 9.0261, 8.9769, 8.9843, 8.9757, 8.9719, 8.9798, 8.9790, 8.9859, 9.0004, 8.9959, 8.9848, 8.9890, 8.9984, 8.9974, 8.9726, 8.9874, 8.9762, 8.9800, 8.9801, 8.9831, 8.9829, 8.9809, 8.9867, 8.9793, 9.0029, 8.9789, 8.9753, 8.9792, 8.9946, 9.0023, 8.9694, 8.9709, 8.9816, 8.9929, 8.9931, 8.9804, 8.9956, 8.9836, 8.9713, 8.9769, 8.9713, 8.9691, 8.9771, 8.9955, 8.9725, 8.9734, 8.9806, 8.9803, 9.0173, 8.9814, 8.9902, 9.0444, 9.0387, 9.0503, 9.0446, 9.0572, 9.0455, 9.0489, 9.0542, 9.0441, 9.0505, 9.0400
     mean rt (s): 8.9906
   stddev rt (s): 0.0237
       95% ci rt: 0.0048 -> [8.9857, 8.9954]
     coeff ci rt: 0.0005361760823503598
━━━━━━━━━━━━━━━━━━━━━━━━━━━━━━━━━━━━━━━━━━━━━━━━━━━━━━━━━━━━━━━━━━━━━━━━━━━━━━━━━━━━━━━━━━━━━━━━━━━━
━━━━━━━━━━━━━━━━━━━━━━━━━━━━━━━━━━━━━━━━━━━━━━━━━━━━━━━━━━━━━━━━━━━━━━━━━━━━━━━━━━━━━━━━━━━━━━━━━━━━
      test count: 97
          rt (s): 8.9784, 8.9810, 8.9903, 8.9757, 8.9538, 8.9420, 8.9582, 8.9766, 8.9948, 8.9872, 9.0245, 8.9752, 8.9796, 8.9806, 8.9912, 8.9809, 8.9810, 8.9752, 8.9837, 8.9790, 8.9787, 8.9811, 8.9872, 8.9830, 9.0059, 9.0011, 8.9888, 8.9767, 8.9721, 8.9777, 8.9778, 8.9807, 8.9841, 8.9797, 9.0261, 8.9769, 8.9843, 8.9757, 8.9719, 8.9798, 8.9790, 8.9859, 9.0004, 8.9959, 8.9848, 8.9890, 8.9984, 8.9974, 8.9726, 8.9874, 8.9762, 8.9800, 8.9801, 8.9831, 8.9829, 8.9809, 8.9867, 8.9793, 9.0029, 8.9789, 8.9753, 8.9792, 8.9946, 9.0023, 8.9694, 8.9709, 8.9816, 8.9929, 8.9931, 8.9804, 8.9956, 8.9836, 8.9713, 8.9769, 8.9713, 8.9691, 8.9771, 8.9955, 8.9725, 8.9734, 8.9806, 8.9803, 9.0173, 8.9814, 8.9902, 9.0444, 9.0387, 9.0503, 9.0446, 9.0572, 9.0455, 9.0489, 9.0542, 9.0441, 9.0505, 9.0400, 9.0437
     mean rt (s): 8.9911
   stddev rt (s): 0.0241
       95% ci rt: 0.0049 -> [8.9862, 8.9960]
     coeff ci rt: 0.0005441257886507491
━━━━━━━━━━━━━━━━━━━━━━━━━━━━━━━━━━━━━━━━━━━━━━━━━━━━━━━━━━━━━━━━━━━━━━━━━━━━━━━━━━━━━━━━━━━━━━━━━━━━
━━━━━━━━━━━━━━━━━━━━━━━━━━━━━━━━━━━━━━━━━━━━━━━━━━━━━━━━━━━━━━━━━━━━━━━━━━━━━━━━━━━━━━━━━━━━━━━━━━━━
      test count: 98
          rt (s): 8.9784, 8.9810, 8.9903, 8.9757, 8.9538, 8.9420, 8.9582, 8.9766, 8.9948, 8.9872, 9.0245, 8.9752, 8.9796, 8.9806, 8.9912, 8.9809, 8.9810, 8.9752, 8.9837, 8.9790, 8.9787, 8.9811, 8.9872, 8.9830, 9.0059, 9.0011, 8.9888, 8.9767, 8.9721, 8.9777, 8.9778, 8.9807, 8.9841, 8.9797, 9.0261, 8.9769, 8.9843, 8.9757, 8.9719, 8.9798, 8.9790, 8.9859, 9.0004, 8.9959, 8.9848, 8.9890, 8.9984, 8.9974, 8.9726, 8.9874, 8.9762, 8.9800, 8.9801, 8.9831, 8.9829, 8.9809, 8.9867, 8.9793, 9.0029, 8.9789, 8.9753, 8.9792, 8.9946, 9.0023, 8.9694, 8.9709, 8.9816, 8.9929, 8.9931, 8.9804, 8.9956, 8.9836, 8.9713, 8.9769, 8.9713, 8.9691, 8.9771, 8.9955, 8.9725, 8.9734, 8.9806, 8.9803, 9.0173, 8.9814, 8.9902, 9.0444, 9.0387, 9.0503, 9.0446, 9.0572, 9.0455, 9.0489, 9.0542, 9.0441, 9.0505, 9.0400, 9.0437, 9.0401
     mean rt (s): 8.9916
   stddev rt (s): 0.0245
       95% ci rt: 0.0049 -> [8.9867, 8.9966]
     coeff ci rt: 0.0005496329412326044
━━━━━━━━━━━━━━━━━━━━━━━━━━━━━━━━━━━━━━━━━━━━━━━━━━━━━━━━━━━━━━━━━━━━━━━━━━━━━━━━━━━━━━━━━━━━━━━━━━━━
━━━━━━━━━━━━━━━━━━━━━━━━━━━━━━━━━━━━━━━━━━━━━━━━━━━━━━━━━━━━━━━━━━━━━━━━━━━━━━━━━━━━━━━━━━━━━━━━━━━━
      test count: 99
          rt (s): 8.9784, 8.9810, 8.9903, 8.9757, 8.9538, 8.9420, 8.9582, 8.9766, 8.9948, 8.9872, 9.0245, 8.9752, 8.9796, 8.9806, 8.9912, 8.9809, 8.9810, 8.9752, 8.9837, 8.9790, 8.9787, 8.9811, 8.9872, 8.9830, 9.0059, 9.0011, 8.9888, 8.9767, 8.9721, 8.9777, 8.9778, 8.9807, 8.9841, 8.9797, 9.0261, 8.9769, 8.9843, 8.9757, 8.9719, 8.9798, 8.9790, 8.9859, 9.0004, 8.9959, 8.9848, 8.9890, 8.9984, 8.9974, 8.9726, 8.9874, 8.9762, 8.9800, 8.9801, 8.9831, 8.9829, 8.9809, 8.9867, 8.9793, 9.0029, 8.9789, 8.9753, 8.9792, 8.9946, 9.0023, 8.9694, 8.9709, 8.9816, 8.9929, 8.9931, 8.9804, 8.9956, 8.9836, 8.9713, 8.9769, 8.9713, 8.9691, 8.9771, 8.9955, 8.9725, 8.9734, 8.9806, 8.9803, 9.0173, 8.9814, 8.9902, 9.0444, 9.0387, 9.0503, 9.0446, 9.0572, 9.0455, 9.0489, 9.0542, 9.0441, 9.0505, 9.0400, 9.0437, 9.0401, 9.0624
     mean rt (s): 8.9923
   stddev rt (s): 0.0254
       95% ci rt: 0.0051 -> [8.9872, 8.9974]
     coeff ci rt: 0.00056636518794633
━━━━━━━━━━━━━━━━━━━━━━━━━━━━━━━━━━━━━━━━━━━━━━━━━━━━━━━━━━━━━━━━━━━━━━━━━━━━━━━━━━━━━━━━━━━━━━━━━━━━
━━━━━━━━━━━━━━━━━━━━━━━━━━━━━━━━━━━━━━━━━━━━━━━━━━━━━━━━━━━━━━━━━━━━━━━━━━━━━━━━━━━━━━━━━━━━━━━━━━━━
      test count: 100
          rt (s): 8.9784, 8.9810, 8.9903, 8.9757, 8.9538, 8.9420, 8.9582, 8.9766, 8.9948, 8.9872, 9.0245, 8.9752, 8.9796, 8.9806, 8.9912, 8.9809, 8.9810, 8.9752, 8.9837, 8.9790, 8.9787, 8.9811, 8.9872, 8.9830, 9.0059, 9.0011, 8.9888, 8.9767, 8.9721, 8.9777, 8.9778, 8.9807, 8.9841, 8.9797, 9.0261, 8.9769, 8.9843, 8.9757, 8.9719, 8.9798, 8.9790, 8.9859, 9.0004, 8.9959, 8.9848, 8.9890, 8.9984, 8.9974, 8.9726, 8.9874, 8.9762, 8.9800, 8.9801, 8.9831, 8.9829, 8.9809, 8.9867, 8.9793, 9.0029, 8.9789, 8.9753, 8.9792, 8.9946, 9.0023, 8.9694, 8.9709, 8.9816, 8.9929, 8.9931, 8.9804, 8.9956, 8.9836, 8.9713, 8.9769, 8.9713, 8.9691, 8.9771, 8.9955, 8.9725, 8.9734, 8.9806, 8.9803, 9.0173, 8.9814, 8.9902, 9.0444, 9.0387, 9.0503, 9.0446, 9.0572, 9.0455, 9.0489, 9.0542, 9.0441, 9.0505, 9.0400, 9.0437, 9.0401, 9.0624, 9.0635
     mean rt (s): 8.9930
   stddev rt (s): 0.0263
       95% ci rt: 0.0052 -> [8.9878, 8.9983]
     coeff ci rt: 0.0005821383053683168
━━━━━━━━━━━━━━━━━━━━━━━━━━━━━━━━━━━━━━━━━━━━━━━━━━━━━━━━━━━━━━━━━━━━━━━━━━━━━━━━━━━━━━━━━━━━━━━━━━━━
━━━━━━━━━━━━━━━━━━━━━━━━━━━━━━━━━━━━━━━━━━━━━━━━━━━━━━━━━━━━━━━━━━━━━━━━━━━━━━━━━━━━━━━━━━━━━━━━━━━━
      test count: 101
          rt (s): 8.9784, 8.9810, 8.9903, 8.9757, 8.9538, 8.9420, 8.9582, 8.9766, 8.9948, 8.9872, 9.0245, 8.9752, 8.9796, 8.9806, 8.9912, 8.9809, 8.9810, 8.9752, 8.9837, 8.9790, 8.9787, 8.9811, 8.9872, 8.9830, 9.0059, 9.0011, 8.9888, 8.9767, 8.9721, 8.9777, 8.9778, 8.9807, 8.9841, 8.9797, 9.0261, 8.9769, 8.9843, 8.9757, 8.9719, 8.9798, 8.9790, 8.9859, 9.0004, 8.9959, 8.9848, 8.9890, 8.9984, 8.9974, 8.9726, 8.9874, 8.9762, 8.9800, 8.9801, 8.9831, 8.9829, 8.9809, 8.9867, 8.9793, 9.0029, 8.9789, 8.9753, 8.9792, 8.9946, 9.0023, 8.9694, 8.9709, 8.9816, 8.9929, 8.9931, 8.9804, 8.9956, 8.9836, 8.9713, 8.9769, 8.9713, 8.9691, 8.9771, 8.9955, 8.9725, 8.9734, 8.9806, 8.9803, 9.0173, 8.9814, 8.9902, 9.0444, 9.0387, 9.0503, 9.0446, 9.0572, 9.0455, 9.0489, 9.0542, 9.0441, 9.0505, 9.0400, 9.0437, 9.0401, 9.0624, 9.0635, 9.0681
     mean rt (s): 8.9938
   stddev rt (s): 0.0272
       95% ci rt: 0.0054 -> [8.9884, 8.9992]
     coeff ci rt: 0.0005990941682331131
━━━━━━━━━━━━━━━━━━━━━━━━━━━━━━━━━━━━━━━━━━━━━━━━━━━━━━━━━━━━━━━━━━━━━━━━━━━━━━━━━━━━━━━━━━━━━━━━━━━━
━━━━━━━━━━━━━━━━━━━━━━━━━━━━━━━━━━━━━━━━━━━━━━━━━━━━━━━━━━━━━━━━━━━━━━━━━━━━━━━━━━━━━━━━━━━━━━━━━━━━
      test count: 102
          rt (s): 8.9784, 8.9810, 8.9903, 8.9757, 8.9538, 8.9420, 8.9582, 8.9766, 8.9948, 8.9872, 9.0245, 8.9752, 8.9796, 8.9806, 8.9912, 8.9809, 8.9810, 8.9752, 8.9837, 8.9790, 8.9787, 8.9811, 8.9872, 8.9830, 9.0059, 9.0011, 8.9888, 8.9767, 8.9721, 8.9777, 8.9778, 8.9807, 8.9841, 8.9797, 9.0261, 8.9769, 8.9843, 8.9757, 8.9719, 8.9798, 8.9790, 8.9859, 9.0004, 8.9959, 8.9848, 8.9890, 8.9984, 8.9974, 8.9726, 8.9874, 8.9762, 8.9800, 8.9801, 8.9831, 8.9829, 8.9809, 8.9867, 8.9793, 9.0029, 8.9789, 8.9753, 8.9792, 8.9946, 9.0023, 8.9694, 8.9709, 8.9816, 8.9929, 8.9931, 8.9804, 8.9956, 8.9836, 8.9713, 8.9769, 8.9713, 8.9691, 8.9771, 8.9955, 8.9725, 8.9734, 8.9806, 8.9803, 9.0173, 8.9814, 8.9902, 9.0444, 9.0387, 9.0503, 9.0446, 9.0572, 9.0455, 9.0489, 9.0542, 9.0441, 9.0505, 9.0400, 9.0437, 9.0401, 9.0624, 9.0635, 9.0681, 9.0803
     mean rt (s): 8.9946
   stddev rt (s): 0.0283
       95% ci rt: 0.0056 -> [8.9890, 9.0002]
     coeff ci rt: 0.0006218681053940596
━━━━━━━━━━━━━━━━━━━━━━━━━━━━━━━━━━━━━━━━━━━━━━━━━━━━━━━━━━━━━━━━━━━━━━━━━━━━━━━━━━━━━━━━━━━━━━━━━━━━
━━━━━━━━━━━━━━━━━━━━━━━━━━━━━━━━━━━━━━━━━━━━━━━━━━━━━━━━━━━━━━━━━━━━━━━━━━━━━━━━━━━━━━━━━━━━━━━━━━━━
      test count: 103
          rt (s): 8.9784, 8.9810, 8.9903, 8.9757, 8.9538, 8.9420, 8.9582, 8.9766, 8.9948, 8.9872, 9.0245, 8.9752, 8.9796, 8.9806, 8.9912, 8.9809, 8.9810, 8.9752, 8.9837, 8.9790, 8.9787, 8.9811, 8.9872, 8.9830, 9.0059, 9.0011, 8.9888, 8.9767, 8.9721, 8.9777, 8.9778, 8.9807, 8.9841, 8.9797, 9.0261, 8.9769, 8.9843, 8.9757, 8.9719, 8.9798, 8.9790, 8.9859, 9.0004, 8.9959, 8.9848, 8.9890, 8.9984, 8.9974, 8.9726, 8.9874, 8.9762, 8.9800, 8.9801, 8.9831, 8.9829, 8.9809, 8.9867, 8.9793, 9.0029, 8.9789, 8.9753, 8.9792, 8.9946, 9.0023, 8.9694, 8.9709, 8.9816, 8.9929, 8.9931, 8.9804, 8.9956, 8.9836, 8.9713, 8.9769, 8.9713, 8.9691, 8.9771, 8.9955, 8.9725, 8.9734, 8.9806, 8.9803, 9.0173, 8.9814, 8.9902, 9.0444, 9.0387, 9.0503, 9.0446, 9.0572, 9.0455, 9.0489, 9.0542, 9.0441, 9.0505, 9.0400, 9.0437, 9.0401, 9.0624, 9.0635, 9.0681, 9.0803, 9.0487
     mean rt (s): 8.9952
   stddev rt (s): 0.0287
       95% ci rt: 0.0056 -> [8.9895, 9.0008]
     coeff ci rt: 0.0006264787178354385
━━━━━━━━━━━━━━━━━━━━━━━━━━━━━━━━━━━━━━━━━━━━━━━━━━━━━━━━━━━━━━━━━━━━━━━━━━━━━━━━━━━━━━━━━━━━━━━━━━━━
━━━━━━━━━━━━━━━━━━━━━━━━━━━━━━━━━━━━━━━━━━━━━━━━━━━━━━━━━━━━━━━━━━━━━━━━━━━━━━━━━━━━━━━━━━━━━━━━━━━━
      test count: 104
          rt (s): 8.9784, 8.9810, 8.9903, 8.9757, 8.9538, 8.9420, 8.9582, 8.9766, 8.9948, 8.9872, 9.0245, 8.9752, 8.9796, 8.9806, 8.9912, 8.9809, 8.9810, 8.9752, 8.9837, 8.9790, 8.9787, 8.9811, 8.9872, 8.9830, 9.0059, 9.0011, 8.9888, 8.9767, 8.9721, 8.9777, 8.9778, 8.9807, 8.9841, 8.9797, 9.0261, 8.9769, 8.9843, 8.9757, 8.9719, 8.9798, 8.9790, 8.9859, 9.0004, 8.9959, 8.9848, 8.9890, 8.9984, 8.9974, 8.9726, 8.9874, 8.9762, 8.9800, 8.9801, 8.9831, 8.9829, 8.9809, 8.9867, 8.9793, 9.0029, 8.9789, 8.9753, 8.9792, 8.9946, 9.0023, 8.9694, 8.9709, 8.9816, 8.9929, 8.9931, 8.9804, 8.9956, 8.9836, 8.9713, 8.9769, 8.9713, 8.9691, 8.9771, 8.9955, 8.9725, 8.9734, 8.9806, 8.9803, 9.0173, 8.9814, 8.9902, 9.0444, 9.0387, 9.0503, 9.0446, 9.0572, 9.0455, 9.0489, 9.0542, 9.0441, 9.0505, 9.0400, 9.0437, 9.0401, 9.0624, 9.0635, 9.0681, 9.0803, 9.0487, 9.0400
     mean rt (s): 8.9956
   stddev rt (s): 0.0289
       95% ci rt: 0.0056 -> [8.9899, 9.0012]
     coeff ci rt: 0.0006275659852705768
━━━━━━━━━━━━━━━━━━━━━━━━━━━━━━━━━━━━━━━━━━━━━━━━━━━━━━━━━━━━━━━━━━━━━━━━━━━━━━━━━━━━━━━━━━━━━━━━━━━━
━━━━━━━━━━━━━━━━━━━━━━━━━━━━━━━━━━━━━━━━━━━━━━━━━━━━━━━━━━━━━━━━━━━━━━━━━━━━━━━━━━━━━━━━━━━━━━━━━━━━
      test count: 105
          rt (s): 8.9784, 8.9810, 8.9903, 8.9757, 8.9538, 8.9420, 8.9582, 8.9766, 8.9948, 8.9872, 9.0245, 8.9752, 8.9796, 8.9806, 8.9912, 8.9809, 8.9810, 8.9752, 8.9837, 8.9790, 8.9787, 8.9811, 8.9872, 8.9830, 9.0059, 9.0011, 8.9888, 8.9767, 8.9721, 8.9777, 8.9778, 8.9807, 8.9841, 8.9797, 9.0261, 8.9769, 8.9843, 8.9757, 8.9719, 8.9798, 8.9790, 8.9859, 9.0004, 8.9959, 8.9848, 8.9890, 8.9984, 8.9974, 8.9726, 8.9874, 8.9762, 8.9800, 8.9801, 8.9831, 8.9829, 8.9809, 8.9867, 8.9793, 9.0029, 8.9789, 8.9753, 8.9792, 8.9946, 9.0023, 8.9694, 8.9709, 8.9816, 8.9929, 8.9931, 8.9804, 8.9956, 8.9836, 8.9713, 8.9769, 8.9713, 8.9691, 8.9771, 8.9955, 8.9725, 8.9734, 8.9806, 8.9803, 9.0173, 8.9814, 8.9902, 9.0444, 9.0387, 9.0503, 9.0446, 9.0572, 9.0455, 9.0489, 9.0542, 9.0441, 9.0505, 9.0400, 9.0437, 9.0401, 9.0624, 9.0635, 9.0681, 9.0803, 9.0487, 9.0400, 9.0465
     mean rt (s): 8.9961
   stddev rt (s): 0.0292
       95% ci rt: 0.0057 -> [8.9904, 9.0017]
     coeff ci rt: 0.0006305807586418413
━━━━━━━━━━━━━━━━━━━━━━━━━━━━━━━━━━━━━━━━━━━━━━━━━━━━━━━━━━━━━━━━━━━━━━━━━━━━━━━━━━━━━━━━━━━━━━━━━━━━
━━━━━━━━━━━━━━━━━━━━━━━━━━━━━━━━━━━━━━━━━━━━━━━━━━━━━━━━━━━━━━━━━━━━━━━━━━━━━━━━━━━━━━━━━━━━━━━━━━━━
      test count: 106
          rt (s): 8.9784, 8.9810, 8.9903, 8.9757, 8.9538, 8.9420, 8.9582, 8.9766, 8.9948, 8.9872, 9.0245, 8.9752, 8.9796, 8.9806, 8.9912, 8.9809, 8.9810, 8.9752, 8.9837, 8.9790, 8.9787, 8.9811, 8.9872, 8.9830, 9.0059, 9.0011, 8.9888, 8.9767, 8.9721, 8.9777, 8.9778, 8.9807, 8.9841, 8.9797, 9.0261, 8.9769, 8.9843, 8.9757, 8.9719, 8.9798, 8.9790, 8.9859, 9.0004, 8.9959, 8.9848, 8.9890, 8.9984, 8.9974, 8.9726, 8.9874, 8.9762, 8.9800, 8.9801, 8.9831, 8.9829, 8.9809, 8.9867, 8.9793, 9.0029, 8.9789, 8.9753, 8.9792, 8.9946, 9.0023, 8.9694, 8.9709, 8.9816, 8.9929, 8.9931, 8.9804, 8.9956, 8.9836, 8.9713, 8.9769, 8.9713, 8.9691, 8.9771, 8.9955, 8.9725, 8.9734, 8.9806, 8.9803, 9.0173, 8.9814, 8.9902, 9.0444, 9.0387, 9.0503, 9.0446, 9.0572, 9.0455, 9.0489, 9.0542, 9.0441, 9.0505, 9.0400, 9.0437, 9.0401, 9.0624, 9.0635, 9.0681, 9.0803, 9.0487, 9.0400, 9.0465, 9.0509
     mean rt (s): 8.9966
   stddev rt (s): 0.0295
       95% ci rt: 0.0057 -> [8.9909, 9.0023]
     coeff ci rt: 0.0006348175674440804
━━━━━━━━━━━━━━━━━━━━━━━━━━━━━━━━━━━━━━━━━━━━━━━━━━━━━━━━━━━━━━━━━━━━━━━━━━━━━━━━━━━━━━━━━━━━━━━━━━━━
━━━━━━━━━━━━━━━━━━━━━━━━━━━━━━━━━━━━━━━━━━━━━━━━━━━━━━━━━━━━━━━━━━━━━━━━━━━━━━━━━━━━━━━━━━━━━━━━━━━━
      test count: 107
          rt (s): 8.9784, 8.9810, 8.9903, 8.9757, 8.9538, 8.9420, 8.9582, 8.9766, 8.9948, 8.9872, 9.0245, 8.9752, 8.9796, 8.9806, 8.9912, 8.9809, 8.9810, 8.9752, 8.9837, 8.9790, 8.9787, 8.9811, 8.9872, 8.9830, 9.0059, 9.0011, 8.9888, 8.9767, 8.9721, 8.9777, 8.9778, 8.9807, 8.9841, 8.9797, 9.0261, 8.9769, 8.9843, 8.9757, 8.9719, 8.9798, 8.9790, 8.9859, 9.0004, 8.9959, 8.9848, 8.9890, 8.9984, 8.9974, 8.9726, 8.9874, 8.9762, 8.9800, 8.9801, 8.9831, 8.9829, 8.9809, 8.9867, 8.9793, 9.0029, 8.9789, 8.9753, 8.9792, 8.9946, 9.0023, 8.9694, 8.9709, 8.9816, 8.9929, 8.9931, 8.9804, 8.9956, 8.9836, 8.9713, 8.9769, 8.9713, 8.9691, 8.9771, 8.9955, 8.9725, 8.9734, 8.9806, 8.9803, 9.0173, 8.9814, 8.9902, 9.0444, 9.0387, 9.0503, 9.0446, 9.0572, 9.0455, 9.0489, 9.0542, 9.0441, 9.0505, 9.0400, 9.0437, 9.0401, 9.0624, 9.0635, 9.0681, 9.0803, 9.0487, 9.0400, 9.0465, 9.0509, 9.0434
     mean rt (s): 8.9970
   stddev rt (s): 0.0297
       95% ci rt: 0.0057 -> [8.9913, 9.0027]
     coeff ci rt: 0.0006361048704487751
━━━━━━━━━━━━━━━━━━━━━━━━━━━━━━━━━━━━━━━━━━━━━━━━━━━━━━━━━━━━━━━━━━━━━━━━━━━━━━━━━━━━━━━━━━━━━━━━━━━━
━━━━━━━━━━━━━━━━━━━━━━━━━━━━━━━━━━━━━━━━━━━━━━━━━━━━━━━━━━━━━━━━━━━━━━━━━━━━━━━━━━━━━━━━━━━━━━━━━━━━
      test count: 108
          rt (s): 8.9784, 8.9810, 8.9903, 8.9757, 8.9538, 8.9420, 8.9582, 8.9766, 8.9948, 8.9872, 9.0245, 8.9752, 8.9796, 8.9806, 8.9912, 8.9809, 8.9810, 8.9752, 8.9837, 8.9790, 8.9787, 8.9811, 8.9872, 8.9830, 9.0059, 9.0011, 8.9888, 8.9767, 8.9721, 8.9777, 8.9778, 8.9807, 8.9841, 8.9797, 9.0261, 8.9769, 8.9843, 8.9757, 8.9719, 8.9798, 8.9790, 8.9859, 9.0004, 8.9959, 8.9848, 8.9890, 8.9984, 8.9974, 8.9726, 8.9874, 8.9762, 8.9800, 8.9801, 8.9831, 8.9829, 8.9809, 8.9867, 8.9793, 9.0029, 8.9789, 8.9753, 8.9792, 8.9946, 9.0023, 8.9694, 8.9709, 8.9816, 8.9929, 8.9931, 8.9804, 8.9956, 8.9836, 8.9713, 8.9769, 8.9713, 8.9691, 8.9771, 8.9955, 8.9725, 8.9734, 8.9806, 8.9803, 9.0173, 8.9814, 8.9902, 9.0444, 9.0387, 9.0503, 9.0446, 9.0572, 9.0455, 9.0489, 9.0542, 9.0441, 9.0505, 9.0400, 9.0437, 9.0401, 9.0624, 9.0635, 9.0681, 9.0803, 9.0487, 9.0400, 9.0465, 9.0509, 9.0434, 9.0542
     mean rt (s): 8.9976
   stddev rt (s): 0.0301
       95% ci rt: 0.0058 -> [8.9918, 9.0033]
     coeff ci rt: 0.0006407870725064802
━━━━━━━━━━━━━━━━━━━━━━━━━━━━━━━━━━━━━━━━━━━━━━━━━━━━━━━━━━━━━━━━━━━━━━━━━━━━━━━━━━━━━━━━━━━━━━━━━━━━
━━━━━━━━━━━━━━━━━━━━━━━━━━━━━━━━━━━━━━━━━━━━━━━━━━━━━━━━━━━━━━━━━━━━━━━━━━━━━━━━━━━━━━━━━━━━━━━━━━━━
      test count: 109
          rt (s): 8.9784, 8.9810, 8.9903, 8.9757, 8.9538, 8.9420, 8.9582, 8.9766, 8.9948, 8.9872, 9.0245, 8.9752, 8.9796, 8.9806, 8.9912, 8.9809, 8.9810, 8.9752, 8.9837, 8.9790, 8.9787, 8.9811, 8.9872, 8.9830, 9.0059, 9.0011, 8.9888, 8.9767, 8.9721, 8.9777, 8.9778, 8.9807, 8.9841, 8.9797, 9.0261, 8.9769, 8.9843, 8.9757, 8.9719, 8.9798, 8.9790, 8.9859, 9.0004, 8.9959, 8.9848, 8.9890, 8.9984, 8.9974, 8.9726, 8.9874, 8.9762, 8.9800, 8.9801, 8.9831, 8.9829, 8.9809, 8.9867, 8.9793, 9.0029, 8.9789, 8.9753, 8.9792, 8.9946, 9.0023, 8.9694, 8.9709, 8.9816, 8.9929, 8.9931, 8.9804, 8.9956, 8.9836, 8.9713, 8.9769, 8.9713, 8.9691, 8.9771, 8.9955, 8.9725, 8.9734, 8.9806, 8.9803, 9.0173, 8.9814, 8.9902, 9.0444, 9.0387, 9.0503, 9.0446, 9.0572, 9.0455, 9.0489, 9.0542, 9.0441, 9.0505, 9.0400, 9.0437, 9.0401, 9.0624, 9.0635, 9.0681, 9.0803, 9.0487, 9.0400, 9.0465, 9.0509, 9.0434, 9.0542, 9.0489
     mean rt (s): 8.9980
   stddev rt (s): 0.0303
       95% ci rt: 0.0058 -> [8.9922, 9.0038]
     coeff ci rt: 0.0006432061363098887
━━━━━━━━━━━━━━━━━━━━━━━━━━━━━━━━━━━━━━━━━━━━━━━━━━━━━━━━━━━━━━━━━━━━━━━━━━━━━━━━━━━━━━━━━━━━━━━━━━━━
━━━━━━━━━━━━━━━━━━━━━━━━━━━━━━━━━━━━━━━━━━━━━━━━━━━━━━━━━━━━━━━━━━━━━━━━━━━━━━━━━━━━━━━━━━━━━━━━━━━━
      test count: 110
          rt (s): 8.9784, 8.9810, 8.9903, 8.9757, 8.9538, 8.9420, 8.9582, 8.9766, 8.9948, 8.9872, 9.0245, 8.9752, 8.9796, 8.9806, 8.9912, 8.9809, 8.9810, 8.9752, 8.9837, 8.9790, 8.9787, 8.9811, 8.9872, 8.9830, 9.0059, 9.0011, 8.9888, 8.9767, 8.9721, 8.9777, 8.9778, 8.9807, 8.9841, 8.9797, 9.0261, 8.9769, 8.9843, 8.9757, 8.9719, 8.9798, 8.9790, 8.9859, 9.0004, 8.9959, 8.9848, 8.9890, 8.9984, 8.9974, 8.9726, 8.9874, 8.9762, 8.9800, 8.9801, 8.9831, 8.9829, 8.9809, 8.9867, 8.9793, 9.0029, 8.9789, 8.9753, 8.9792, 8.9946, 9.0023, 8.9694, 8.9709, 8.9816, 8.9929, 8.9931, 8.9804, 8.9956, 8.9836, 8.9713, 8.9769, 8.9713, 8.9691, 8.9771, 8.9955, 8.9725, 8.9734, 8.9806, 8.9803, 9.0173, 8.9814, 8.9902, 9.0444, 9.0387, 9.0503, 9.0446, 9.0572, 9.0455, 9.0489, 9.0542, 9.0441, 9.0505, 9.0400, 9.0437, 9.0401, 9.0624, 9.0635, 9.0681, 9.0803, 9.0487, 9.0400, 9.0465, 9.0509, 9.0434, 9.0542, 9.0489, 9.0269
     mean rt (s): 8.9983
   stddev rt (s): 0.0303
       95% ci rt: 0.0058 -> [8.9925, 9.0040]
     coeff ci rt: 0.000639864468475776
━━━━━━━━━━━━━━━━━━━━━━━━━━━━━━━━━━━━━━━━━━━━━━━━━━━━━━━━━━━━━━━━━━━━━━━━━━━━━━━━━━━━━━━━━━━━━━━━━━━━
━━━━━━━━━━━━━━━━━━━━━━━━━━━━━━━━━━━━━━━━━━━━━━━━━━━━━━━━━━━━━━━━━━━━━━━━━━━━━━━━━━━━━━━━━━━━━━━━━━━━
      test count: 111
          rt (s): 8.9784, 8.9810, 8.9903, 8.9757, 8.9538, 8.9420, 8.9582, 8.9766, 8.9948, 8.9872, 9.0245, 8.9752, 8.9796, 8.9806, 8.9912, 8.9809, 8.9810, 8.9752, 8.9837, 8.9790, 8.9787, 8.9811, 8.9872, 8.9830, 9.0059, 9.0011, 8.9888, 8.9767, 8.9721, 8.9777, 8.9778, 8.9807, 8.9841, 8.9797, 9.0261, 8.9769, 8.9843, 8.9757, 8.9719, 8.9798, 8.9790, 8.9859, 9.0004, 8.9959, 8.9848, 8.9890, 8.9984, 8.9974, 8.9726, 8.9874, 8.9762, 8.9800, 8.9801, 8.9831, 8.9829, 8.9809, 8.9867, 8.9793, 9.0029, 8.9789, 8.9753, 8.9792, 8.9946, 9.0023, 8.9694, 8.9709, 8.9816, 8.9929, 8.9931, 8.9804, 8.9956, 8.9836, 8.9713, 8.9769, 8.9713, 8.9691, 8.9771, 8.9955, 8.9725, 8.9734, 8.9806, 8.9803, 9.0173, 8.9814, 8.9902, 9.0444, 9.0387, 9.0503, 9.0446, 9.0572, 9.0455, 9.0489, 9.0542, 9.0441, 9.0505, 9.0400, 9.0437, 9.0401, 9.0624, 9.0635, 9.0681, 9.0803, 9.0487, 9.0400, 9.0465, 9.0509, 9.0434, 9.0542, 9.0489, 9.0269, 9.0583
     mean rt (s): 8.9988
   stddev rt (s): 0.0307
       95% ci rt: 0.0058 -> [8.9930, 9.0046]
     coeff ci rt: 0.000645054205108752
━━━━━━━━━━━━━━━━━━━━━━━━━━━━━━━━━━━━━━━━━━━━━━━━━━━━━━━━━━━━━━━━━━━━━━━━━━━━━━━━━━━━━━━━━━━━━━━━━━━━
━━━━━━━━━━━━━━━━━━━━━━━━━━━━━━━━━━━━━━━━━━━━━━━━━━━━━━━━━━━━━━━━━━━━━━━━━━━━━━━━━━━━━━━━━━━━━━━━━━━━
      test count: 112
          rt (s): 8.9784, 8.9810, 8.9903, 8.9757, 8.9538, 8.9420, 8.9582, 8.9766, 8.9948, 8.9872, 9.0245, 8.9752, 8.9796, 8.9806, 8.9912, 8.9809, 8.9810, 8.9752, 8.9837, 8.9790, 8.9787, 8.9811, 8.9872, 8.9830, 9.0059, 9.0011, 8.9888, 8.9767, 8.9721, 8.9777, 8.9778, 8.9807, 8.9841, 8.9797, 9.0261, 8.9769, 8.9843, 8.9757, 8.9719, 8.9798, 8.9790, 8.9859, 9.0004, 8.9959, 8.9848, 8.9890, 8.9984, 8.9974, 8.9726, 8.9874, 8.9762, 8.9800, 8.9801, 8.9831, 8.9829, 8.9809, 8.9867, 8.9793, 9.0029, 8.9789, 8.9753, 8.9792, 8.9946, 9.0023, 8.9694, 8.9709, 8.9816, 8.9929, 8.9931, 8.9804, 8.9956, 8.9836, 8.9713, 8.9769, 8.9713, 8.9691, 8.9771, 8.9955, 8.9725, 8.9734, 8.9806, 8.9803, 9.0173, 8.9814, 8.9902, 9.0444, 9.0387, 9.0503, 9.0446, 9.0572, 9.0455, 9.0489, 9.0542, 9.0441, 9.0505, 9.0400, 9.0437, 9.0401, 9.0624, 9.0635, 9.0681, 9.0803, 9.0487, 9.0400, 9.0465, 9.0509, 9.0434, 9.0542, 9.0489, 9.0269, 9.0583, 9.0472
     mean rt (s): 8.9993
   stddev rt (s): 0.0309
       95% ci rt: 0.0058 -> [8.9934, 9.0051]
     coeff ci rt: 0.0006462095832940783
━━━━━━━━━━━━━━━━━━━━━━━━━━━━━━━━━━━━━━━━━━━━━━━━━━━━━━━━━━━━━━━━━━━━━━━━━━━━━━━━━━━━━━━━━━━━━━━━━━━━
━━━━━━━━━━━━━━━━━━━━━━━━━━━━━━━━━━━━━━━━━━━━━━━━━━━━━━━━━━━━━━━━━━━━━━━━━━━━━━━━━━━━━━━━━━━━━━━━━━━━
      test count: 113
          rt (s): 8.9784, 8.9810, 8.9903, 8.9757, 8.9538, 8.9420, 8.9582, 8.9766, 8.9948, 8.9872, 9.0245, 8.9752, 8.9796, 8.9806, 8.9912, 8.9809, 8.9810, 8.9752, 8.9837, 8.9790, 8.9787, 8.9811, 8.9872, 8.9830, 9.0059, 9.0011, 8.9888, 8.9767, 8.9721, 8.9777, 8.9778, 8.9807, 8.9841, 8.9797, 9.0261, 8.9769, 8.9843, 8.9757, 8.9719, 8.9798, 8.9790, 8.9859, 9.0004, 8.9959, 8.9848, 8.9890, 8.9984, 8.9974, 8.9726, 8.9874, 8.9762, 8.9800, 8.9801, 8.9831, 8.9829, 8.9809, 8.9867, 8.9793, 9.0029, 8.9789, 8.9753, 8.9792, 8.9946, 9.0023, 8.9694, 8.9709, 8.9816, 8.9929, 8.9931, 8.9804, 8.9956, 8.9836, 8.9713, 8.9769, 8.9713, 8.9691, 8.9771, 8.9955, 8.9725, 8.9734, 8.9806, 8.9803, 9.0173, 8.9814, 8.9902, 9.0444, 9.0387, 9.0503, 9.0446, 9.0572, 9.0455, 9.0489, 9.0542, 9.0441, 9.0505, 9.0400, 9.0437, 9.0401, 9.0624, 9.0635, 9.0681, 9.0803, 9.0487, 9.0400, 9.0465, 9.0509, 9.0434, 9.0542, 9.0489, 9.0269, 9.0583, 9.0472, 9.0467
     mean rt (s): 8.9997
   stddev rt (s): 0.0311
       95% ci rt: 0.0058 -> [8.9939, 9.0055]
     coeff ci rt: 0.0006470080060140188
━━━━━━━━━━━━━━━━━━━━━━━━━━━━━━━━━━━━━━━━━━━━━━━━━━━━━━━━━━━━━━━━━━━━━━━━━━━━━━━━━━━━━━━━━━━━━━━━━━━━
━━━━━━━━━━━━━━━━━━━━━━━━━━━━━━━━━━━━━━━━━━━━━━━━━━━━━━━━━━━━━━━━━━━━━━━━━━━━━━━━━━━━━━━━━━━━━━━━━━━━
      test count: 114
          rt (s): 8.9784, 8.9810, 8.9903, 8.9757, 8.9538, 8.9420, 8.9582, 8.9766, 8.9948, 8.9872, 9.0245, 8.9752, 8.9796, 8.9806, 8.9912, 8.9809, 8.9810, 8.9752, 8.9837, 8.9790, 8.9787, 8.9811, 8.9872, 8.9830, 9.0059, 9.0011, 8.9888, 8.9767, 8.9721, 8.9777, 8.9778, 8.9807, 8.9841, 8.9797, 9.0261, 8.9769, 8.9843, 8.9757, 8.9719, 8.9798, 8.9790, 8.9859, 9.0004, 8.9959, 8.9848, 8.9890, 8.9984, 8.9974, 8.9726, 8.9874, 8.9762, 8.9800, 8.9801, 8.9831, 8.9829, 8.9809, 8.9867, 8.9793, 9.0029, 8.9789, 8.9753, 8.9792, 8.9946, 9.0023, 8.9694, 8.9709, 8.9816, 8.9929, 8.9931, 8.9804, 8.9956, 8.9836, 8.9713, 8.9769, 8.9713, 8.9691, 8.9771, 8.9955, 8.9725, 8.9734, 8.9806, 8.9803, 9.0173, 8.9814, 8.9902, 9.0444, 9.0387, 9.0503, 9.0446, 9.0572, 9.0455, 9.0489, 9.0542, 9.0441, 9.0505, 9.0400, 9.0437, 9.0401, 9.0624, 9.0635, 9.0681, 9.0803, 9.0487, 9.0400, 9.0465, 9.0509, 9.0434, 9.0542, 9.0489, 9.0269, 9.0583, 9.0472, 9.0467, 9.0443
     mean rt (s): 9.0001
   stddev rt (s): 0.0312
       95% ci rt: 0.0058 -> [8.9942, 9.0059]
     coeff ci rt: 0.0006469798239947645
━━━━━━━━━━━━━━━━━━━━━━━━━━━━━━━━━━━━━━━━━━━━━━━━━━━━━━━━━━━━━━━━━━━━━━━━━━━━━━━━━━━━━━━━━━━━━━━━━━━━
━━━━━━━━━━━━━━━━━━━━━━━━━━━━━━━━━━━━━━━━━━━━━━━━━━━━━━━━━━━━━━━━━━━━━━━━━━━━━━━━━━━━━━━━━━━━━━━━━━━━
      test count: 115
          rt (s): 8.9784, 8.9810, 8.9903, 8.9757, 8.9538, 8.9420, 8.9582, 8.9766, 8.9948, 8.9872, 9.0245, 8.9752, 8.9796, 8.9806, 8.9912, 8.9809, 8.9810, 8.9752, 8.9837, 8.9790, 8.9787, 8.9811, 8.9872, 8.9830, 9.0059, 9.0011, 8.9888, 8.9767, 8.9721, 8.9777, 8.9778, 8.9807, 8.9841, 8.9797, 9.0261, 8.9769, 8.9843, 8.9757, 8.9719, 8.9798, 8.9790, 8.9859, 9.0004, 8.9959, 8.9848, 8.9890, 8.9984, 8.9974, 8.9726, 8.9874, 8.9762, 8.9800, 8.9801, 8.9831, 8.9829, 8.9809, 8.9867, 8.9793, 9.0029, 8.9789, 8.9753, 8.9792, 8.9946, 9.0023, 8.9694, 8.9709, 8.9816, 8.9929, 8.9931, 8.9804, 8.9956, 8.9836, 8.9713, 8.9769, 8.9713, 8.9691, 8.9771, 8.9955, 8.9725, 8.9734, 8.9806, 8.9803, 9.0173, 8.9814, 8.9902, 9.0444, 9.0387, 9.0503, 9.0446, 9.0572, 9.0455, 9.0489, 9.0542, 9.0441, 9.0505, 9.0400, 9.0437, 9.0401, 9.0624, 9.0635, 9.0681, 9.0803, 9.0487, 9.0400, 9.0465, 9.0509, 9.0434, 9.0542, 9.0489, 9.0269, 9.0583, 9.0472, 9.0467, 9.0443, 9.0466
     mean rt (s): 9.0005
   stddev rt (s): 0.0314
       95% ci rt: 0.0058 -> [8.9947, 9.0063]
     coeff ci rt: 0.0006473930504416741
━━━━━━━━━━━━━━━━━━━━━━━━━━━━━━━━━━━━━━━━━━━━━━━━━━━━━━━━━━━━━━━━━━━━━━━━━━━━━━━━━━━━━━━━━━━━━━━━━━━━
━━━━━━━━━━━━━━━━━━━━━━━━━━━━━━━━━━━━━━━━━━━━━━━━━━━━━━━━━━━━━━━━━━━━━━━━━━━━━━━━━━━━━━━━━━━━━━━━━━━━
      test count: 116
          rt (s): 8.9784, 8.9810, 8.9903, 8.9757, 8.9538, 8.9420, 8.9582, 8.9766, 8.9948, 8.9872, 9.0245, 8.9752, 8.9796, 8.9806, 8.9912, 8.9809, 8.9810, 8.9752, 8.9837, 8.9790, 8.9787, 8.9811, 8.9872, 8.9830, 9.0059, 9.0011, 8.9888, 8.9767, 8.9721, 8.9777, 8.9778, 8.9807, 8.9841, 8.9797, 9.0261, 8.9769, 8.9843, 8.9757, 8.9719, 8.9798, 8.9790, 8.9859, 9.0004, 8.9959, 8.9848, 8.9890, 8.9984, 8.9974, 8.9726, 8.9874, 8.9762, 8.9800, 8.9801, 8.9831, 8.9829, 8.9809, 8.9867, 8.9793, 9.0029, 8.9789, 8.9753, 8.9792, 8.9946, 9.0023, 8.9694, 8.9709, 8.9816, 8.9929, 8.9931, 8.9804, 8.9956, 8.9836, 8.9713, 8.9769, 8.9713, 8.9691, 8.9771, 8.9955, 8.9725, 8.9734, 8.9806, 8.9803, 9.0173, 8.9814, 8.9902, 9.0444, 9.0387, 9.0503, 9.0446, 9.0572, 9.0455, 9.0489, 9.0542, 9.0441, 9.0505, 9.0400, 9.0437, 9.0401, 9.0624, 9.0635, 9.0681, 9.0803, 9.0487, 9.0400, 9.0465, 9.0509, 9.0434, 9.0542, 9.0489, 9.0269, 9.0583, 9.0472, 9.0467, 9.0443, 9.0466, 9.0473
     mean rt (s): 9.0009
   stddev rt (s): 0.0316
       95% ci rt: 0.0058 -> [8.9951, 9.0067]
     coeff ci rt: 0.0006478182054669978
━━━━━━━━━━━━━━━━━━━━━━━━━━━━━━━━━━━━━━━━━━━━━━━━━━━━━━━━━━━━━━━━━━━━━━━━━━━━━━━━━━━━━━━━━━━━━━━━━━━━
━━━━━━━━━━━━━━━━━━━━━━━━━━━━━━━━━━━━━━━━━━━━━━━━━━━━━━━━━━━━━━━━━━━━━━━━━━━━━━━━━━━━━━━━━━━━━━━━━━━━
      test count: 117
          rt (s): 8.9784, 8.9810, 8.9903, 8.9757, 8.9538, 8.9420, 8.9582, 8.9766, 8.9948, 8.9872, 9.0245, 8.9752, 8.9796, 8.9806, 8.9912, 8.9809, 8.9810, 8.9752, 8.9837, 8.9790, 8.9787, 8.9811, 8.9872, 8.9830, 9.0059, 9.0011, 8.9888, 8.9767, 8.9721, 8.9777, 8.9778, 8.9807, 8.9841, 8.9797, 9.0261, 8.9769, 8.9843, 8.9757, 8.9719, 8.9798, 8.9790, 8.9859, 9.0004, 8.9959, 8.9848, 8.9890, 8.9984, 8.9974, 8.9726, 8.9874, 8.9762, 8.9800, 8.9801, 8.9831, 8.9829, 8.9809, 8.9867, 8.9793, 9.0029, 8.9789, 8.9753, 8.9792, 8.9946, 9.0023, 8.9694, 8.9709, 8.9816, 8.9929, 8.9931, 8.9804, 8.9956, 8.9836, 8.9713, 8.9769, 8.9713, 8.9691, 8.9771, 8.9955, 8.9725, 8.9734, 8.9806, 8.9803, 9.0173, 8.9814, 8.9902, 9.0444, 9.0387, 9.0503, 9.0446, 9.0572, 9.0455, 9.0489, 9.0542, 9.0441, 9.0505, 9.0400, 9.0437, 9.0401, 9.0624, 9.0635, 9.0681, 9.0803, 9.0487, 9.0400, 9.0465, 9.0509, 9.0434, 9.0542, 9.0489, 9.0269, 9.0583, 9.0472, 9.0467, 9.0443, 9.0466, 9.0473, 9.0404
     mean rt (s): 9.0012
   stddev rt (s): 0.0316
       95% ci rt: 0.0058 -> [8.9954, 9.0070]
     coeff ci rt: 0.0006464610576405362
━━━━━━━━━━━━━━━━━━━━━━━━━━━━━━━━━━━━━━━━━━━━━━━━━━━━━━━━━━━━━━━━━━━━━━━━━━━━━━━━━━━━━━━━━━━━━━━━━━━━
━━━━━━━━━━━━━━━━━━━━━━━━━━━━━━━━━━━━━━━━━━━━━━━━━━━━━━━━━━━━━━━━━━━━━━━━━━━━━━━━━━━━━━━━━━━━━━━━━━━━
      test count: 118
          rt (s): 8.9784, 8.9810, 8.9903, 8.9757, 8.9538, 8.9420, 8.9582, 8.9766, 8.9948, 8.9872, 9.0245, 8.9752, 8.9796, 8.9806, 8.9912, 8.9809, 8.9810, 8.9752, 8.9837, 8.9790, 8.9787, 8.9811, 8.9872, 8.9830, 9.0059, 9.0011, 8.9888, 8.9767, 8.9721, 8.9777, 8.9778, 8.9807, 8.9841, 8.9797, 9.0261, 8.9769, 8.9843, 8.9757, 8.9719, 8.9798, 8.9790, 8.9859, 9.0004, 8.9959, 8.9848, 8.9890, 8.9984, 8.9974, 8.9726, 8.9874, 8.9762, 8.9800, 8.9801, 8.9831, 8.9829, 8.9809, 8.9867, 8.9793, 9.0029, 8.9789, 8.9753, 8.9792, 8.9946, 9.0023, 8.9694, 8.9709, 8.9816, 8.9929, 8.9931, 8.9804, 8.9956, 8.9836, 8.9713, 8.9769, 8.9713, 8.9691, 8.9771, 8.9955, 8.9725, 8.9734, 8.9806, 8.9803, 9.0173, 8.9814, 8.9902, 9.0444, 9.0387, 9.0503, 9.0446, 9.0572, 9.0455, 9.0489, 9.0542, 9.0441, 9.0505, 9.0400, 9.0437, 9.0401, 9.0624, 9.0635, 9.0681, 9.0803, 9.0487, 9.0400, 9.0465, 9.0509, 9.0434, 9.0542, 9.0489, 9.0269, 9.0583, 9.0472, 9.0467, 9.0443, 9.0466, 9.0473, 9.0404, 9.0528
     mean rt (s): 9.0017
   stddev rt (s): 0.0319
       95% ci rt: 0.0058 -> [8.9958, 9.0075]
     coeff ci rt: 0.0006480461969849581
━━━━━━━━━━━━━━━━━━━━━━━━━━━━━━━━━━━━━━━━━━━━━━━━━━━━━━━━━━━━━━━━━━━━━━━━━━━━━━━━━━━━━━━━━━━━━━━━━━━━
━━━━━━━━━━━━━━━━━━━━━━━━━━━━━━━━━━━━━━━━━━━━━━━━━━━━━━━━━━━━━━━━━━━━━━━━━━━━━━━━━━━━━━━━━━━━━━━━━━━━
      test count: 119
          rt (s): 8.9784, 8.9810, 8.9903, 8.9757, 8.9538, 8.9420, 8.9582, 8.9766, 8.9948, 8.9872, 9.0245, 8.9752, 8.9796, 8.9806, 8.9912, 8.9809, 8.9810, 8.9752, 8.9837, 8.9790, 8.9787, 8.9811, 8.9872, 8.9830, 9.0059, 9.0011, 8.9888, 8.9767, 8.9721, 8.9777, 8.9778, 8.9807, 8.9841, 8.9797, 9.0261, 8.9769, 8.9843, 8.9757, 8.9719, 8.9798, 8.9790, 8.9859, 9.0004, 8.9959, 8.9848, 8.9890, 8.9984, 8.9974, 8.9726, 8.9874, 8.9762, 8.9800, 8.9801, 8.9831, 8.9829, 8.9809, 8.9867, 8.9793, 9.0029, 8.9789, 8.9753, 8.9792, 8.9946, 9.0023, 8.9694, 8.9709, 8.9816, 8.9929, 8.9931, 8.9804, 8.9956, 8.9836, 8.9713, 8.9769, 8.9713, 8.9691, 8.9771, 8.9955, 8.9725, 8.9734, 8.9806, 8.9803, 9.0173, 8.9814, 8.9902, 9.0444, 9.0387, 9.0503, 9.0446, 9.0572, 9.0455, 9.0489, 9.0542, 9.0441, 9.0505, 9.0400, 9.0437, 9.0401, 9.0624, 9.0635, 9.0681, 9.0803, 9.0487, 9.0400, 9.0465, 9.0509, 9.0434, 9.0542, 9.0489, 9.0269, 9.0583, 9.0472, 9.0467, 9.0443, 9.0466, 9.0473, 9.0404, 9.0528, 9.0501
     mean rt (s): 9.0021
   stddev rt (s): 0.0320
       95% ci rt: 0.0058 -> [8.9962, 9.0079]
     coeff ci rt: 0.0006487024050981851
━━━━━━━━━━━━━━━━━━━━━━━━━━━━━━━━━━━━━━━━━━━━━━━━━━━━━━━━━━━━━━━━━━━━━━━━━━━━━━━━━━━━━━━━━━━━━━━━━━━━
━━━━━━━━━━━━━━━━━━━━━━━━━━━━━━━━━━━━━━━━━━━━━━━━━━━━━━━━━━━━━━━━━━━━━━━━━━━━━━━━━━━━━━━━━━━━━━━━━━━━
      test count: 120
          rt (s): 8.9784, 8.9810, 8.9903, 8.9757, 8.9538, 8.9420, 8.9582, 8.9766, 8.9948, 8.9872, 9.0245, 8.9752, 8.9796, 8.9806, 8.9912, 8.9809, 8.9810, 8.9752, 8.9837, 8.9790, 8.9787, 8.9811, 8.9872, 8.9830, 9.0059, 9.0011, 8.9888, 8.9767, 8.9721, 8.9777, 8.9778, 8.9807, 8.9841, 8.9797, 9.0261, 8.9769, 8.9843, 8.9757, 8.9719, 8.9798, 8.9790, 8.9859, 9.0004, 8.9959, 8.9848, 8.9890, 8.9984, 8.9974, 8.9726, 8.9874, 8.9762, 8.9800, 8.9801, 8.9831, 8.9829, 8.9809, 8.9867, 8.9793, 9.0029, 8.9789, 8.9753, 8.9792, 8.9946, 9.0023, 8.9694, 8.9709, 8.9816, 8.9929, 8.9931, 8.9804, 8.9956, 8.9836, 8.9713, 8.9769, 8.9713, 8.9691, 8.9771, 8.9955, 8.9725, 8.9734, 8.9806, 8.9803, 9.0173, 8.9814, 8.9902, 9.0444, 9.0387, 9.0503, 9.0446, 9.0572, 9.0455, 9.0489, 9.0542, 9.0441, 9.0505, 9.0400, 9.0437, 9.0401, 9.0624, 9.0635, 9.0681, 9.0803, 9.0487, 9.0400, 9.0465, 9.0509, 9.0434, 9.0542, 9.0489, 9.0269, 9.0583, 9.0472, 9.0467, 9.0443, 9.0466, 9.0473, 9.0404, 9.0528, 9.0501, 9.0475
     mean rt (s): 9.0024
   stddev rt (s): 0.0322
       95% ci rt: 0.0058 -> [8.9966, 9.0083]
     coeff ci rt: 0.000648560255814234
━━━━━━━━━━━━━━━━━━━━━━━━━━━━━━━━━━━━━━━━━━━━━━━━━━━━━━━━━━━━━━━━━━━━━━━━━━━━━━━━━━━━━━━━━━━━━━━━━━━━
━━━━━━━━━━━━━━━━━━━━━━━━━━━━━━━━━━━━━━━━━━━━━━━━━━━━━━━━━━━━━━━━━━━━━━━━━━━━━━━━━━━━━━━━━━━━━━━━━━━━
      test count: 121
          rt (s): 8.9784, 8.9810, 8.9903, 8.9757, 8.9538, 8.9420, 8.9582, 8.9766, 8.9948, 8.9872, 9.0245, 8.9752, 8.9796, 8.9806, 8.9912, 8.9809, 8.9810, 8.9752, 8.9837, 8.9790, 8.9787, 8.9811, 8.9872, 8.9830, 9.0059, 9.0011, 8.9888, 8.9767, 8.9721, 8.9777, 8.9778, 8.9807, 8.9841, 8.9797, 9.0261, 8.9769, 8.9843, 8.9757, 8.9719, 8.9798, 8.9790, 8.9859, 9.0004, 8.9959, 8.9848, 8.9890, 8.9984, 8.9974, 8.9726, 8.9874, 8.9762, 8.9800, 8.9801, 8.9831, 8.9829, 8.9809, 8.9867, 8.9793, 9.0029, 8.9789, 8.9753, 8.9792, 8.9946, 9.0023, 8.9694, 8.9709, 8.9816, 8.9929, 8.9931, 8.9804, 8.9956, 8.9836, 8.9713, 8.9769, 8.9713, 8.9691, 8.9771, 8.9955, 8.9725, 8.9734, 8.9806, 8.9803, 9.0173, 8.9814, 8.9902, 9.0444, 9.0387, 9.0503, 9.0446, 9.0572, 9.0455, 9.0489, 9.0542, 9.0441, 9.0505, 9.0400, 9.0437, 9.0401, 9.0624, 9.0635, 9.0681, 9.0803, 9.0487, 9.0400, 9.0465, 9.0509, 9.0434, 9.0542, 9.0489, 9.0269, 9.0583, 9.0472, 9.0467, 9.0443, 9.0466, 9.0473, 9.0404, 9.0528, 9.0501, 9.0475, 9.0268
     mean rt (s): 9.0026
   stddev rt (s): 0.0321
       95% ci rt: 0.0058 -> [8.9968, 9.0084]
     coeff ci rt: 0.0006446306371825659
━━━━━━━━━━━━━━━━━━━━━━━━━━━━━━━━━━━━━━━━━━━━━━━━━━━━━━━━━━━━━━━━━━━━━━━━━━━━━━━━━━━━━━━━━━━━━━━━━━━━
━━━━━━━━━━━━━━━━━━━━━━━━━━━━━━━━━━━━━━━━━━━━━━━━━━━━━━━━━━━━━━━━━━━━━━━━━━━━━━━━━━━━━━━━━━━━━━━━━━━━
      test count: 122
          rt (s): 8.9784, 8.9810, 8.9903, 8.9757, 8.9538, 8.9420, 8.9582, 8.9766, 8.9948, 8.9872, 9.0245, 8.9752, 8.9796, 8.9806, 8.9912, 8.9809, 8.9810, 8.9752, 8.9837, 8.9790, 8.9787, 8.9811, 8.9872, 8.9830, 9.0059, 9.0011, 8.9888, 8.9767, 8.9721, 8.9777, 8.9778, 8.9807, 8.9841, 8.9797, 9.0261, 8.9769, 8.9843, 8.9757, 8.9719, 8.9798, 8.9790, 8.9859, 9.0004, 8.9959, 8.9848, 8.9890, 8.9984, 8.9974, 8.9726, 8.9874, 8.9762, 8.9800, 8.9801, 8.9831, 8.9829, 8.9809, 8.9867, 8.9793, 9.0029, 8.9789, 8.9753, 8.9792, 8.9946, 9.0023, 8.9694, 8.9709, 8.9816, 8.9929, 8.9931, 8.9804, 8.9956, 8.9836, 8.9713, 8.9769, 8.9713, 8.9691, 8.9771, 8.9955, 8.9725, 8.9734, 8.9806, 8.9803, 9.0173, 8.9814, 8.9902, 9.0444, 9.0387, 9.0503, 9.0446, 9.0572, 9.0455, 9.0489, 9.0542, 9.0441, 9.0505, 9.0400, 9.0437, 9.0401, 9.0624, 9.0635, 9.0681, 9.0803, 9.0487, 9.0400, 9.0465, 9.0509, 9.0434, 9.0542, 9.0489, 9.0269, 9.0583, 9.0472, 9.0467, 9.0443, 9.0466, 9.0473, 9.0404, 9.0528, 9.0501, 9.0475, 9.0268, 9.0511
     mean rt (s): 9.0030
   stddev rt (s): 0.0323
       95% ci rt: 0.0058 -> [8.9972, 9.0088]
     coeff ci rt: 0.000645182207327547
━━━━━━━━━━━━━━━━━━━━━━━━━━━━━━━━━━━━━━━━━━━━━━━━━━━━━━━━━━━━━━━━━━━━━━━━━━━━━━━━━━━━━━━━━━━━━━━━━━━━
━━━━━━━━━━━━━━━━━━━━━━━━━━━━━━━━━━━━━━━━━━━━━━━━━━━━━━━━━━━━━━━━━━━━━━━━━━━━━━━━━━━━━━━━━━━━━━━━━━━━
      test count: 123
          rt (s): 8.9784, 8.9810, 8.9903, 8.9757, 8.9538, 8.9420, 8.9582, 8.9766, 8.9948, 8.9872, 9.0245, 8.9752, 8.9796, 8.9806, 8.9912, 8.9809, 8.9810, 8.9752, 8.9837, 8.9790, 8.9787, 8.9811, 8.9872, 8.9830, 9.0059, 9.0011, 8.9888, 8.9767, 8.9721, 8.9777, 8.9778, 8.9807, 8.9841, 8.9797, 9.0261, 8.9769, 8.9843, 8.9757, 8.9719, 8.9798, 8.9790, 8.9859, 9.0004, 8.9959, 8.9848, 8.9890, 8.9984, 8.9974, 8.9726, 8.9874, 8.9762, 8.9800, 8.9801, 8.9831, 8.9829, 8.9809, 8.9867, 8.9793, 9.0029, 8.9789, 8.9753, 8.9792, 8.9946, 9.0023, 8.9694, 8.9709, 8.9816, 8.9929, 8.9931, 8.9804, 8.9956, 8.9836, 8.9713, 8.9769, 8.9713, 8.9691, 8.9771, 8.9955, 8.9725, 8.9734, 8.9806, 8.9803, 9.0173, 8.9814, 8.9902, 9.0444, 9.0387, 9.0503, 9.0446, 9.0572, 9.0455, 9.0489, 9.0542, 9.0441, 9.0505, 9.0400, 9.0437, 9.0401, 9.0624, 9.0635, 9.0681, 9.0803, 9.0487, 9.0400, 9.0465, 9.0509, 9.0434, 9.0542, 9.0489, 9.0269, 9.0583, 9.0472, 9.0467, 9.0443, 9.0466, 9.0473, 9.0404, 9.0528, 9.0501, 9.0475, 9.0268, 9.0511, 9.0502
     mean rt (s): 9.0034
   stddev rt (s): 0.0324
       95% ci rt: 0.0058 -> [8.9976, 9.0092]
     coeff ci rt: 0.0006453648249011525
━━━━━━━━━━━━━━━━━━━━━━━━━━━━━━━━━━━━━━━━━━━━━━━━━━━━━━━━━━━━━━━━━━━━━━━━━━━━━━━━━━━━━━━━━━━━━━━━━━━━
━━━━━━━━━━━━━━━━━━━━━━━━━━━━━━━━━━━━━━━━━━━━━━━━━━━━━━━━━━━━━━━━━━━━━━━━━━━━━━━━━━━━━━━━━━━━━━━━━━━━
      test count: 124
          rt (s): 8.9784, 8.9810, 8.9903, 8.9757, 8.9538, 8.9420, 8.9582, 8.9766, 8.9948, 8.9872, 9.0245, 8.9752, 8.9796, 8.9806, 8.9912, 8.9809, 8.9810, 8.9752, 8.9837, 8.9790, 8.9787, 8.9811, 8.9872, 8.9830, 9.0059, 9.0011, 8.9888, 8.9767, 8.9721, 8.9777, 8.9778, 8.9807, 8.9841, 8.9797, 9.0261, 8.9769, 8.9843, 8.9757, 8.9719, 8.9798, 8.9790, 8.9859, 9.0004, 8.9959, 8.9848, 8.9890, 8.9984, 8.9974, 8.9726, 8.9874, 8.9762, 8.9800, 8.9801, 8.9831, 8.9829, 8.9809, 8.9867, 8.9793, 9.0029, 8.9789, 8.9753, 8.9792, 8.9946, 9.0023, 8.9694, 8.9709, 8.9816, 8.9929, 8.9931, 8.9804, 8.9956, 8.9836, 8.9713, 8.9769, 8.9713, 8.9691, 8.9771, 8.9955, 8.9725, 8.9734, 8.9806, 8.9803, 9.0173, 8.9814, 8.9902, 9.0444, 9.0387, 9.0503, 9.0446, 9.0572, 9.0455, 9.0489, 9.0542, 9.0441, 9.0505, 9.0400, 9.0437, 9.0401, 9.0624, 9.0635, 9.0681, 9.0803, 9.0487, 9.0400, 9.0465, 9.0509, 9.0434, 9.0542, 9.0489, 9.0269, 9.0583, 9.0472, 9.0467, 9.0443, 9.0466, 9.0473, 9.0404, 9.0528, 9.0501, 9.0475, 9.0268, 9.0511, 9.0502, 9.0718
     mean rt (s): 9.0040
   stddev rt (s): 0.0329
       95% ci rt: 0.0059 -> [8.9981, 9.0098]
     coeff ci rt: 0.0006514266570687216
━━━━━━━━━━━━━━━━━━━━━━━━━━━━━━━━━━━━━━━━━━━━━━━━━━━━━━━━━━━━━━━━━━━━━━━━━━━━━━━━━━━━━━━━━━━━━━━━━━━━
━━━━━━━━━━━━━━━━━━━━━━━━━━━━━━━━━━━━━━━━━━━━━━━━━━━━━━━━━━━━━━━━━━━━━━━━━━━━━━━━━━━━━━━━━━━━━━━━━━━━
      test count: 125
          rt (s): 8.9784, 8.9810, 8.9903, 8.9757, 8.9538, 8.9420, 8.9582, 8.9766, 8.9948, 8.9872, 9.0245, 8.9752, 8.9796, 8.9806, 8.9912, 8.9809, 8.9810, 8.9752, 8.9837, 8.9790, 8.9787, 8.9811, 8.9872, 8.9830, 9.0059, 9.0011, 8.9888, 8.9767, 8.9721, 8.9777, 8.9778, 8.9807, 8.9841, 8.9797, 9.0261, 8.9769, 8.9843, 8.9757, 8.9719, 8.9798, 8.9790, 8.9859, 9.0004, 8.9959, 8.9848, 8.9890, 8.9984, 8.9974, 8.9726, 8.9874, 8.9762, 8.9800, 8.9801, 8.9831, 8.9829, 8.9809, 8.9867, 8.9793, 9.0029, 8.9789, 8.9753, 8.9792, 8.9946, 9.0023, 8.9694, 8.9709, 8.9816, 8.9929, 8.9931, 8.9804, 8.9956, 8.9836, 8.9713, 8.9769, 8.9713, 8.9691, 8.9771, 8.9955, 8.9725, 8.9734, 8.9806, 8.9803, 9.0173, 8.9814, 8.9902, 9.0444, 9.0387, 9.0503, 9.0446, 9.0572, 9.0455, 9.0489, 9.0542, 9.0441, 9.0505, 9.0400, 9.0437, 9.0401, 9.0624, 9.0635, 9.0681, 9.0803, 9.0487, 9.0400, 9.0465, 9.0509, 9.0434, 9.0542, 9.0489, 9.0269, 9.0583, 9.0472, 9.0467, 9.0443, 9.0466, 9.0473, 9.0404, 9.0528, 9.0501, 9.0475, 9.0268, 9.0511, 9.0502, 9.0718, 9.0531
     mean rt (s): 9.0044
   stddev rt (s): 0.0330
       95% ci rt: 0.0059 -> [8.9985, 9.0102]
     coeff ci rt: 0.0006518637070783153
━━━━━━━━━━━━━━━━━━━━━━━━━━━━━━━━━━━━━━━━━━━━━━━━━━━━━━━━━━━━━━━━━━━━━━━━━━━━━━━━━━━━━━━━━━━━━━━━━━━━
━━━━━━━━━━━━━━━━━━━━━━━━━━━━━━━━━━━━━━━━━━━━━━━━━━━━━━━━━━━━━━━━━━━━━━━━━━━━━━━━━━━━━━━━━━━━━━━━━━━━
      test count: 126
          rt (s): 8.9784, 8.9810, 8.9903, 8.9757, 8.9538, 8.9420, 8.9582, 8.9766, 8.9948, 8.9872, 9.0245, 8.9752, 8.9796, 8.9806, 8.9912, 8.9809, 8.9810, 8.9752, 8.9837, 8.9790, 8.9787, 8.9811, 8.9872, 8.9830, 9.0059, 9.0011, 8.9888, 8.9767, 8.9721, 8.9777, 8.9778, 8.9807, 8.9841, 8.9797, 9.0261, 8.9769, 8.9843, 8.9757, 8.9719, 8.9798, 8.9790, 8.9859, 9.0004, 8.9959, 8.9848, 8.9890, 8.9984, 8.9974, 8.9726, 8.9874, 8.9762, 8.9800, 8.9801, 8.9831, 8.9829, 8.9809, 8.9867, 8.9793, 9.0029, 8.9789, 8.9753, 8.9792, 8.9946, 9.0023, 8.9694, 8.9709, 8.9816, 8.9929, 8.9931, 8.9804, 8.9956, 8.9836, 8.9713, 8.9769, 8.9713, 8.9691, 8.9771, 8.9955, 8.9725, 8.9734, 8.9806, 8.9803, 9.0173, 8.9814, 8.9902, 9.0444, 9.0387, 9.0503, 9.0446, 9.0572, 9.0455, 9.0489, 9.0542, 9.0441, 9.0505, 9.0400, 9.0437, 9.0401, 9.0624, 9.0635, 9.0681, 9.0803, 9.0487, 9.0400, 9.0465, 9.0509, 9.0434, 9.0542, 9.0489, 9.0269, 9.0583, 9.0472, 9.0467, 9.0443, 9.0466, 9.0473, 9.0404, 9.0528, 9.0501, 9.0475, 9.0268, 9.0511, 9.0502, 9.0718, 9.0531, 9.0468
     mean rt (s): 9.0047
   stddev rt (s): 0.0331
       95% ci rt: 0.0059 -> [8.9988, 9.0106]
     coeff ci rt: 0.0006508168935313472
━━━━━━━━━━━━━━━━━━━━━━━━━━━━━━━━━━━━━━━━━━━━━━━━━━━━━━━━━━━━━━━━━━━━━━━━━━━━━━━━━━━━━━━━━━━━━━━━━━━━
━━━━━━━━━━━━━━━━━━━━━━━━━━━━━━━━━━━━━━━━━━━━━━━━━━━━━━━━━━━━━━━━━━━━━━━━━━━━━━━━━━━━━━━━━━━━━━━━━━━━
      test count: 127
          rt (s): 8.9784, 8.9810, 8.9903, 8.9757, 8.9538, 8.9420, 8.9582, 8.9766, 8.9948, 8.9872, 9.0245, 8.9752, 8.9796, 8.9806, 8.9912, 8.9809, 8.9810, 8.9752, 8.9837, 8.9790, 8.9787, 8.9811, 8.9872, 8.9830, 9.0059, 9.0011, 8.9888, 8.9767, 8.9721, 8.9777, 8.9778, 8.9807, 8.9841, 8.9797, 9.0261, 8.9769, 8.9843, 8.9757, 8.9719, 8.9798, 8.9790, 8.9859, 9.0004, 8.9959, 8.9848, 8.9890, 8.9984, 8.9974, 8.9726, 8.9874, 8.9762, 8.9800, 8.9801, 8.9831, 8.9829, 8.9809, 8.9867, 8.9793, 9.0029, 8.9789, 8.9753, 8.9792, 8.9946, 9.0023, 8.9694, 8.9709, 8.9816, 8.9929, 8.9931, 8.9804, 8.9956, 8.9836, 8.9713, 8.9769, 8.9713, 8.9691, 8.9771, 8.9955, 8.9725, 8.9734, 8.9806, 8.9803, 9.0173, 8.9814, 8.9902, 9.0444, 9.0387, 9.0503, 9.0446, 9.0572, 9.0455, 9.0489, 9.0542, 9.0441, 9.0505, 9.0400, 9.0437, 9.0401, 9.0624, 9.0635, 9.0681, 9.0803, 9.0487, 9.0400, 9.0465, 9.0509, 9.0434, 9.0542, 9.0489, 9.0269, 9.0583, 9.0472, 9.0467, 9.0443, 9.0466, 9.0473, 9.0404, 9.0528, 9.0501, 9.0475, 9.0268, 9.0511, 9.0502, 9.0718, 9.0531, 9.0468, 9.0437
     mean rt (s): 9.0050
   stddev rt (s): 0.0332
       95% ci rt: 0.0058 -> [8.9992, 9.0109]
     coeff ci rt: 0.0006491167482807603
━━━━━━━━━━━━━━━━━━━━━━━━━━━━━━━━━━━━━━━━━━━━━━━━━━━━━━━━━━━━━━━━━━━━━━━━━━━━━━━━━━━━━━━━━━━━━━━━━━━━
━━━━━━━━━━━━━━━━━━━━━━━━━━━━━━━━━━━━━━━━━━━━━━━━━━━━━━━━━━━━━━━━━━━━━━━━━━━━━━━━━━━━━━━━━━━━━━━━━━━━
      test count: 128
          rt (s): 8.9784, 8.9810, 8.9903, 8.9757, 8.9538, 8.9420, 8.9582, 8.9766, 8.9948, 8.9872, 9.0245, 8.9752, 8.9796, 8.9806, 8.9912, 8.9809, 8.9810, 8.9752, 8.9837, 8.9790, 8.9787, 8.9811, 8.9872, 8.9830, 9.0059, 9.0011, 8.9888, 8.9767, 8.9721, 8.9777, 8.9778, 8.9807, 8.9841, 8.9797, 9.0261, 8.9769, 8.9843, 8.9757, 8.9719, 8.9798, 8.9790, 8.9859, 9.0004, 8.9959, 8.9848, 8.9890, 8.9984, 8.9974, 8.9726, 8.9874, 8.9762, 8.9800, 8.9801, 8.9831, 8.9829, 8.9809, 8.9867, 8.9793, 9.0029, 8.9789, 8.9753, 8.9792, 8.9946, 9.0023, 8.9694, 8.9709, 8.9816, 8.9929, 8.9931, 8.9804, 8.9956, 8.9836, 8.9713, 8.9769, 8.9713, 8.9691, 8.9771, 8.9955, 8.9725, 8.9734, 8.9806, 8.9803, 9.0173, 8.9814, 8.9902, 9.0444, 9.0387, 9.0503, 9.0446, 9.0572, 9.0455, 9.0489, 9.0542, 9.0441, 9.0505, 9.0400, 9.0437, 9.0401, 9.0624, 9.0635, 9.0681, 9.0803, 9.0487, 9.0400, 9.0465, 9.0509, 9.0434, 9.0542, 9.0489, 9.0269, 9.0583, 9.0472, 9.0467, 9.0443, 9.0466, 9.0473, 9.0404, 9.0528, 9.0501, 9.0475, 9.0268, 9.0511, 9.0502, 9.0718, 9.0531, 9.0468, 9.0437, 9.0479
     mean rt (s): 9.0053
   stddev rt (s): 0.0332
       95% ci rt: 0.0058 -> [8.9995, 9.0112]
     coeff ci rt: 0.0006481478095129759
━━━━━━━━━━━━━━━━━━━━━━━━━━━━━━━━━━━━━━━━━━━━━━━━━━━━━━━━━━━━━━━━━━━━━━━━━━━━━━━━━━━━━━━━━━━━━━━━━━━━
━━━━━━━━━━━━━━━━━━━━━━━━━━━━━━━━━━━━━━━━━━━━━━━━━━━━━━━━━━━━━━━━━━━━━━━━━━━━━━━━━━━━━━━━━━━━━━━━━━━━
      test count: 129
          rt (s): 8.9784, 8.9810, 8.9903, 8.9757, 8.9538, 8.9420, 8.9582, 8.9766, 8.9948, 8.9872, 9.0245, 8.9752, 8.9796, 8.9806, 8.9912, 8.9809, 8.9810, 8.9752, 8.9837, 8.9790, 8.9787, 8.9811, 8.9872, 8.9830, 9.0059, 9.0011, 8.9888, 8.9767, 8.9721, 8.9777, 8.9778, 8.9807, 8.9841, 8.9797, 9.0261, 8.9769, 8.9843, 8.9757, 8.9719, 8.9798, 8.9790, 8.9859, 9.0004, 8.9959, 8.9848, 8.9890, 8.9984, 8.9974, 8.9726, 8.9874, 8.9762, 8.9800, 8.9801, 8.9831, 8.9829, 8.9809, 8.9867, 8.9793, 9.0029, 8.9789, 8.9753, 8.9792, 8.9946, 9.0023, 8.9694, 8.9709, 8.9816, 8.9929, 8.9931, 8.9804, 8.9956, 8.9836, 8.9713, 8.9769, 8.9713, 8.9691, 8.9771, 8.9955, 8.9725, 8.9734, 8.9806, 8.9803, 9.0173, 8.9814, 8.9902, 9.0444, 9.0387, 9.0503, 9.0446, 9.0572, 9.0455, 9.0489, 9.0542, 9.0441, 9.0505, 9.0400, 9.0437, 9.0401, 9.0624, 9.0635, 9.0681, 9.0803, 9.0487, 9.0400, 9.0465, 9.0509, 9.0434, 9.0542, 9.0489, 9.0269, 9.0583, 9.0472, 9.0467, 9.0443, 9.0466, 9.0473, 9.0404, 9.0528, 9.0501, 9.0475, 9.0268, 9.0511, 9.0502, 9.0718, 9.0531, 9.0468, 9.0437, 9.0479, 9.0473
     mean rt (s): 9.0057
   stddev rt (s): 0.0333
       95% ci rt: 0.0058 -> [8.9998, 9.0115]
     coeff ci rt: 0.0006469901551976114
━━━━━━━━━━━━━━━━━━━━━━━━━━━━━━━━━━━━━━━━━━━━━━━━━━━━━━━━━━━━━━━━━━━━━━━━━━━━━━━━━━━━━━━━━━━━━━━━━━━━
━━━━━━━━━━━━━━━━━━━━━━━━━━━━━━━━━━━━━━━━━━━━━━━━━━━━━━━━━━━━━━━━━━━━━━━━━━━━━━━━━━━━━━━━━━━━━━━━━━━━
      test count: 130
          rt (s): 8.9784, 8.9810, 8.9903, 8.9757, 8.9538, 8.9420, 8.9582, 8.9766, 8.9948, 8.9872, 9.0245, 8.9752, 8.9796, 8.9806, 8.9912, 8.9809, 8.9810, 8.9752, 8.9837, 8.9790, 8.9787, 8.9811, 8.9872, 8.9830, 9.0059, 9.0011, 8.9888, 8.9767, 8.9721, 8.9777, 8.9778, 8.9807, 8.9841, 8.9797, 9.0261, 8.9769, 8.9843, 8.9757, 8.9719, 8.9798, 8.9790, 8.9859, 9.0004, 8.9959, 8.9848, 8.9890, 8.9984, 8.9974, 8.9726, 8.9874, 8.9762, 8.9800, 8.9801, 8.9831, 8.9829, 8.9809, 8.9867, 8.9793, 9.0029, 8.9789, 8.9753, 8.9792, 8.9946, 9.0023, 8.9694, 8.9709, 8.9816, 8.9929, 8.9931, 8.9804, 8.9956, 8.9836, 8.9713, 8.9769, 8.9713, 8.9691, 8.9771, 8.9955, 8.9725, 8.9734, 8.9806, 8.9803, 9.0173, 8.9814, 8.9902, 9.0444, 9.0387, 9.0503, 9.0446, 9.0572, 9.0455, 9.0489, 9.0542, 9.0441, 9.0505, 9.0400, 9.0437, 9.0401, 9.0624, 9.0635, 9.0681, 9.0803, 9.0487, 9.0400, 9.0465, 9.0509, 9.0434, 9.0542, 9.0489, 9.0269, 9.0583, 9.0472, 9.0467, 9.0443, 9.0466, 9.0473, 9.0404, 9.0528, 9.0501, 9.0475, 9.0268, 9.0511, 9.0502, 9.0718, 9.0531, 9.0468, 9.0437, 9.0479, 9.0473, 9.0429
     mean rt (s): 9.0060
   stddev rt (s): 0.0333
       95% ci rt: 0.0058 -> [9.0001, 9.0118]
     coeff ci rt: 0.0006450016436370555
━━━━━━━━━━━━━━━━━━━━━━━━━━━━━━━━━━━━━━━━━━━━━━━━━━━━━━━━━━━━━━━━━━━━━━━━━━━━━━━━━━━━━━━━━━━━━━━━━━━━
━━━━━━━━━━━━━━━━━━━━━━━━━━━━━━━━━━━━━━━━━━━━━━━━━━━━━━━━━━━━━━━━━━━━━━━━━━━━━━━━━━━━━━━━━━━━━━━━━━━━
      test count: 131
          rt (s): 8.9784, 8.9810, 8.9903, 8.9757, 8.9538, 8.9420, 8.9582, 8.9766, 8.9948, 8.9872, 9.0245, 8.9752, 8.9796, 8.9806, 8.9912, 8.9809, 8.9810, 8.9752, 8.9837, 8.9790, 8.9787, 8.9811, 8.9872, 8.9830, 9.0059, 9.0011, 8.9888, 8.9767, 8.9721, 8.9777, 8.9778, 8.9807, 8.9841, 8.9797, 9.0261, 8.9769, 8.9843, 8.9757, 8.9719, 8.9798, 8.9790, 8.9859, 9.0004, 8.9959, 8.9848, 8.9890, 8.9984, 8.9974, 8.9726, 8.9874, 8.9762, 8.9800, 8.9801, 8.9831, 8.9829, 8.9809, 8.9867, 8.9793, 9.0029, 8.9789, 8.9753, 8.9792, 8.9946, 9.0023, 8.9694, 8.9709, 8.9816, 8.9929, 8.9931, 8.9804, 8.9956, 8.9836, 8.9713, 8.9769, 8.9713, 8.9691, 8.9771, 8.9955, 8.9725, 8.9734, 8.9806, 8.9803, 9.0173, 8.9814, 8.9902, 9.0444, 9.0387, 9.0503, 9.0446, 9.0572, 9.0455, 9.0489, 9.0542, 9.0441, 9.0505, 9.0400, 9.0437, 9.0401, 9.0624, 9.0635, 9.0681, 9.0803, 9.0487, 9.0400, 9.0465, 9.0509, 9.0434, 9.0542, 9.0489, 9.0269, 9.0583, 9.0472, 9.0467, 9.0443, 9.0466, 9.0473, 9.0404, 9.0528, 9.0501, 9.0475, 9.0268, 9.0511, 9.0502, 9.0718, 9.0531, 9.0468, 9.0437, 9.0479, 9.0473, 9.0429, 9.0490
     mean rt (s): 9.0063
   stddev rt (s): 0.0334
       95% ci rt: 0.0058 -> [9.0005, 9.0121]
     coeff ci rt: 0.0006440458740698731
━━━━━━━━━━━━━━━━━━━━━━━━━━━━━━━━━━━━━━━━━━━━━━━━━━━━━━━━━━━━━━━━━━━━━━━━━━━━━━━━━━━━━━━━━━━━━━━━━━━━
━━━━━━━━━━━━━━━━━━━━━━━━━━━━━━━━━━━━━━━━━━━━━━━━━━━━━━━━━━━━━━━━━━━━━━━━━━━━━━━━━━━━━━━━━━━━━━━━━━━━
      test count: 132
          rt (s): 8.9784, 8.9810, 8.9903, 8.9757, 8.9538, 8.9420, 8.9582, 8.9766, 8.9948, 8.9872, 9.0245, 8.9752, 8.9796, 8.9806, 8.9912, 8.9809, 8.9810, 8.9752, 8.9837, 8.9790, 8.9787, 8.9811, 8.9872, 8.9830, 9.0059, 9.0011, 8.9888, 8.9767, 8.9721, 8.9777, 8.9778, 8.9807, 8.9841, 8.9797, 9.0261, 8.9769, 8.9843, 8.9757, 8.9719, 8.9798, 8.9790, 8.9859, 9.0004, 8.9959, 8.9848, 8.9890, 8.9984, 8.9974, 8.9726, 8.9874, 8.9762, 8.9800, 8.9801, 8.9831, 8.9829, 8.9809, 8.9867, 8.9793, 9.0029, 8.9789, 8.9753, 8.9792, 8.9946, 9.0023, 8.9694, 8.9709, 8.9816, 8.9929, 8.9931, 8.9804, 8.9956, 8.9836, 8.9713, 8.9769, 8.9713, 8.9691, 8.9771, 8.9955, 8.9725, 8.9734, 8.9806, 8.9803, 9.0173, 8.9814, 8.9902, 9.0444, 9.0387, 9.0503, 9.0446, 9.0572, 9.0455, 9.0489, 9.0542, 9.0441, 9.0505, 9.0400, 9.0437, 9.0401, 9.0624, 9.0635, 9.0681, 9.0803, 9.0487, 9.0400, 9.0465, 9.0509, 9.0434, 9.0542, 9.0489, 9.0269, 9.0583, 9.0472, 9.0467, 9.0443, 9.0466, 9.0473, 9.0404, 9.0528, 9.0501, 9.0475, 9.0268, 9.0511, 9.0502, 9.0718, 9.0531, 9.0468, 9.0437, 9.0479, 9.0473, 9.0429, 9.0490, 9.0487
     mean rt (s): 9.0066
   stddev rt (s): 0.0335
       95% ci rt: 0.0058 -> [9.0008, 9.0124]
     coeff ci rt: 0.0006429643986227249
━━━━━━━━━━━━━━━━━━━━━━━━━━━━━━━━━━━━━━━━━━━━━━━━━━━━━━━━━━━━━━━━━━━━━━━━━━━━━━━━━━━━━━━━━━━━━━━━━━━━
━━━━━━━━━━━━━━━━━━━━━━━━━━━━━━━━━━━━━━━━━━━━━━━━━━━━━━━━━━━━━━━━━━━━━━━━━━━━━━━━━━━━━━━━━━━━━━━━━━━━
      test count: 133
          rt (s): 8.9784, 8.9810, 8.9903, 8.9757, 8.9538, 8.9420, 8.9582, 8.9766, 8.9948, 8.9872, 9.0245, 8.9752, 8.9796, 8.9806, 8.9912, 8.9809, 8.9810, 8.9752, 8.9837, 8.9790, 8.9787, 8.9811, 8.9872, 8.9830, 9.0059, 9.0011, 8.9888, 8.9767, 8.9721, 8.9777, 8.9778, 8.9807, 8.9841, 8.9797, 9.0261, 8.9769, 8.9843, 8.9757, 8.9719, 8.9798, 8.9790, 8.9859, 9.0004, 8.9959, 8.9848, 8.9890, 8.9984, 8.9974, 8.9726, 8.9874, 8.9762, 8.9800, 8.9801, 8.9831, 8.9829, 8.9809, 8.9867, 8.9793, 9.0029, 8.9789, 8.9753, 8.9792, 8.9946, 9.0023, 8.9694, 8.9709, 8.9816, 8.9929, 8.9931, 8.9804, 8.9956, 8.9836, 8.9713, 8.9769, 8.9713, 8.9691, 8.9771, 8.9955, 8.9725, 8.9734, 8.9806, 8.9803, 9.0173, 8.9814, 8.9902, 9.0444, 9.0387, 9.0503, 9.0446, 9.0572, 9.0455, 9.0489, 9.0542, 9.0441, 9.0505, 9.0400, 9.0437, 9.0401, 9.0624, 9.0635, 9.0681, 9.0803, 9.0487, 9.0400, 9.0465, 9.0509, 9.0434, 9.0542, 9.0489, 9.0269, 9.0583, 9.0472, 9.0467, 9.0443, 9.0466, 9.0473, 9.0404, 9.0528, 9.0501, 9.0475, 9.0268, 9.0511, 9.0502, 9.0718, 9.0531, 9.0468, 9.0437, 9.0479, 9.0473, 9.0429, 9.0490, 9.0487, 9.0700
     mean rt (s): 9.0071
   stddev rt (s): 0.0338
       95% ci rt: 0.0058 -> [9.0013, 9.0129]
     coeff ci rt: 0.0006465624139785657
━━━━━━━━━━━━━━━━━━━━━━━━━━━━━━━━━━━━━━━━━━━━━━━━━━━━━━━━━━━━━━━━━━━━━━━━━━━━━━━━━━━━━━━━━━━━━━━━━━━━
━━━━━━━━━━━━━━━━━━━━━━━━━━━━━━━━━━━━━━━━━━━━━━━━━━━━━━━━━━━━━━━━━━━━━━━━━━━━━━━━━━━━━━━━━━━━━━━━━━━━
      test count: 134
          rt (s): 8.9784, 8.9810, 8.9903, 8.9757, 8.9538, 8.9420, 8.9582, 8.9766, 8.9948, 8.9872, 9.0245, 8.9752, 8.9796, 8.9806, 8.9912, 8.9809, 8.9810, 8.9752, 8.9837, 8.9790, 8.9787, 8.9811, 8.9872, 8.9830, 9.0059, 9.0011, 8.9888, 8.9767, 8.9721, 8.9777, 8.9778, 8.9807, 8.9841, 8.9797, 9.0261, 8.9769, 8.9843, 8.9757, 8.9719, 8.9798, 8.9790, 8.9859, 9.0004, 8.9959, 8.9848, 8.9890, 8.9984, 8.9974, 8.9726, 8.9874, 8.9762, 8.9800, 8.9801, 8.9831, 8.9829, 8.9809, 8.9867, 8.9793, 9.0029, 8.9789, 8.9753, 8.9792, 8.9946, 9.0023, 8.9694, 8.9709, 8.9816, 8.9929, 8.9931, 8.9804, 8.9956, 8.9836, 8.9713, 8.9769, 8.9713, 8.9691, 8.9771, 8.9955, 8.9725, 8.9734, 8.9806, 8.9803, 9.0173, 8.9814, 8.9902, 9.0444, 9.0387, 9.0503, 9.0446, 9.0572, 9.0455, 9.0489, 9.0542, 9.0441, 9.0505, 9.0400, 9.0437, 9.0401, 9.0624, 9.0635, 9.0681, 9.0803, 9.0487, 9.0400, 9.0465, 9.0509, 9.0434, 9.0542, 9.0489, 9.0269, 9.0583, 9.0472, 9.0467, 9.0443, 9.0466, 9.0473, 9.0404, 9.0528, 9.0501, 9.0475, 9.0268, 9.0511, 9.0502, 9.0718, 9.0531, 9.0468, 9.0437, 9.0479, 9.0473, 9.0429, 9.0490, 9.0487, 9.0700, 9.0383
     mean rt (s): 9.0073
   stddev rt (s): 0.0338
       95% ci rt: 0.0058 -> [9.0015, 9.0131]
     coeff ci rt: 0.0006436937810080116
━━━━━━━━━━━━━━━━━━━━━━━━━━━━━━━━━━━━━━━━━━━━━━━━━━━━━━━━━━━━━━━━━━━━━━━━━━━━━━━━━━━━━━━━━━━━━━━━━━━━
━━━━━━━━━━━━━━━━━━━━━━━━━━━━━━━━━━━━━━━━━━━━━━━━━━━━━━━━━━━━━━━━━━━━━━━━━━━━━━━━━━━━━━━━━━━━━━━━━━━━
      test count: 135
          rt (s): 8.9784, 8.9810, 8.9903, 8.9757, 8.9538, 8.9420, 8.9582, 8.9766, 8.9948, 8.9872, 9.0245, 8.9752, 8.9796, 8.9806, 8.9912, 8.9809, 8.9810, 8.9752, 8.9837, 8.9790, 8.9787, 8.9811, 8.9872, 8.9830, 9.0059, 9.0011, 8.9888, 8.9767, 8.9721, 8.9777, 8.9778, 8.9807, 8.9841, 8.9797, 9.0261, 8.9769, 8.9843, 8.9757, 8.9719, 8.9798, 8.9790, 8.9859, 9.0004, 8.9959, 8.9848, 8.9890, 8.9984, 8.9974, 8.9726, 8.9874, 8.9762, 8.9800, 8.9801, 8.9831, 8.9829, 8.9809, 8.9867, 8.9793, 9.0029, 8.9789, 8.9753, 8.9792, 8.9946, 9.0023, 8.9694, 8.9709, 8.9816, 8.9929, 8.9931, 8.9804, 8.9956, 8.9836, 8.9713, 8.9769, 8.9713, 8.9691, 8.9771, 8.9955, 8.9725, 8.9734, 8.9806, 8.9803, 9.0173, 8.9814, 8.9902, 9.0444, 9.0387, 9.0503, 9.0446, 9.0572, 9.0455, 9.0489, 9.0542, 9.0441, 9.0505, 9.0400, 9.0437, 9.0401, 9.0624, 9.0635, 9.0681, 9.0803, 9.0487, 9.0400, 9.0465, 9.0509, 9.0434, 9.0542, 9.0489, 9.0269, 9.0583, 9.0472, 9.0467, 9.0443, 9.0466, 9.0473, 9.0404, 9.0528, 9.0501, 9.0475, 9.0268, 9.0511, 9.0502, 9.0718, 9.0531, 9.0468, 9.0437, 9.0479, 9.0473, 9.0429, 9.0490, 9.0487, 9.0700, 9.0383, 9.0469
     mean rt (s): 9.0076
   stddev rt (s): 0.0339
       95% ci rt: 0.0058 -> [9.0018, 9.0134]
     coeff ci rt: 0.0006420789894053091
━━━━━━━━━━━━━━━━━━━━━━━━━━━━━━━━━━━━━━━━━━━━━━━━━━━━━━━━━━━━━━━━━━━━━━━━━━━━━━━━━━━━━━━━━━━━━━━━━━━━
━━━━━━━━━━━━━━━━━━━━━━━━━━━━━━━━━━━━━━━━━━━━━━━━━━━━━━━━━━━━━━━━━━━━━━━━━━━━━━━━━━━━━━━━━━━━━━━━━━━━
      test count: 136
          rt (s): 8.9784, 8.9810, 8.9903, 8.9757, 8.9538, 8.9420, 8.9582, 8.9766, 8.9948, 8.9872, 9.0245, 8.9752, 8.9796, 8.9806, 8.9912, 8.9809, 8.9810, 8.9752, 8.9837, 8.9790, 8.9787, 8.9811, 8.9872, 8.9830, 9.0059, 9.0011, 8.9888, 8.9767, 8.9721, 8.9777, 8.9778, 8.9807, 8.9841, 8.9797, 9.0261, 8.9769, 8.9843, 8.9757, 8.9719, 8.9798, 8.9790, 8.9859, 9.0004, 8.9959, 8.9848, 8.9890, 8.9984, 8.9974, 8.9726, 8.9874, 8.9762, 8.9800, 8.9801, 8.9831, 8.9829, 8.9809, 8.9867, 8.9793, 9.0029, 8.9789, 8.9753, 8.9792, 8.9946, 9.0023, 8.9694, 8.9709, 8.9816, 8.9929, 8.9931, 8.9804, 8.9956, 8.9836, 8.9713, 8.9769, 8.9713, 8.9691, 8.9771, 8.9955, 8.9725, 8.9734, 8.9806, 8.9803, 9.0173, 8.9814, 8.9902, 9.0444, 9.0387, 9.0503, 9.0446, 9.0572, 9.0455, 9.0489, 9.0542, 9.0441, 9.0505, 9.0400, 9.0437, 9.0401, 9.0624, 9.0635, 9.0681, 9.0803, 9.0487, 9.0400, 9.0465, 9.0509, 9.0434, 9.0542, 9.0489, 9.0269, 9.0583, 9.0472, 9.0467, 9.0443, 9.0466, 9.0473, 9.0404, 9.0528, 9.0501, 9.0475, 9.0268, 9.0511, 9.0502, 9.0718, 9.0531, 9.0468, 9.0437, 9.0479, 9.0473, 9.0429, 9.0490, 9.0487, 9.0700, 9.0383, 9.0469, 9.0527
     mean rt (s): 9.0079
   stddev rt (s): 0.0339
       95% ci rt: 0.0058 -> [9.0022, 9.0137]
     coeff ci rt: 0.0006414173124596235
━━━━━━━━━━━━━━━━━━━━━━━━━━━━━━━━━━━━━━━━━━━━━━━━━━━━━━━━━━━━━━━━━━━━━━━━━━━━━━━━━━━━━━━━━━━━━━━━━━━━
━━━━━━━━━━━━━━━━━━━━━━━━━━━━━━━━━━━━━━━━━━━━━━━━━━━━━━━━━━━━━━━━━━━━━━━━━━━━━━━━━━━━━━━━━━━━━━━━━━━━
      test count: 137
          rt (s): 8.9784, 8.9810, 8.9903, 8.9757, 8.9538, 8.9420, 8.9582, 8.9766, 8.9948, 8.9872, 9.0245, 8.9752, 8.9796, 8.9806, 8.9912, 8.9809, 8.9810, 8.9752, 8.9837, 8.9790, 8.9787, 8.9811, 8.9872, 8.9830, 9.0059, 9.0011, 8.9888, 8.9767, 8.9721, 8.9777, 8.9778, 8.9807, 8.9841, 8.9797, 9.0261, 8.9769, 8.9843, 8.9757, 8.9719, 8.9798, 8.9790, 8.9859, 9.0004, 8.9959, 8.9848, 8.9890, 8.9984, 8.9974, 8.9726, 8.9874, 8.9762, 8.9800, 8.9801, 8.9831, 8.9829, 8.9809, 8.9867, 8.9793, 9.0029, 8.9789, 8.9753, 8.9792, 8.9946, 9.0023, 8.9694, 8.9709, 8.9816, 8.9929, 8.9931, 8.9804, 8.9956, 8.9836, 8.9713, 8.9769, 8.9713, 8.9691, 8.9771, 8.9955, 8.9725, 8.9734, 8.9806, 8.9803, 9.0173, 8.9814, 8.9902, 9.0444, 9.0387, 9.0503, 9.0446, 9.0572, 9.0455, 9.0489, 9.0542, 9.0441, 9.0505, 9.0400, 9.0437, 9.0401, 9.0624, 9.0635, 9.0681, 9.0803, 9.0487, 9.0400, 9.0465, 9.0509, 9.0434, 9.0542, 9.0489, 9.0269, 9.0583, 9.0472, 9.0467, 9.0443, 9.0466, 9.0473, 9.0404, 9.0528, 9.0501, 9.0475, 9.0268, 9.0511, 9.0502, 9.0718, 9.0531, 9.0468, 9.0437, 9.0479, 9.0473, 9.0429, 9.0490, 9.0487, 9.0700, 9.0383, 9.0469, 9.0527, 9.0641
     mean rt (s): 9.0084
   stddev rt (s): 0.0342
       95% ci rt: 0.0058 -> [9.0026, 9.0141]
     coeff ci rt: 0.0006429748115576515
━━━━━━━━━━━━━━━━━━━━━━━━━━━━━━━━━━━━━━━━━━━━━━━━━━━━━━━━━━━━━━━━━━━━━━━━━━━━━━━━━━━━━━━━━━━━━━━━━━━━
━━━━━━━━━━━━━━━━━━━━━━━━━━━━━━━━━━━━━━━━━━━━━━━━━━━━━━━━━━━━━━━━━━━━━━━━━━━━━━━━━━━━━━━━━━━━━━━━━━━━
      test count: 138
          rt (s): 8.9784, 8.9810, 8.9903, 8.9757, 8.9538, 8.9420, 8.9582, 8.9766, 8.9948, 8.9872, 9.0245, 8.9752, 8.9796, 8.9806, 8.9912, 8.9809, 8.9810, 8.9752, 8.9837, 8.9790, 8.9787, 8.9811, 8.9872, 8.9830, 9.0059, 9.0011, 8.9888, 8.9767, 8.9721, 8.9777, 8.9778, 8.9807, 8.9841, 8.9797, 9.0261, 8.9769, 8.9843, 8.9757, 8.9719, 8.9798, 8.9790, 8.9859, 9.0004, 8.9959, 8.9848, 8.9890, 8.9984, 8.9974, 8.9726, 8.9874, 8.9762, 8.9800, 8.9801, 8.9831, 8.9829, 8.9809, 8.9867, 8.9793, 9.0029, 8.9789, 8.9753, 8.9792, 8.9946, 9.0023, 8.9694, 8.9709, 8.9816, 8.9929, 8.9931, 8.9804, 8.9956, 8.9836, 8.9713, 8.9769, 8.9713, 8.9691, 8.9771, 8.9955, 8.9725, 8.9734, 8.9806, 8.9803, 9.0173, 8.9814, 8.9902, 9.0444, 9.0387, 9.0503, 9.0446, 9.0572, 9.0455, 9.0489, 9.0542, 9.0441, 9.0505, 9.0400, 9.0437, 9.0401, 9.0624, 9.0635, 9.0681, 9.0803, 9.0487, 9.0400, 9.0465, 9.0509, 9.0434, 9.0542, 9.0489, 9.0269, 9.0583, 9.0472, 9.0467, 9.0443, 9.0466, 9.0473, 9.0404, 9.0528, 9.0501, 9.0475, 9.0268, 9.0511, 9.0502, 9.0718, 9.0531, 9.0468, 9.0437, 9.0479, 9.0473, 9.0429, 9.0490, 9.0487, 9.0700, 9.0383, 9.0469, 9.0527, 9.0641, 9.0418
     mean rt (s): 9.0086
   stddev rt (s): 0.0342
       95% ci rt: 0.0058 -> [9.0028, 9.0144]
     coeff ci rt: 0.0006404531318237351
━━━━━━━━━━━━━━━━━━━━━━━━━━━━━━━━━━━━━━━━━━━━━━━━━━━━━━━━━━━━━━━━━━━━━━━━━━━━━━━━━━━━━━━━━━━━━━━━━━━━
━━━━━━━━━━━━━━━━━━━━━━━━━━━━━━━━━━━━━━━━━━━━━━━━━━━━━━━━━━━━━━━━━━━━━━━━━━━━━━━━━━━━━━━━━━━━━━━━━━━━
      test count: 139
          rt (s): 8.9784, 8.9810, 8.9903, 8.9757, 8.9538, 8.9420, 8.9582, 8.9766, 8.9948, 8.9872, 9.0245, 8.9752, 8.9796, 8.9806, 8.9912, 8.9809, 8.9810, 8.9752, 8.9837, 8.9790, 8.9787, 8.9811, 8.9872, 8.9830, 9.0059, 9.0011, 8.9888, 8.9767, 8.9721, 8.9777, 8.9778, 8.9807, 8.9841, 8.9797, 9.0261, 8.9769, 8.9843, 8.9757, 8.9719, 8.9798, 8.9790, 8.9859, 9.0004, 8.9959, 8.9848, 8.9890, 8.9984, 8.9974, 8.9726, 8.9874, 8.9762, 8.9800, 8.9801, 8.9831, 8.9829, 8.9809, 8.9867, 8.9793, 9.0029, 8.9789, 8.9753, 8.9792, 8.9946, 9.0023, 8.9694, 8.9709, 8.9816, 8.9929, 8.9931, 8.9804, 8.9956, 8.9836, 8.9713, 8.9769, 8.9713, 8.9691, 8.9771, 8.9955, 8.9725, 8.9734, 8.9806, 8.9803, 9.0173, 8.9814, 8.9902, 9.0444, 9.0387, 9.0503, 9.0446, 9.0572, 9.0455, 9.0489, 9.0542, 9.0441, 9.0505, 9.0400, 9.0437, 9.0401, 9.0624, 9.0635, 9.0681, 9.0803, 9.0487, 9.0400, 9.0465, 9.0509, 9.0434, 9.0542, 9.0489, 9.0269, 9.0583, 9.0472, 9.0467, 9.0443, 9.0466, 9.0473, 9.0404, 9.0528, 9.0501, 9.0475, 9.0268, 9.0511, 9.0502, 9.0718, 9.0531, 9.0468, 9.0437, 9.0479, 9.0473, 9.0429, 9.0490, 9.0487, 9.0700, 9.0383, 9.0469, 9.0527, 9.0641, 9.0418, 9.0552
     mean rt (s): 9.0089
   stddev rt (s): 0.0343
       95% ci rt: 0.0058 -> [9.0032, 9.0147]
     coeff ci rt: 0.0006400090090338467
━━━━━━━━━━━━━━━━━━━━━━━━━━━━━━━━━━━━━━━━━━━━━━━━━━━━━━━━━━━━━━━━━━━━━━━━━━━━━━━━━━━━━━━━━━━━━━━━━━━━
━━━━━━━━━━━━━━━━━━━━━━━━━━━━━━━━━━━━━━━━━━━━━━━━━━━━━━━━━━━━━━━━━━━━━━━━━━━━━━━━━━━━━━━━━━━━━━━━━━━━
      test count: 140
          rt (s): 8.9784, 8.9810, 8.9903, 8.9757, 8.9538, 8.9420, 8.9582, 8.9766, 8.9948, 8.9872, 9.0245, 8.9752, 8.9796, 8.9806, 8.9912, 8.9809, 8.9810, 8.9752, 8.9837, 8.9790, 8.9787, 8.9811, 8.9872, 8.9830, 9.0059, 9.0011, 8.9888, 8.9767, 8.9721, 8.9777, 8.9778, 8.9807, 8.9841, 8.9797, 9.0261, 8.9769, 8.9843, 8.9757, 8.9719, 8.9798, 8.9790, 8.9859, 9.0004, 8.9959, 8.9848, 8.9890, 8.9984, 8.9974, 8.9726, 8.9874, 8.9762, 8.9800, 8.9801, 8.9831, 8.9829, 8.9809, 8.9867, 8.9793, 9.0029, 8.9789, 8.9753, 8.9792, 8.9946, 9.0023, 8.9694, 8.9709, 8.9816, 8.9929, 8.9931, 8.9804, 8.9956, 8.9836, 8.9713, 8.9769, 8.9713, 8.9691, 8.9771, 8.9955, 8.9725, 8.9734, 8.9806, 8.9803, 9.0173, 8.9814, 8.9902, 9.0444, 9.0387, 9.0503, 9.0446, 9.0572, 9.0455, 9.0489, 9.0542, 9.0441, 9.0505, 9.0400, 9.0437, 9.0401, 9.0624, 9.0635, 9.0681, 9.0803, 9.0487, 9.0400, 9.0465, 9.0509, 9.0434, 9.0542, 9.0489, 9.0269, 9.0583, 9.0472, 9.0467, 9.0443, 9.0466, 9.0473, 9.0404, 9.0528, 9.0501, 9.0475, 9.0268, 9.0511, 9.0502, 9.0718, 9.0531, 9.0468, 9.0437, 9.0479, 9.0473, 9.0429, 9.0490, 9.0487, 9.0700, 9.0383, 9.0469, 9.0527, 9.0641, 9.0418, 9.0552, 9.0476
     mean rt (s): 9.0092
   stddev rt (s): 0.0343
       95% ci rt: 0.0058 -> [9.0035, 9.0150]
     coeff ci rt: 0.0006382463209364411
━━━━━━━━━━━━━━━━━━━━━━━━━━━━━━━━━━━━━━━━━━━━━━━━━━━━━━━━━━━━━━━━━━━━━━━━━━━━━━━━━━━━━━━━━━━━━━━━━━━━
━━━━━━━━━━━━━━━━━━━━━━━━━━━━━━━━━━━━━━━━━━━━━━━━━━━━━━━━━━━━━━━━━━━━━━━━━━━━━━━━━━━━━━━━━━━━━━━━━━━━
      test count: 141
          rt (s): 8.9784, 8.9810, 8.9903, 8.9757, 8.9538, 8.9420, 8.9582, 8.9766, 8.9948, 8.9872, 9.0245, 8.9752, 8.9796, 8.9806, 8.9912, 8.9809, 8.9810, 8.9752, 8.9837, 8.9790, 8.9787, 8.9811, 8.9872, 8.9830, 9.0059, 9.0011, 8.9888, 8.9767, 8.9721, 8.9777, 8.9778, 8.9807, 8.9841, 8.9797, 9.0261, 8.9769, 8.9843, 8.9757, 8.9719, 8.9798, 8.9790, 8.9859, 9.0004, 8.9959, 8.9848, 8.9890, 8.9984, 8.9974, 8.9726, 8.9874, 8.9762, 8.9800, 8.9801, 8.9831, 8.9829, 8.9809, 8.9867, 8.9793, 9.0029, 8.9789, 8.9753, 8.9792, 8.9946, 9.0023, 8.9694, 8.9709, 8.9816, 8.9929, 8.9931, 8.9804, 8.9956, 8.9836, 8.9713, 8.9769, 8.9713, 8.9691, 8.9771, 8.9955, 8.9725, 8.9734, 8.9806, 8.9803, 9.0173, 8.9814, 8.9902, 9.0444, 9.0387, 9.0503, 9.0446, 9.0572, 9.0455, 9.0489, 9.0542, 9.0441, 9.0505, 9.0400, 9.0437, 9.0401, 9.0624, 9.0635, 9.0681, 9.0803, 9.0487, 9.0400, 9.0465, 9.0509, 9.0434, 9.0542, 9.0489, 9.0269, 9.0583, 9.0472, 9.0467, 9.0443, 9.0466, 9.0473, 9.0404, 9.0528, 9.0501, 9.0475, 9.0268, 9.0511, 9.0502, 9.0718, 9.0531, 9.0468, 9.0437, 9.0479, 9.0473, 9.0429, 9.0490, 9.0487, 9.0700, 9.0383, 9.0469, 9.0527, 9.0641, 9.0418, 9.0552, 9.0476, 9.0640
     mean rt (s): 9.0096
   stddev rt (s): 0.0345
       95% ci rt: 0.0058 -> [9.0038, 9.0154]
     coeff ci rt: 0.0006393489786020853
━━━━━━━━━━━━━━━━━━━━━━━━━━━━━━━━━━━━━━━━━━━━━━━━━━━━━━━━━━━━━━━━━━━━━━━━━━━━━━━━━━━━━━━━━━━━━━━━━━━━
━━━━━━━━━━━━━━━━━━━━━━━━━━━━━━━━━━━━━━━━━━━━━━━━━━━━━━━━━━━━━━━━━━━━━━━━━━━━━━━━━━━━━━━━━━━━━━━━━━━━
      test count: 142
          rt (s): 8.9784, 8.9810, 8.9903, 8.9757, 8.9538, 8.9420, 8.9582, 8.9766, 8.9948, 8.9872, 9.0245, 8.9752, 8.9796, 8.9806, 8.9912, 8.9809, 8.9810, 8.9752, 8.9837, 8.9790, 8.9787, 8.9811, 8.9872, 8.9830, 9.0059, 9.0011, 8.9888, 8.9767, 8.9721, 8.9777, 8.9778, 8.9807, 8.9841, 8.9797, 9.0261, 8.9769, 8.9843, 8.9757, 8.9719, 8.9798, 8.9790, 8.9859, 9.0004, 8.9959, 8.9848, 8.9890, 8.9984, 8.9974, 8.9726, 8.9874, 8.9762, 8.9800, 8.9801, 8.9831, 8.9829, 8.9809, 8.9867, 8.9793, 9.0029, 8.9789, 8.9753, 8.9792, 8.9946, 9.0023, 8.9694, 8.9709, 8.9816, 8.9929, 8.9931, 8.9804, 8.9956, 8.9836, 8.9713, 8.9769, 8.9713, 8.9691, 8.9771, 8.9955, 8.9725, 8.9734, 8.9806, 8.9803, 9.0173, 8.9814, 8.9902, 9.0444, 9.0387, 9.0503, 9.0446, 9.0572, 9.0455, 9.0489, 9.0542, 9.0441, 9.0505, 9.0400, 9.0437, 9.0401, 9.0624, 9.0635, 9.0681, 9.0803, 9.0487, 9.0400, 9.0465, 9.0509, 9.0434, 9.0542, 9.0489, 9.0269, 9.0583, 9.0472, 9.0467, 9.0443, 9.0466, 9.0473, 9.0404, 9.0528, 9.0501, 9.0475, 9.0268, 9.0511, 9.0502, 9.0718, 9.0531, 9.0468, 9.0437, 9.0479, 9.0473, 9.0429, 9.0490, 9.0487, 9.0700, 9.0383, 9.0469, 9.0527, 9.0641, 9.0418, 9.0552, 9.0476, 9.0640, 9.0601
     mean rt (s): 9.0100
   stddev rt (s): 0.0346
       95% ci rt: 0.0058 -> [9.0042, 9.0157]
     coeff ci rt: 0.0006395454367775345
━━━━━━━━━━━━━━━━━━━━━━━━━━━━━━━━━━━━━━━━━━━━━━━━━━━━━━━━━━━━━━━━━━━━━━━━━━━━━━━━━━━━━━━━━━━━━━━━━━━━
━━━━━━━━━━━━━━━━━━━━━━━━━━━━━━━━━━━━━━━━━━━━━━━━━━━━━━━━━━━━━━━━━━━━━━━━━━━━━━━━━━━━━━━━━━━━━━━━━━━━
      test count: 143
          rt (s): 8.9784, 8.9810, 8.9903, 8.9757, 8.9538, 8.9420, 8.9582, 8.9766, 8.9948, 8.9872, 9.0245, 8.9752, 8.9796, 8.9806, 8.9912, 8.9809, 8.9810, 8.9752, 8.9837, 8.9790, 8.9787, 8.9811, 8.9872, 8.9830, 9.0059, 9.0011, 8.9888, 8.9767, 8.9721, 8.9777, 8.9778, 8.9807, 8.9841, 8.9797, 9.0261, 8.9769, 8.9843, 8.9757, 8.9719, 8.9798, 8.9790, 8.9859, 9.0004, 8.9959, 8.9848, 8.9890, 8.9984, 8.9974, 8.9726, 8.9874, 8.9762, 8.9800, 8.9801, 8.9831, 8.9829, 8.9809, 8.9867, 8.9793, 9.0029, 8.9789, 8.9753, 8.9792, 8.9946, 9.0023, 8.9694, 8.9709, 8.9816, 8.9929, 8.9931, 8.9804, 8.9956, 8.9836, 8.9713, 8.9769, 8.9713, 8.9691, 8.9771, 8.9955, 8.9725, 8.9734, 8.9806, 8.9803, 9.0173, 8.9814, 8.9902, 9.0444, 9.0387, 9.0503, 9.0446, 9.0572, 9.0455, 9.0489, 9.0542, 9.0441, 9.0505, 9.0400, 9.0437, 9.0401, 9.0624, 9.0635, 9.0681, 9.0803, 9.0487, 9.0400, 9.0465, 9.0509, 9.0434, 9.0542, 9.0489, 9.0269, 9.0583, 9.0472, 9.0467, 9.0443, 9.0466, 9.0473, 9.0404, 9.0528, 9.0501, 9.0475, 9.0268, 9.0511, 9.0502, 9.0718, 9.0531, 9.0468, 9.0437, 9.0479, 9.0473, 9.0429, 9.0490, 9.0487, 9.0700, 9.0383, 9.0469, 9.0527, 9.0641, 9.0418, 9.0552, 9.0476, 9.0640, 9.0601, 9.0546
     mean rt (s): 9.0103
   stddev rt (s): 0.0347
       95% ci rt: 0.0058 -> [9.0045, 9.0160]
     coeff ci rt: 0.000638680914152524
━━━━━━━━━━━━━━━━━━━━━━━━━━━━━━━━━━━━━━━━━━━━━━━━━━━━━━━━━━━━━━━━━━━━━━━━━━━━━━━━━━━━━━━━━━━━━━━━━━━━
━━━━━━━━━━━━━━━━━━━━━━━━━━━━━━━━━━━━━━━━━━━━━━━━━━━━━━━━━━━━━━━━━━━━━━━━━━━━━━━━━━━━━━━━━━━━━━━━━━━━
      test count: 144
          rt (s): 8.9784, 8.9810, 8.9903, 8.9757, 8.9538, 8.9420, 8.9582, 8.9766, 8.9948, 8.9872, 9.0245, 8.9752, 8.9796, 8.9806, 8.9912, 8.9809, 8.9810, 8.9752, 8.9837, 8.9790, 8.9787, 8.9811, 8.9872, 8.9830, 9.0059, 9.0011, 8.9888, 8.9767, 8.9721, 8.9777, 8.9778, 8.9807, 8.9841, 8.9797, 9.0261, 8.9769, 8.9843, 8.9757, 8.9719, 8.9798, 8.9790, 8.9859, 9.0004, 8.9959, 8.9848, 8.9890, 8.9984, 8.9974, 8.9726, 8.9874, 8.9762, 8.9800, 8.9801, 8.9831, 8.9829, 8.9809, 8.9867, 8.9793, 9.0029, 8.9789, 8.9753, 8.9792, 8.9946, 9.0023, 8.9694, 8.9709, 8.9816, 8.9929, 8.9931, 8.9804, 8.9956, 8.9836, 8.9713, 8.9769, 8.9713, 8.9691, 8.9771, 8.9955, 8.9725, 8.9734, 8.9806, 8.9803, 9.0173, 8.9814, 8.9902, 9.0444, 9.0387, 9.0503, 9.0446, 9.0572, 9.0455, 9.0489, 9.0542, 9.0441, 9.0505, 9.0400, 9.0437, 9.0401, 9.0624, 9.0635, 9.0681, 9.0803, 9.0487, 9.0400, 9.0465, 9.0509, 9.0434, 9.0542, 9.0489, 9.0269, 9.0583, 9.0472, 9.0467, 9.0443, 9.0466, 9.0473, 9.0404, 9.0528, 9.0501, 9.0475, 9.0268, 9.0511, 9.0502, 9.0718, 9.0531, 9.0468, 9.0437, 9.0479, 9.0473, 9.0429, 9.0490, 9.0487, 9.0700, 9.0383, 9.0469, 9.0527, 9.0641, 9.0418, 9.0552, 9.0476, 9.0640, 9.0601, 9.0546, 9.0507
     mean rt (s): 9.0105
   stddev rt (s): 0.0347
       95% ci rt: 0.0057 -> [9.0048, 9.0163]
     coeff ci rt: 0.0006371572974176652
━━━━━━━━━━━━━━━━━━━━━━━━━━━━━━━━━━━━━━━━━━━━━━━━━━━━━━━━━━━━━━━━━━━━━━━━━━━━━━━━━━━━━━━━━━━━━━━━━━━━
━━━━━━━━━━━━━━━━━━━━━━━━━━━━━━━━━━━━━━━━━━━━━━━━━━━━━━━━━━━━━━━━━━━━━━━━━━━━━━━━━━━━━━━━━━━━━━━━━━━━
      test count: 145
          rt (s): 8.9784, 8.9810, 8.9903, 8.9757, 8.9538, 8.9420, 8.9582, 8.9766, 8.9948, 8.9872, 9.0245, 8.9752, 8.9796, 8.9806, 8.9912, 8.9809, 8.9810, 8.9752, 8.9837, 8.9790, 8.9787, 8.9811, 8.9872, 8.9830, 9.0059, 9.0011, 8.9888, 8.9767, 8.9721, 8.9777, 8.9778, 8.9807, 8.9841, 8.9797, 9.0261, 8.9769, 8.9843, 8.9757, 8.9719, 8.9798, 8.9790, 8.9859, 9.0004, 8.9959, 8.9848, 8.9890, 8.9984, 8.9974, 8.9726, 8.9874, 8.9762, 8.9800, 8.9801, 8.9831, 8.9829, 8.9809, 8.9867, 8.9793, 9.0029, 8.9789, 8.9753, 8.9792, 8.9946, 9.0023, 8.9694, 8.9709, 8.9816, 8.9929, 8.9931, 8.9804, 8.9956, 8.9836, 8.9713, 8.9769, 8.9713, 8.9691, 8.9771, 8.9955, 8.9725, 8.9734, 8.9806, 8.9803, 9.0173, 8.9814, 8.9902, 9.0444, 9.0387, 9.0503, 9.0446, 9.0572, 9.0455, 9.0489, 9.0542, 9.0441, 9.0505, 9.0400, 9.0437, 9.0401, 9.0624, 9.0635, 9.0681, 9.0803, 9.0487, 9.0400, 9.0465, 9.0509, 9.0434, 9.0542, 9.0489, 9.0269, 9.0583, 9.0472, 9.0467, 9.0443, 9.0466, 9.0473, 9.0404, 9.0528, 9.0501, 9.0475, 9.0268, 9.0511, 9.0502, 9.0718, 9.0531, 9.0468, 9.0437, 9.0479, 9.0473, 9.0429, 9.0490, 9.0487, 9.0700, 9.0383, 9.0469, 9.0527, 9.0641, 9.0418, 9.0552, 9.0476, 9.0640, 9.0601, 9.0546, 9.0507, 9.0289
     mean rt (s): 9.0107
   stddev rt (s): 0.0346
       95% ci rt: 0.0057 -> [9.0050, 9.0164]
     coeff ci rt: 0.0006333105927653525
━━━━━━━━━━━━━━━━━━━━━━━━━━━━━━━━━━━━━━━━━━━━━━━━━━━━━━━━━━━━━━━━━━━━━━━━━━━━━━━━━━━━━━━━━━━━━━━━━━━━
━━━━━━━━━━━━━━━━━━━━━━━━━━━━━━━━━━━━━━━━━━━━━━━━━━━━━━━━━━━━━━━━━━━━━━━━━━━━━━━━━━━━━━━━━━━━━━━━━━━━
      test count: 146
          rt (s): 8.9784, 8.9810, 8.9903, 8.9757, 8.9538, 8.9420, 8.9582, 8.9766, 8.9948, 8.9872, 9.0245, 8.9752, 8.9796, 8.9806, 8.9912, 8.9809, 8.9810, 8.9752, 8.9837, 8.9790, 8.9787, 8.9811, 8.9872, 8.9830, 9.0059, 9.0011, 8.9888, 8.9767, 8.9721, 8.9777, 8.9778, 8.9807, 8.9841, 8.9797, 9.0261, 8.9769, 8.9843, 8.9757, 8.9719, 8.9798, 8.9790, 8.9859, 9.0004, 8.9959, 8.9848, 8.9890, 8.9984, 8.9974, 8.9726, 8.9874, 8.9762, 8.9800, 8.9801, 8.9831, 8.9829, 8.9809, 8.9867, 8.9793, 9.0029, 8.9789, 8.9753, 8.9792, 8.9946, 9.0023, 8.9694, 8.9709, 8.9816, 8.9929, 8.9931, 8.9804, 8.9956, 8.9836, 8.9713, 8.9769, 8.9713, 8.9691, 8.9771, 8.9955, 8.9725, 8.9734, 8.9806, 8.9803, 9.0173, 8.9814, 8.9902, 9.0444, 9.0387, 9.0503, 9.0446, 9.0572, 9.0455, 9.0489, 9.0542, 9.0441, 9.0505, 9.0400, 9.0437, 9.0401, 9.0624, 9.0635, 9.0681, 9.0803, 9.0487, 9.0400, 9.0465, 9.0509, 9.0434, 9.0542, 9.0489, 9.0269, 9.0583, 9.0472, 9.0467, 9.0443, 9.0466, 9.0473, 9.0404, 9.0528, 9.0501, 9.0475, 9.0268, 9.0511, 9.0502, 9.0718, 9.0531, 9.0468, 9.0437, 9.0479, 9.0473, 9.0429, 9.0490, 9.0487, 9.0700, 9.0383, 9.0469, 9.0527, 9.0641, 9.0418, 9.0552, 9.0476, 9.0640, 9.0601, 9.0546, 9.0507, 9.0289, 9.0342
     mean rt (s): 9.0108
   stddev rt (s): 0.0346
       95% ci rt: 0.0057 -> [9.0052, 9.0165]
     coeff ci rt: 0.0006299025716061733
━━━━━━━━━━━━━━━━━━━━━━━━━━━━━━━━━━━━━━━━━━━━━━━━━━━━━━━━━━━━━━━━━━━━━━━━━━━━━━━━━━━━━━━━━━━━━━━━━━━━
━━━━━━━━━━━━━━━━━━━━━━━━━━━━━━━━━━━━━━━━━━━━━━━━━━━━━━━━━━━━━━━━━━━━━━━━━━━━━━━━━━━━━━━━━━━━━━━━━━━━
      test count: 147
          rt (s): 8.9784, 8.9810, 8.9903, 8.9757, 8.9538, 8.9420, 8.9582, 8.9766, 8.9948, 8.9872, 9.0245, 8.9752, 8.9796, 8.9806, 8.9912, 8.9809, 8.9810, 8.9752, 8.9837, 8.9790, 8.9787, 8.9811, 8.9872, 8.9830, 9.0059, 9.0011, 8.9888, 8.9767, 8.9721, 8.9777, 8.9778, 8.9807, 8.9841, 8.9797, 9.0261, 8.9769, 8.9843, 8.9757, 8.9719, 8.9798, 8.9790, 8.9859, 9.0004, 8.9959, 8.9848, 8.9890, 8.9984, 8.9974, 8.9726, 8.9874, 8.9762, 8.9800, 8.9801, 8.9831, 8.9829, 8.9809, 8.9867, 8.9793, 9.0029, 8.9789, 8.9753, 8.9792, 8.9946, 9.0023, 8.9694, 8.9709, 8.9816, 8.9929, 8.9931, 8.9804, 8.9956, 8.9836, 8.9713, 8.9769, 8.9713, 8.9691, 8.9771, 8.9955, 8.9725, 8.9734, 8.9806, 8.9803, 9.0173, 8.9814, 8.9902, 9.0444, 9.0387, 9.0503, 9.0446, 9.0572, 9.0455, 9.0489, 9.0542, 9.0441, 9.0505, 9.0400, 9.0437, 9.0401, 9.0624, 9.0635, 9.0681, 9.0803, 9.0487, 9.0400, 9.0465, 9.0509, 9.0434, 9.0542, 9.0489, 9.0269, 9.0583, 9.0472, 9.0467, 9.0443, 9.0466, 9.0473, 9.0404, 9.0528, 9.0501, 9.0475, 9.0268, 9.0511, 9.0502, 9.0718, 9.0531, 9.0468, 9.0437, 9.0479, 9.0473, 9.0429, 9.0490, 9.0487, 9.0700, 9.0383, 9.0469, 9.0527, 9.0641, 9.0418, 9.0552, 9.0476, 9.0640, 9.0601, 9.0546, 9.0507, 9.0289, 9.0342, 9.0382
     mean rt (s): 9.0110
   stddev rt (s): 0.0345
       95% ci rt: 0.0056 -> [9.0054, 9.0167]
     coeff ci rt: 0.0006268852039295883
━━━━━━━━━━━━━━━━━━━━━━━━━━━━━━━━━━━━━━━━━━━━━━━━━━━━━━━━━━━━━━━━━━━━━━━━━━━━━━━━━━━━━━━━━━━━━━━━━━━━
━━━━━━━━━━━━━━━━━━━━━━━━━━━━━━━━━━━━━━━━━━━━━━━━━━━━━━━━━━━━━━━━━━━━━━━━━━━━━━━━━━━━━━━━━━━━━━━━━━━━
      test count: 148
          rt (s): 8.9784, 8.9810, 8.9903, 8.9757, 8.9538, 8.9420, 8.9582, 8.9766, 8.9948, 8.9872, 9.0245, 8.9752, 8.9796, 8.9806, 8.9912, 8.9809, 8.9810, 8.9752, 8.9837, 8.9790, 8.9787, 8.9811, 8.9872, 8.9830, 9.0059, 9.0011, 8.9888, 8.9767, 8.9721, 8.9777, 8.9778, 8.9807, 8.9841, 8.9797, 9.0261, 8.9769, 8.9843, 8.9757, 8.9719, 8.9798, 8.9790, 8.9859, 9.0004, 8.9959, 8.9848, 8.9890, 8.9984, 8.9974, 8.9726, 8.9874, 8.9762, 8.9800, 8.9801, 8.9831, 8.9829, 8.9809, 8.9867, 8.9793, 9.0029, 8.9789, 8.9753, 8.9792, 8.9946, 9.0023, 8.9694, 8.9709, 8.9816, 8.9929, 8.9931, 8.9804, 8.9956, 8.9836, 8.9713, 8.9769, 8.9713, 8.9691, 8.9771, 8.9955, 8.9725, 8.9734, 8.9806, 8.9803, 9.0173, 8.9814, 8.9902, 9.0444, 9.0387, 9.0503, 9.0446, 9.0572, 9.0455, 9.0489, 9.0542, 9.0441, 9.0505, 9.0400, 9.0437, 9.0401, 9.0624, 9.0635, 9.0681, 9.0803, 9.0487, 9.0400, 9.0465, 9.0509, 9.0434, 9.0542, 9.0489, 9.0269, 9.0583, 9.0472, 9.0467, 9.0443, 9.0466, 9.0473, 9.0404, 9.0528, 9.0501, 9.0475, 9.0268, 9.0511, 9.0502, 9.0718, 9.0531, 9.0468, 9.0437, 9.0479, 9.0473, 9.0429, 9.0490, 9.0487, 9.0700, 9.0383, 9.0469, 9.0527, 9.0641, 9.0418, 9.0552, 9.0476, 9.0640, 9.0601, 9.0546, 9.0507, 9.0289, 9.0342, 9.0382, 9.0462
     mean rt (s): 9.0113
   stddev rt (s): 0.0345
       95% ci rt: 0.0056 -> [9.0056, 9.0169]
     coeff ci rt: 0.0006247622034039736
━━━━━━━━━━━━━━━━━━━━━━━━━━━━━━━━━━━━━━━━━━━━━━━━━━━━━━━━━━━━━━━━━━━━━━━━━━━━━━━━━━━━━━━━━━━━━━━━━━━━
━━━━━━━━━━━━━━━━━━━━━━━━━━━━━━━━━━━━━━━━━━━━━━━━━━━━━━━━━━━━━━━━━━━━━━━━━━━━━━━━━━━━━━━━━━━━━━━━━━━━
      test count: 149
          rt (s): 8.9784, 8.9810, 8.9903, 8.9757, 8.9538, 8.9420, 8.9582, 8.9766, 8.9948, 8.9872, 9.0245, 8.9752, 8.9796, 8.9806, 8.9912, 8.9809, 8.9810, 8.9752, 8.9837, 8.9790, 8.9787, 8.9811, 8.9872, 8.9830, 9.0059, 9.0011, 8.9888, 8.9767, 8.9721, 8.9777, 8.9778, 8.9807, 8.9841, 8.9797, 9.0261, 8.9769, 8.9843, 8.9757, 8.9719, 8.9798, 8.9790, 8.9859, 9.0004, 8.9959, 8.9848, 8.9890, 8.9984, 8.9974, 8.9726, 8.9874, 8.9762, 8.9800, 8.9801, 8.9831, 8.9829, 8.9809, 8.9867, 8.9793, 9.0029, 8.9789, 8.9753, 8.9792, 8.9946, 9.0023, 8.9694, 8.9709, 8.9816, 8.9929, 8.9931, 8.9804, 8.9956, 8.9836, 8.9713, 8.9769, 8.9713, 8.9691, 8.9771, 8.9955, 8.9725, 8.9734, 8.9806, 8.9803, 9.0173, 8.9814, 8.9902, 9.0444, 9.0387, 9.0503, 9.0446, 9.0572, 9.0455, 9.0489, 9.0542, 9.0441, 9.0505, 9.0400, 9.0437, 9.0401, 9.0624, 9.0635, 9.0681, 9.0803, 9.0487, 9.0400, 9.0465, 9.0509, 9.0434, 9.0542, 9.0489, 9.0269, 9.0583, 9.0472, 9.0467, 9.0443, 9.0466, 9.0473, 9.0404, 9.0528, 9.0501, 9.0475, 9.0268, 9.0511, 9.0502, 9.0718, 9.0531, 9.0468, 9.0437, 9.0479, 9.0473, 9.0429, 9.0490, 9.0487, 9.0700, 9.0383, 9.0469, 9.0527, 9.0641, 9.0418, 9.0552, 9.0476, 9.0640, 9.0601, 9.0546, 9.0507, 9.0289, 9.0342, 9.0382, 9.0462, 9.0546
     mean rt (s): 9.0115
   stddev rt (s): 0.0346
       95% ci rt: 0.0056 -> [9.0059, 9.0172]
     coeff ci rt: 0.0006237706547130565
━━━━━━━━━━━━━━━━━━━━━━━━━━━━━━━━━━━━━━━━━━━━━━━━━━━━━━━━━━━━━━━━━━━━━━━━━━━━━━━━━━━━━━━━━━━━━━━━━━━━
━━━━━━━━━━━━━━━━━━━━━━━━━━━━━━━━━━━━━━━━━━━━━━━━━━━━━━━━━━━━━━━━━━━━━━━━━━━━━━━━━━━━━━━━━━━━━━━━━━━━
      test count: 150
          rt (s): 8.9784, 8.9810, 8.9903, 8.9757, 8.9538, 8.9420, 8.9582, 8.9766, 8.9948, 8.9872, 9.0245, 8.9752, 8.9796, 8.9806, 8.9912, 8.9809, 8.9810, 8.9752, 8.9837, 8.9790, 8.9787, 8.9811, 8.9872, 8.9830, 9.0059, 9.0011, 8.9888, 8.9767, 8.9721, 8.9777, 8.9778, 8.9807, 8.9841, 8.9797, 9.0261, 8.9769, 8.9843, 8.9757, 8.9719, 8.9798, 8.9790, 8.9859, 9.0004, 8.9959, 8.9848, 8.9890, 8.9984, 8.9974, 8.9726, 8.9874, 8.9762, 8.9800, 8.9801, 8.9831, 8.9829, 8.9809, 8.9867, 8.9793, 9.0029, 8.9789, 8.9753, 8.9792, 8.9946, 9.0023, 8.9694, 8.9709, 8.9816, 8.9929, 8.9931, 8.9804, 8.9956, 8.9836, 8.9713, 8.9769, 8.9713, 8.9691, 8.9771, 8.9955, 8.9725, 8.9734, 8.9806, 8.9803, 9.0173, 8.9814, 8.9902, 9.0444, 9.0387, 9.0503, 9.0446, 9.0572, 9.0455, 9.0489, 9.0542, 9.0441, 9.0505, 9.0400, 9.0437, 9.0401, 9.0624, 9.0635, 9.0681, 9.0803, 9.0487, 9.0400, 9.0465, 9.0509, 9.0434, 9.0542, 9.0489, 9.0269, 9.0583, 9.0472, 9.0467, 9.0443, 9.0466, 9.0473, 9.0404, 9.0528, 9.0501, 9.0475, 9.0268, 9.0511, 9.0502, 9.0718, 9.0531, 9.0468, 9.0437, 9.0479, 9.0473, 9.0429, 9.0490, 9.0487, 9.0700, 9.0383, 9.0469, 9.0527, 9.0641, 9.0418, 9.0552, 9.0476, 9.0640, 9.0601, 9.0546, 9.0507, 9.0289, 9.0342, 9.0382, 9.0462, 9.0546, 9.0403
     mean rt (s): 9.0117
   stddev rt (s): 0.0346
       95% ci rt: 0.0056 -> [9.0061, 9.0173]
     coeff ci rt: 0.0006209749436612989
━━━━━━━━━━━━━━━━━━━━━━━━━━━━━━━━━━━━━━━━━━━━━━━━━━━━━━━━━━━━━━━━━━━━━━━━━━━━━━━━━━━━━━━━━━━━━━━━━━━━
━━━━━━━━━━━━━━━━━━━━━━━━━━━━━━━━━━━━━━━━━━━━━━━━━━━━━━━━━━━━━━━━━━━━━━━━━━━━━━━━━━━━━━━━━━━━━━━━━━━━
      test count: 151
          rt (s): 8.9784, 8.9810, 8.9903, 8.9757, 8.9538, 8.9420, 8.9582, 8.9766, 8.9948, 8.9872, 9.0245, 8.9752, 8.9796, 8.9806, 8.9912, 8.9809, 8.9810, 8.9752, 8.9837, 8.9790, 8.9787, 8.9811, 8.9872, 8.9830, 9.0059, 9.0011, 8.9888, 8.9767, 8.9721, 8.9777, 8.9778, 8.9807, 8.9841, 8.9797, 9.0261, 8.9769, 8.9843, 8.9757, 8.9719, 8.9798, 8.9790, 8.9859, 9.0004, 8.9959, 8.9848, 8.9890, 8.9984, 8.9974, 8.9726, 8.9874, 8.9762, 8.9800, 8.9801, 8.9831, 8.9829, 8.9809, 8.9867, 8.9793, 9.0029, 8.9789, 8.9753, 8.9792, 8.9946, 9.0023, 8.9694, 8.9709, 8.9816, 8.9929, 8.9931, 8.9804, 8.9956, 8.9836, 8.9713, 8.9769, 8.9713, 8.9691, 8.9771, 8.9955, 8.9725, 8.9734, 8.9806, 8.9803, 9.0173, 8.9814, 8.9902, 9.0444, 9.0387, 9.0503, 9.0446, 9.0572, 9.0455, 9.0489, 9.0542, 9.0441, 9.0505, 9.0400, 9.0437, 9.0401, 9.0624, 9.0635, 9.0681, 9.0803, 9.0487, 9.0400, 9.0465, 9.0509, 9.0434, 9.0542, 9.0489, 9.0269, 9.0583, 9.0472, 9.0467, 9.0443, 9.0466, 9.0473, 9.0404, 9.0528, 9.0501, 9.0475, 9.0268, 9.0511, 9.0502, 9.0718, 9.0531, 9.0468, 9.0437, 9.0479, 9.0473, 9.0429, 9.0490, 9.0487, 9.0700, 9.0383, 9.0469, 9.0527, 9.0641, 9.0418, 9.0552, 9.0476, 9.0640, 9.0601, 9.0546, 9.0507, 9.0289, 9.0342, 9.0382, 9.0462, 9.0546, 9.0403, 9.0361
     mean rt (s): 9.0119
   stddev rt (s): 0.0345
       95% ci rt: 0.0056 -> [9.0063, 9.0175]
     coeff ci rt: 0.0006178176420211606
━━━━━━━━━━━━━━━━━━━━━━━━━━━━━━━━━━━━━━━━━━━━━━━━━━━━━━━━━━━━━━━━━━━━━━━━━━━━━━━━━━━━━━━━━━━━━━━━━━━━
━━━━━━━━━━━━━━━━━━━━━━━━━━━━━━━━━━━━━━━━━━━━━━━━━━━━━━━━━━━━━━━━━━━━━━━━━━━━━━━━━━━━━━━━━━━━━━━━━━━━
      test count: 152
          rt (s): 8.9784, 8.9810, 8.9903, 8.9757, 8.9538, 8.9420, 8.9582, 8.9766, 8.9948, 8.9872, 9.0245, 8.9752, 8.9796, 8.9806, 8.9912, 8.9809, 8.9810, 8.9752, 8.9837, 8.9790, 8.9787, 8.9811, 8.9872, 8.9830, 9.0059, 9.0011, 8.9888, 8.9767, 8.9721, 8.9777, 8.9778, 8.9807, 8.9841, 8.9797, 9.0261, 8.9769, 8.9843, 8.9757, 8.9719, 8.9798, 8.9790, 8.9859, 9.0004, 8.9959, 8.9848, 8.9890, 8.9984, 8.9974, 8.9726, 8.9874, 8.9762, 8.9800, 8.9801, 8.9831, 8.9829, 8.9809, 8.9867, 8.9793, 9.0029, 8.9789, 8.9753, 8.9792, 8.9946, 9.0023, 8.9694, 8.9709, 8.9816, 8.9929, 8.9931, 8.9804, 8.9956, 8.9836, 8.9713, 8.9769, 8.9713, 8.9691, 8.9771, 8.9955, 8.9725, 8.9734, 8.9806, 8.9803, 9.0173, 8.9814, 8.9902, 9.0444, 9.0387, 9.0503, 9.0446, 9.0572, 9.0455, 9.0489, 9.0542, 9.0441, 9.0505, 9.0400, 9.0437, 9.0401, 9.0624, 9.0635, 9.0681, 9.0803, 9.0487, 9.0400, 9.0465, 9.0509, 9.0434, 9.0542, 9.0489, 9.0269, 9.0583, 9.0472, 9.0467, 9.0443, 9.0466, 9.0473, 9.0404, 9.0528, 9.0501, 9.0475, 9.0268, 9.0511, 9.0502, 9.0718, 9.0531, 9.0468, 9.0437, 9.0479, 9.0473, 9.0429, 9.0490, 9.0487, 9.0700, 9.0383, 9.0469, 9.0527, 9.0641, 9.0418, 9.0552, 9.0476, 9.0640, 9.0601, 9.0546, 9.0507, 9.0289, 9.0342, 9.0382, 9.0462, 9.0546, 9.0403, 9.0361, 9.0526
     mean rt (s): 9.0122
   stddev rt (s): 0.0346
       95% ci rt: 0.0056 -> [9.0066, 9.0177]
     coeff ci rt: 0.0006164897057218559
━━━━━━━━━━━━━━━━━━━━━━━━━━━━━━━━━━━━━━━━━━━━━━━━━━━━━━━━━━━━━━━━━━━━━━━━━━━━━━━━━━━━━━━━━━━━━━━━━━━━
━━━━━━━━━━━━━━━━━━━━━━━━━━━━━━━━━━━━━━━━━━━━━━━━━━━━━━━━━━━━━━━━━━━━━━━━━━━━━━━━━━━━━━━━━━━━━━━━━━━━
      test count: 153
          rt (s): 8.9784, 8.9810, 8.9903, 8.9757, 8.9538, 8.9420, 8.9582, 8.9766, 8.9948, 8.9872, 9.0245, 8.9752, 8.9796, 8.9806, 8.9912, 8.9809, 8.9810, 8.9752, 8.9837, 8.9790, 8.9787, 8.9811, 8.9872, 8.9830, 9.0059, 9.0011, 8.9888, 8.9767, 8.9721, 8.9777, 8.9778, 8.9807, 8.9841, 8.9797, 9.0261, 8.9769, 8.9843, 8.9757, 8.9719, 8.9798, 8.9790, 8.9859, 9.0004, 8.9959, 8.9848, 8.9890, 8.9984, 8.9974, 8.9726, 8.9874, 8.9762, 8.9800, 8.9801, 8.9831, 8.9829, 8.9809, 8.9867, 8.9793, 9.0029, 8.9789, 8.9753, 8.9792, 8.9946, 9.0023, 8.9694, 8.9709, 8.9816, 8.9929, 8.9931, 8.9804, 8.9956, 8.9836, 8.9713, 8.9769, 8.9713, 8.9691, 8.9771, 8.9955, 8.9725, 8.9734, 8.9806, 8.9803, 9.0173, 8.9814, 8.9902, 9.0444, 9.0387, 9.0503, 9.0446, 9.0572, 9.0455, 9.0489, 9.0542, 9.0441, 9.0505, 9.0400, 9.0437, 9.0401, 9.0624, 9.0635, 9.0681, 9.0803, 9.0487, 9.0400, 9.0465, 9.0509, 9.0434, 9.0542, 9.0489, 9.0269, 9.0583, 9.0472, 9.0467, 9.0443, 9.0466, 9.0473, 9.0404, 9.0528, 9.0501, 9.0475, 9.0268, 9.0511, 9.0502, 9.0718, 9.0531, 9.0468, 9.0437, 9.0479, 9.0473, 9.0429, 9.0490, 9.0487, 9.0700, 9.0383, 9.0469, 9.0527, 9.0641, 9.0418, 9.0552, 9.0476, 9.0640, 9.0601, 9.0546, 9.0507, 9.0289, 9.0342, 9.0382, 9.0462, 9.0546, 9.0403, 9.0361, 9.0526, 9.0442
     mean rt (s): 9.0124
   stddev rt (s): 0.0345
       95% ci rt: 0.0055 -> [9.0068, 9.0179]
     coeff ci rt: 0.0006141178315475531
━━━━━━━━━━━━━━━━━━━━━━━━━━━━━━━━━━━━━━━━━━━━━━━━━━━━━━━━━━━━━━━━━━━━━━━━━━━━━━━━━━━━━━━━━━━━━━━━━━━━
━━━━━━━━━━━━━━━━━━━━━━━━━━━━━━━━━━━━━━━━━━━━━━━━━━━━━━━━━━━━━━━━━━━━━━━━━━━━━━━━━━━━━━━━━━━━━━━━━━━━
      test count: 154
          rt (s): 8.9784, 8.9810, 8.9903, 8.9757, 8.9538, 8.9420, 8.9582, 8.9766, 8.9948, 8.9872, 9.0245, 8.9752, 8.9796, 8.9806, 8.9912, 8.9809, 8.9810, 8.9752, 8.9837, 8.9790, 8.9787, 8.9811, 8.9872, 8.9830, 9.0059, 9.0011, 8.9888, 8.9767, 8.9721, 8.9777, 8.9778, 8.9807, 8.9841, 8.9797, 9.0261, 8.9769, 8.9843, 8.9757, 8.9719, 8.9798, 8.9790, 8.9859, 9.0004, 8.9959, 8.9848, 8.9890, 8.9984, 8.9974, 8.9726, 8.9874, 8.9762, 8.9800, 8.9801, 8.9831, 8.9829, 8.9809, 8.9867, 8.9793, 9.0029, 8.9789, 8.9753, 8.9792, 8.9946, 9.0023, 8.9694, 8.9709, 8.9816, 8.9929, 8.9931, 8.9804, 8.9956, 8.9836, 8.9713, 8.9769, 8.9713, 8.9691, 8.9771, 8.9955, 8.9725, 8.9734, 8.9806, 8.9803, 9.0173, 8.9814, 8.9902, 9.0444, 9.0387, 9.0503, 9.0446, 9.0572, 9.0455, 9.0489, 9.0542, 9.0441, 9.0505, 9.0400, 9.0437, 9.0401, 9.0624, 9.0635, 9.0681, 9.0803, 9.0487, 9.0400, 9.0465, 9.0509, 9.0434, 9.0542, 9.0489, 9.0269, 9.0583, 9.0472, 9.0467, 9.0443, 9.0466, 9.0473, 9.0404, 9.0528, 9.0501, 9.0475, 9.0268, 9.0511, 9.0502, 9.0718, 9.0531, 9.0468, 9.0437, 9.0479, 9.0473, 9.0429, 9.0490, 9.0487, 9.0700, 9.0383, 9.0469, 9.0527, 9.0641, 9.0418, 9.0552, 9.0476, 9.0640, 9.0601, 9.0546, 9.0507, 9.0289, 9.0342, 9.0382, 9.0462, 9.0546, 9.0403, 9.0361, 9.0526, 9.0442, 9.0464
     mean rt (s): 9.0126
   stddev rt (s): 0.0345
       95% ci rt: 0.0055 -> [9.0071, 9.0181]
     coeff ci rt: 0.0006119892628405868
━━━━━━━━━━━━━━━━━━━━━━━━━━━━━━━━━━━━━━━━━━━━━━━━━━━━━━━━━━━━━━━━━━━━━━━━━━━━━━━━━━━━━━━━━━━━━━━━━━━━
━━━━━━━━━━━━━━━━━━━━━━━━━━━━━━━━━━━━━━━━━━━━━━━━━━━━━━━━━━━━━━━━━━━━━━━━━━━━━━━━━━━━━━━━━━━━━━━━━━━━
      test count: 155
          rt (s): 8.9784, 8.9810, 8.9903, 8.9757, 8.9538, 8.9420, 8.9582, 8.9766, 8.9948, 8.9872, 9.0245, 8.9752, 8.9796, 8.9806, 8.9912, 8.9809, 8.9810, 8.9752, 8.9837, 8.9790, 8.9787, 8.9811, 8.9872, 8.9830, 9.0059, 9.0011, 8.9888, 8.9767, 8.9721, 8.9777, 8.9778, 8.9807, 8.9841, 8.9797, 9.0261, 8.9769, 8.9843, 8.9757, 8.9719, 8.9798, 8.9790, 8.9859, 9.0004, 8.9959, 8.9848, 8.9890, 8.9984, 8.9974, 8.9726, 8.9874, 8.9762, 8.9800, 8.9801, 8.9831, 8.9829, 8.9809, 8.9867, 8.9793, 9.0029, 8.9789, 8.9753, 8.9792, 8.9946, 9.0023, 8.9694, 8.9709, 8.9816, 8.9929, 8.9931, 8.9804, 8.9956, 8.9836, 8.9713, 8.9769, 8.9713, 8.9691, 8.9771, 8.9955, 8.9725, 8.9734, 8.9806, 8.9803, 9.0173, 8.9814, 8.9902, 9.0444, 9.0387, 9.0503, 9.0446, 9.0572, 9.0455, 9.0489, 9.0542, 9.0441, 9.0505, 9.0400, 9.0437, 9.0401, 9.0624, 9.0635, 9.0681, 9.0803, 9.0487, 9.0400, 9.0465, 9.0509, 9.0434, 9.0542, 9.0489, 9.0269, 9.0583, 9.0472, 9.0467, 9.0443, 9.0466, 9.0473, 9.0404, 9.0528, 9.0501, 9.0475, 9.0268, 9.0511, 9.0502, 9.0718, 9.0531, 9.0468, 9.0437, 9.0479, 9.0473, 9.0429, 9.0490, 9.0487, 9.0700, 9.0383, 9.0469, 9.0527, 9.0641, 9.0418, 9.0552, 9.0476, 9.0640, 9.0601, 9.0546, 9.0507, 9.0289, 9.0342, 9.0382, 9.0462, 9.0546, 9.0403, 9.0361, 9.0526, 9.0442, 9.0464, 9.0482
     mean rt (s): 9.0128
   stddev rt (s): 0.0345
       95% ci rt: 0.0055 -> [9.0073, 9.0183]
     coeff ci rt: 0.0006100621203442064
━━━━━━━━━━━━━━━━━━━━━━━━━━━━━━━━━━━━━━━━━━━━━━━━━━━━━━━━━━━━━━━━━━━━━━━━━━━━━━━━━━━━━━━━━━━━━━━━━━━━
━━━━━━━━━━━━━━━━━━━━━━━━━━━━━━━━━━━━━━━━━━━━━━━━━━━━━━━━━━━━━━━━━━━━━━━━━━━━━━━━━━━━━━━━━━━━━━━━━━━━
      test count: 156
          rt (s): 8.9784, 8.9810, 8.9903, 8.9757, 8.9538, 8.9420, 8.9582, 8.9766, 8.9948, 8.9872, 9.0245, 8.9752, 8.9796, 8.9806, 8.9912, 8.9809, 8.9810, 8.9752, 8.9837, 8.9790, 8.9787, 8.9811, 8.9872, 8.9830, 9.0059, 9.0011, 8.9888, 8.9767, 8.9721, 8.9777, 8.9778, 8.9807, 8.9841, 8.9797, 9.0261, 8.9769, 8.9843, 8.9757, 8.9719, 8.9798, 8.9790, 8.9859, 9.0004, 8.9959, 8.9848, 8.9890, 8.9984, 8.9974, 8.9726, 8.9874, 8.9762, 8.9800, 8.9801, 8.9831, 8.9829, 8.9809, 8.9867, 8.9793, 9.0029, 8.9789, 8.9753, 8.9792, 8.9946, 9.0023, 8.9694, 8.9709, 8.9816, 8.9929, 8.9931, 8.9804, 8.9956, 8.9836, 8.9713, 8.9769, 8.9713, 8.9691, 8.9771, 8.9955, 8.9725, 8.9734, 8.9806, 8.9803, 9.0173, 8.9814, 8.9902, 9.0444, 9.0387, 9.0503, 9.0446, 9.0572, 9.0455, 9.0489, 9.0542, 9.0441, 9.0505, 9.0400, 9.0437, 9.0401, 9.0624, 9.0635, 9.0681, 9.0803, 9.0487, 9.0400, 9.0465, 9.0509, 9.0434, 9.0542, 9.0489, 9.0269, 9.0583, 9.0472, 9.0467, 9.0443, 9.0466, 9.0473, 9.0404, 9.0528, 9.0501, 9.0475, 9.0268, 9.0511, 9.0502, 9.0718, 9.0531, 9.0468, 9.0437, 9.0479, 9.0473, 9.0429, 9.0490, 9.0487, 9.0700, 9.0383, 9.0469, 9.0527, 9.0641, 9.0418, 9.0552, 9.0476, 9.0640, 9.0601, 9.0546, 9.0507, 9.0289, 9.0342, 9.0382, 9.0462, 9.0546, 9.0403, 9.0361, 9.0526, 9.0442, 9.0464, 9.0482, 9.0327
     mean rt (s): 9.0130
   stddev rt (s): 0.0345
       95% ci rt: 0.0055 -> [9.0075, 9.0184]
     coeff ci rt: 0.0006067420624847515
━━━━━━━━━━━━━━━━━━━━━━━━━━━━━━━━━━━━━━━━━━━━━━━━━━━━━━━━━━━━━━━━━━━━━━━━━━━━━━━━━━━━━━━━━━━━━━━━━━━━
━━━━━━━━━━━━━━━━━━━━━━━━━━━━━━━━━━━━━━━━━━━━━━━━━━━━━━━━━━━━━━━━━━━━━━━━━━━━━━━━━━━━━━━━━━━━━━━━━━━━
      test count: 157
          rt (s): 8.9784, 8.9810, 8.9903, 8.9757, 8.9538, 8.9420, 8.9582, 8.9766, 8.9948, 8.9872, 9.0245, 8.9752, 8.9796, 8.9806, 8.9912, 8.9809, 8.9810, 8.9752, 8.9837, 8.9790, 8.9787, 8.9811, 8.9872, 8.9830, 9.0059, 9.0011, 8.9888, 8.9767, 8.9721, 8.9777, 8.9778, 8.9807, 8.9841, 8.9797, 9.0261, 8.9769, 8.9843, 8.9757, 8.9719, 8.9798, 8.9790, 8.9859, 9.0004, 8.9959, 8.9848, 8.9890, 8.9984, 8.9974, 8.9726, 8.9874, 8.9762, 8.9800, 8.9801, 8.9831, 8.9829, 8.9809, 8.9867, 8.9793, 9.0029, 8.9789, 8.9753, 8.9792, 8.9946, 9.0023, 8.9694, 8.9709, 8.9816, 8.9929, 8.9931, 8.9804, 8.9956, 8.9836, 8.9713, 8.9769, 8.9713, 8.9691, 8.9771, 8.9955, 8.9725, 8.9734, 8.9806, 8.9803, 9.0173, 8.9814, 8.9902, 9.0444, 9.0387, 9.0503, 9.0446, 9.0572, 9.0455, 9.0489, 9.0542, 9.0441, 9.0505, 9.0400, 9.0437, 9.0401, 9.0624, 9.0635, 9.0681, 9.0803, 9.0487, 9.0400, 9.0465, 9.0509, 9.0434, 9.0542, 9.0489, 9.0269, 9.0583, 9.0472, 9.0467, 9.0443, 9.0466, 9.0473, 9.0404, 9.0528, 9.0501, 9.0475, 9.0268, 9.0511, 9.0502, 9.0718, 9.0531, 9.0468, 9.0437, 9.0479, 9.0473, 9.0429, 9.0490, 9.0487, 9.0700, 9.0383, 9.0469, 9.0527, 9.0641, 9.0418, 9.0552, 9.0476, 9.0640, 9.0601, 9.0546, 9.0507, 9.0289, 9.0342, 9.0382, 9.0462, 9.0546, 9.0403, 9.0361, 9.0526, 9.0442, 9.0464, 9.0482, 9.0327, 9.0476
     mean rt (s): 9.0132
   stddev rt (s): 0.0345
       95% ci rt: 0.0055 -> [9.0077, 9.0186]
     coeff ci rt: 0.000604756714428942
━━━━━━━━━━━━━━━━━━━━━━━━━━━━━━━━━━━━━━━━━━━━━━━━━━━━━━━━━━━━━━━━━━━━━━━━━━━━━━━━━━━━━━━━━━━━━━━━━━━━
━━━━━━━━━━━━━━━━━━━━━━━━━━━━━━━━━━━━━━━━━━━━━━━━━━━━━━━━━━━━━━━━━━━━━━━━━━━━━━━━━━━━━━━━━━━━━━━━━━━━
      test count: 158
          rt (s): 8.9784, 8.9810, 8.9903, 8.9757, 8.9538, 8.9420, 8.9582, 8.9766, 8.9948, 8.9872, 9.0245, 8.9752, 8.9796, 8.9806, 8.9912, 8.9809, 8.9810, 8.9752, 8.9837, 8.9790, 8.9787, 8.9811, 8.9872, 8.9830, 9.0059, 9.0011, 8.9888, 8.9767, 8.9721, 8.9777, 8.9778, 8.9807, 8.9841, 8.9797, 9.0261, 8.9769, 8.9843, 8.9757, 8.9719, 8.9798, 8.9790, 8.9859, 9.0004, 8.9959, 8.9848, 8.9890, 8.9984, 8.9974, 8.9726, 8.9874, 8.9762, 8.9800, 8.9801, 8.9831, 8.9829, 8.9809, 8.9867, 8.9793, 9.0029, 8.9789, 8.9753, 8.9792, 8.9946, 9.0023, 8.9694, 8.9709, 8.9816, 8.9929, 8.9931, 8.9804, 8.9956, 8.9836, 8.9713, 8.9769, 8.9713, 8.9691, 8.9771, 8.9955, 8.9725, 8.9734, 8.9806, 8.9803, 9.0173, 8.9814, 8.9902, 9.0444, 9.0387, 9.0503, 9.0446, 9.0572, 9.0455, 9.0489, 9.0542, 9.0441, 9.0505, 9.0400, 9.0437, 9.0401, 9.0624, 9.0635, 9.0681, 9.0803, 9.0487, 9.0400, 9.0465, 9.0509, 9.0434, 9.0542, 9.0489, 9.0269, 9.0583, 9.0472, 9.0467, 9.0443, 9.0466, 9.0473, 9.0404, 9.0528, 9.0501, 9.0475, 9.0268, 9.0511, 9.0502, 9.0718, 9.0531, 9.0468, 9.0437, 9.0479, 9.0473, 9.0429, 9.0490, 9.0487, 9.0700, 9.0383, 9.0469, 9.0527, 9.0641, 9.0418, 9.0552, 9.0476, 9.0640, 9.0601, 9.0546, 9.0507, 9.0289, 9.0342, 9.0382, 9.0462, 9.0546, 9.0403, 9.0361, 9.0526, 9.0442, 9.0464, 9.0482, 9.0327, 9.0476, 9.0436
     mean rt (s): 9.0134
   stddev rt (s): 0.0344
       95% ci rt: 0.0054 -> [9.0079, 9.0188]
     coeff ci rt: 0.0006023541127852157
━━━━━━━━━━━━━━━━━━━━━━━━━━━━━━━━━━━━━━━━━━━━━━━━━━━━━━━━━━━━━━━━━━━━━━━━━━━━━━━━━━━━━━━━━━━━━━━━━━━━
━━━━━━━━━━━━━━━━━━━━━━━━━━━━━━━━━━━━━━━━━━━━━━━━━━━━━━━━━━━━━━━━━━━━━━━━━━━━━━━━━━━━━━━━━━━━━━━━━━━━
      test count: 159
          rt (s): 8.9784, 8.9810, 8.9903, 8.9757, 8.9538, 8.9420, 8.9582, 8.9766, 8.9948, 8.9872, 9.0245, 8.9752, 8.9796, 8.9806, 8.9912, 8.9809, 8.9810, 8.9752, 8.9837, 8.9790, 8.9787, 8.9811, 8.9872, 8.9830, 9.0059, 9.0011, 8.9888, 8.9767, 8.9721, 8.9777, 8.9778, 8.9807, 8.9841, 8.9797, 9.0261, 8.9769, 8.9843, 8.9757, 8.9719, 8.9798, 8.9790, 8.9859, 9.0004, 8.9959, 8.9848, 8.9890, 8.9984, 8.9974, 8.9726, 8.9874, 8.9762, 8.9800, 8.9801, 8.9831, 8.9829, 8.9809, 8.9867, 8.9793, 9.0029, 8.9789, 8.9753, 8.9792, 8.9946, 9.0023, 8.9694, 8.9709, 8.9816, 8.9929, 8.9931, 8.9804, 8.9956, 8.9836, 8.9713, 8.9769, 8.9713, 8.9691, 8.9771, 8.9955, 8.9725, 8.9734, 8.9806, 8.9803, 9.0173, 8.9814, 8.9902, 9.0444, 9.0387, 9.0503, 9.0446, 9.0572, 9.0455, 9.0489, 9.0542, 9.0441, 9.0505, 9.0400, 9.0437, 9.0401, 9.0624, 9.0635, 9.0681, 9.0803, 9.0487, 9.0400, 9.0465, 9.0509, 9.0434, 9.0542, 9.0489, 9.0269, 9.0583, 9.0472, 9.0467, 9.0443, 9.0466, 9.0473, 9.0404, 9.0528, 9.0501, 9.0475, 9.0268, 9.0511, 9.0502, 9.0718, 9.0531, 9.0468, 9.0437, 9.0479, 9.0473, 9.0429, 9.0490, 9.0487, 9.0700, 9.0383, 9.0469, 9.0527, 9.0641, 9.0418, 9.0552, 9.0476, 9.0640, 9.0601, 9.0546, 9.0507, 9.0289, 9.0342, 9.0382, 9.0462, 9.0546, 9.0403, 9.0361, 9.0526, 9.0442, 9.0464, 9.0482, 9.0327, 9.0476, 9.0436, 9.0429
     mean rt (s): 9.0136
   stddev rt (s): 0.0344
       95% ci rt: 0.0054 -> [9.0081, 9.0190]
     coeff ci rt: 0.0005998942014544226
━━━━━━━━━━━━━━━━━━━━━━━━━━━━━━━━━━━━━━━━━━━━━━━━━━━━━━━━━━━━━━━━━━━━━━━━━━━━━━━━━━━━━━━━━━━━━━━━━━━━
━━━━━━━━━━━━━━━━━━━━━━━━━━━━━━━━━━━━━━━━━━━━━━━━━━━━━━━━━━━━━━━━━━━━━━━━━━━━━━━━━━━━━━━━━━━━━━━━━━━━
      test count: 160
          rt (s): 8.9784, 8.9810, 8.9903, 8.9757, 8.9538, 8.9420, 8.9582, 8.9766, 8.9948, 8.9872, 9.0245, 8.9752, 8.9796, 8.9806, 8.9912, 8.9809, 8.9810, 8.9752, 8.9837, 8.9790, 8.9787, 8.9811, 8.9872, 8.9830, 9.0059, 9.0011, 8.9888, 8.9767, 8.9721, 8.9777, 8.9778, 8.9807, 8.9841, 8.9797, 9.0261, 8.9769, 8.9843, 8.9757, 8.9719, 8.9798, 8.9790, 8.9859, 9.0004, 8.9959, 8.9848, 8.9890, 8.9984, 8.9974, 8.9726, 8.9874, 8.9762, 8.9800, 8.9801, 8.9831, 8.9829, 8.9809, 8.9867, 8.9793, 9.0029, 8.9789, 8.9753, 8.9792, 8.9946, 9.0023, 8.9694, 8.9709, 8.9816, 8.9929, 8.9931, 8.9804, 8.9956, 8.9836, 8.9713, 8.9769, 8.9713, 8.9691, 8.9771, 8.9955, 8.9725, 8.9734, 8.9806, 8.9803, 9.0173, 8.9814, 8.9902, 9.0444, 9.0387, 9.0503, 9.0446, 9.0572, 9.0455, 9.0489, 9.0542, 9.0441, 9.0505, 9.0400, 9.0437, 9.0401, 9.0624, 9.0635, 9.0681, 9.0803, 9.0487, 9.0400, 9.0465, 9.0509, 9.0434, 9.0542, 9.0489, 9.0269, 9.0583, 9.0472, 9.0467, 9.0443, 9.0466, 9.0473, 9.0404, 9.0528, 9.0501, 9.0475, 9.0268, 9.0511, 9.0502, 9.0718, 9.0531, 9.0468, 9.0437, 9.0479, 9.0473, 9.0429, 9.0490, 9.0487, 9.0700, 9.0383, 9.0469, 9.0527, 9.0641, 9.0418, 9.0552, 9.0476, 9.0640, 9.0601, 9.0546, 9.0507, 9.0289, 9.0342, 9.0382, 9.0462, 9.0546, 9.0403, 9.0361, 9.0526, 9.0442, 9.0464, 9.0482, 9.0327, 9.0476, 9.0436, 9.0429, 9.0457
     mean rt (s): 9.0138
   stddev rt (s): 0.0344
       95% ci rt: 0.0054 -> [9.0084, 9.0191]
     coeff ci rt: 0.0005977142172257201
━━━━━━━━━━━━━━━━━━━━━━━━━━━━━━━━━━━━━━━━━━━━━━━━━━━━━━━━━━━━━━━━━━━━━━━━━━━━━━━━━━━━━━━━━━━━━━━━━━━━
━━━━━━━━━━━━━━━━━━━━━━━━━━━━━━━━━━━━━━━━━━━━━━━━━━━━━━━━━━━━━━━━━━━━━━━━━━━━━━━━━━━━━━━━━━━━━━━━━━━━
      test count: 161
          rt (s): 8.9784, 8.9810, 8.9903, 8.9757, 8.9538, 8.9420, 8.9582, 8.9766, 8.9948, 8.9872, 9.0245, 8.9752, 8.9796, 8.9806, 8.9912, 8.9809, 8.9810, 8.9752, 8.9837, 8.9790, 8.9787, 8.9811, 8.9872, 8.9830, 9.0059, 9.0011, 8.9888, 8.9767, 8.9721, 8.9777, 8.9778, 8.9807, 8.9841, 8.9797, 9.0261, 8.9769, 8.9843, 8.9757, 8.9719, 8.9798, 8.9790, 8.9859, 9.0004, 8.9959, 8.9848, 8.9890, 8.9984, 8.9974, 8.9726, 8.9874, 8.9762, 8.9800, 8.9801, 8.9831, 8.9829, 8.9809, 8.9867, 8.9793, 9.0029, 8.9789, 8.9753, 8.9792, 8.9946, 9.0023, 8.9694, 8.9709, 8.9816, 8.9929, 8.9931, 8.9804, 8.9956, 8.9836, 8.9713, 8.9769, 8.9713, 8.9691, 8.9771, 8.9955, 8.9725, 8.9734, 8.9806, 8.9803, 9.0173, 8.9814, 8.9902, 9.0444, 9.0387, 9.0503, 9.0446, 9.0572, 9.0455, 9.0489, 9.0542, 9.0441, 9.0505, 9.0400, 9.0437, 9.0401, 9.0624, 9.0635, 9.0681, 9.0803, 9.0487, 9.0400, 9.0465, 9.0509, 9.0434, 9.0542, 9.0489, 9.0269, 9.0583, 9.0472, 9.0467, 9.0443, 9.0466, 9.0473, 9.0404, 9.0528, 9.0501, 9.0475, 9.0268, 9.0511, 9.0502, 9.0718, 9.0531, 9.0468, 9.0437, 9.0479, 9.0473, 9.0429, 9.0490, 9.0487, 9.0700, 9.0383, 9.0469, 9.0527, 9.0641, 9.0418, 9.0552, 9.0476, 9.0640, 9.0601, 9.0546, 9.0507, 9.0289, 9.0342, 9.0382, 9.0462, 9.0546, 9.0403, 9.0361, 9.0526, 9.0442, 9.0464, 9.0482, 9.0327, 9.0476, 9.0436, 9.0429, 9.0457, 9.0622
     mean rt (s): 9.0141
   stddev rt (s): 0.0345
       95% ci rt: 0.0054 -> [9.0087, 9.0194]
     coeff ci rt: 0.0005975893700160361
━━━━━━━━━━━━━━━━━━━━━━━━━━━━━━━━━━━━━━━━━━━━━━━━━━━━━━━━━━━━━━━━━━━━━━━━━━━━━━━━━━━━━━━━━━━━━━━━━━━━
━━━━━━━━━━━━━━━━━━━━━━━━━━━━━━━━━━━━━━━━━━━━━━━━━━━━━━━━━━━━━━━━━━━━━━━━━━━━━━━━━━━━━━━━━━━━━━━━━━━━
      test count: 162
          rt (s): 8.9784, 8.9810, 8.9903, 8.9757, 8.9538, 8.9420, 8.9582, 8.9766, 8.9948, 8.9872, 9.0245, 8.9752, 8.9796, 8.9806, 8.9912, 8.9809, 8.9810, 8.9752, 8.9837, 8.9790, 8.9787, 8.9811, 8.9872, 8.9830, 9.0059, 9.0011, 8.9888, 8.9767, 8.9721, 8.9777, 8.9778, 8.9807, 8.9841, 8.9797, 9.0261, 8.9769, 8.9843, 8.9757, 8.9719, 8.9798, 8.9790, 8.9859, 9.0004, 8.9959, 8.9848, 8.9890, 8.9984, 8.9974, 8.9726, 8.9874, 8.9762, 8.9800, 8.9801, 8.9831, 8.9829, 8.9809, 8.9867, 8.9793, 9.0029, 8.9789, 8.9753, 8.9792, 8.9946, 9.0023, 8.9694, 8.9709, 8.9816, 8.9929, 8.9931, 8.9804, 8.9956, 8.9836, 8.9713, 8.9769, 8.9713, 8.9691, 8.9771, 8.9955, 8.9725, 8.9734, 8.9806, 8.9803, 9.0173, 8.9814, 8.9902, 9.0444, 9.0387, 9.0503, 9.0446, 9.0572, 9.0455, 9.0489, 9.0542, 9.0441, 9.0505, 9.0400, 9.0437, 9.0401, 9.0624, 9.0635, 9.0681, 9.0803, 9.0487, 9.0400, 9.0465, 9.0509, 9.0434, 9.0542, 9.0489, 9.0269, 9.0583, 9.0472, 9.0467, 9.0443, 9.0466, 9.0473, 9.0404, 9.0528, 9.0501, 9.0475, 9.0268, 9.0511, 9.0502, 9.0718, 9.0531, 9.0468, 9.0437, 9.0479, 9.0473, 9.0429, 9.0490, 9.0487, 9.0700, 9.0383, 9.0469, 9.0527, 9.0641, 9.0418, 9.0552, 9.0476, 9.0640, 9.0601, 9.0546, 9.0507, 9.0289, 9.0342, 9.0382, 9.0462, 9.0546, 9.0403, 9.0361, 9.0526, 9.0442, 9.0464, 9.0482, 9.0327, 9.0476, 9.0436, 9.0429, 9.0457, 9.0622, 9.0449
     mean rt (s): 9.0142
   stddev rt (s): 0.0345
       95% ci rt: 0.0054 -> [9.0089, 9.0196]
     coeff ci rt: 0.0005953115676359911
━━━━━━━━━━━━━━━━━━━━━━━━━━━━━━━━━━━━━━━━━━━━━━━━━━━━━━━━━━━━━━━━━━━━━━━━━━━━━━━━━━━━━━━━━━━━━━━━━━━━
━━━━━━━━━━━━━━━━━━━━━━━━━━━━━━━━━━━━━━━━━━━━━━━━━━━━━━━━━━━━━━━━━━━━━━━━━━━━━━━━━━━━━━━━━━━━━━━━━━━━
      test count: 163
          rt (s): 8.9784, 8.9810, 8.9903, 8.9757, 8.9538, 8.9420, 8.9582, 8.9766, 8.9948, 8.9872, 9.0245, 8.9752, 8.9796, 8.9806, 8.9912, 8.9809, 8.9810, 8.9752, 8.9837, 8.9790, 8.9787, 8.9811, 8.9872, 8.9830, 9.0059, 9.0011, 8.9888, 8.9767, 8.9721, 8.9777, 8.9778, 8.9807, 8.9841, 8.9797, 9.0261, 8.9769, 8.9843, 8.9757, 8.9719, 8.9798, 8.9790, 8.9859, 9.0004, 8.9959, 8.9848, 8.9890, 8.9984, 8.9974, 8.9726, 8.9874, 8.9762, 8.9800, 8.9801, 8.9831, 8.9829, 8.9809, 8.9867, 8.9793, 9.0029, 8.9789, 8.9753, 8.9792, 8.9946, 9.0023, 8.9694, 8.9709, 8.9816, 8.9929, 8.9931, 8.9804, 8.9956, 8.9836, 8.9713, 8.9769, 8.9713, 8.9691, 8.9771, 8.9955, 8.9725, 8.9734, 8.9806, 8.9803, 9.0173, 8.9814, 8.9902, 9.0444, 9.0387, 9.0503, 9.0446, 9.0572, 9.0455, 9.0489, 9.0542, 9.0441, 9.0505, 9.0400, 9.0437, 9.0401, 9.0624, 9.0635, 9.0681, 9.0803, 9.0487, 9.0400, 9.0465, 9.0509, 9.0434, 9.0542, 9.0489, 9.0269, 9.0583, 9.0472, 9.0467, 9.0443, 9.0466, 9.0473, 9.0404, 9.0528, 9.0501, 9.0475, 9.0268, 9.0511, 9.0502, 9.0718, 9.0531, 9.0468, 9.0437, 9.0479, 9.0473, 9.0429, 9.0490, 9.0487, 9.0700, 9.0383, 9.0469, 9.0527, 9.0641, 9.0418, 9.0552, 9.0476, 9.0640, 9.0601, 9.0546, 9.0507, 9.0289, 9.0342, 9.0382, 9.0462, 9.0546, 9.0403, 9.0361, 9.0526, 9.0442, 9.0464, 9.0482, 9.0327, 9.0476, 9.0436, 9.0429, 9.0457, 9.0622, 9.0449, 9.0500
     mean rt (s): 9.0145
   stddev rt (s): 0.0345
       95% ci rt: 0.0054 -> [9.0091, 9.0198]
     coeff ci rt: 0.0005935542286909688
━━━━━━━━━━━━━━━━━━━━━━━━━━━━━━━━━━━━━━━━━━━━━━━━━━━━━━━━━━━━━━━━━━━━━━━━━━━━━━━━━━━━━━━━━━━━━━━━━━━━
━━━━━━━━━━━━━━━━━━━━━━━━━━━━━━━━━━━━━━━━━━━━━━━━━━━━━━━━━━━━━━━━━━━━━━━━━━━━━━━━━━━━━━━━━━━━━━━━━━━━
      test count: 164
          rt (s): 8.9784, 8.9810, 8.9903, 8.9757, 8.9538, 8.9420, 8.9582, 8.9766, 8.9948, 8.9872, 9.0245, 8.9752, 8.9796, 8.9806, 8.9912, 8.9809, 8.9810, 8.9752, 8.9837, 8.9790, 8.9787, 8.9811, 8.9872, 8.9830, 9.0059, 9.0011, 8.9888, 8.9767, 8.9721, 8.9777, 8.9778, 8.9807, 8.9841, 8.9797, 9.0261, 8.9769, 8.9843, 8.9757, 8.9719, 8.9798, 8.9790, 8.9859, 9.0004, 8.9959, 8.9848, 8.9890, 8.9984, 8.9974, 8.9726, 8.9874, 8.9762, 8.9800, 8.9801, 8.9831, 8.9829, 8.9809, 8.9867, 8.9793, 9.0029, 8.9789, 8.9753, 8.9792, 8.9946, 9.0023, 8.9694, 8.9709, 8.9816, 8.9929, 8.9931, 8.9804, 8.9956, 8.9836, 8.9713, 8.9769, 8.9713, 8.9691, 8.9771, 8.9955, 8.9725, 8.9734, 8.9806, 8.9803, 9.0173, 8.9814, 8.9902, 9.0444, 9.0387, 9.0503, 9.0446, 9.0572, 9.0455, 9.0489, 9.0542, 9.0441, 9.0505, 9.0400, 9.0437, 9.0401, 9.0624, 9.0635, 9.0681, 9.0803, 9.0487, 9.0400, 9.0465, 9.0509, 9.0434, 9.0542, 9.0489, 9.0269, 9.0583, 9.0472, 9.0467, 9.0443, 9.0466, 9.0473, 9.0404, 9.0528, 9.0501, 9.0475, 9.0268, 9.0511, 9.0502, 9.0718, 9.0531, 9.0468, 9.0437, 9.0479, 9.0473, 9.0429, 9.0490, 9.0487, 9.0700, 9.0383, 9.0469, 9.0527, 9.0641, 9.0418, 9.0552, 9.0476, 9.0640, 9.0601, 9.0546, 9.0507, 9.0289, 9.0342, 9.0382, 9.0462, 9.0546, 9.0403, 9.0361, 9.0526, 9.0442, 9.0464, 9.0482, 9.0327, 9.0476, 9.0436, 9.0429, 9.0457, 9.0622, 9.0449, 9.0500, 9.0337
     mean rt (s): 9.0146
   stddev rt (s): 0.0344
       95% ci rt: 0.0053 -> [9.0093, 9.0199]
     coeff ci rt: 0.000590448183967988
━━━━━━━━━━━━━━━━━━━━━━━━━━━━━━━━━━━━━━━━━━━━━━━━━━━━━━━━━━━━━━━━━━━━━━━━━━━━━━━━━━━━━━━━━━━━━━━━━━━━
━━━━━━━━━━━━━━━━━━━━━━━━━━━━━━━━━━━━━━━━━━━━━━━━━━━━━━━━━━━━━━━━━━━━━━━━━━━━━━━━━━━━━━━━━━━━━━━━━━━━
      test count: 165
          rt (s): 8.9784, 8.9810, 8.9903, 8.9757, 8.9538, 8.9420, 8.9582, 8.9766, 8.9948, 8.9872, 9.0245, 8.9752, 8.9796, 8.9806, 8.9912, 8.9809, 8.9810, 8.9752, 8.9837, 8.9790, 8.9787, 8.9811, 8.9872, 8.9830, 9.0059, 9.0011, 8.9888, 8.9767, 8.9721, 8.9777, 8.9778, 8.9807, 8.9841, 8.9797, 9.0261, 8.9769, 8.9843, 8.9757, 8.9719, 8.9798, 8.9790, 8.9859, 9.0004, 8.9959, 8.9848, 8.9890, 8.9984, 8.9974, 8.9726, 8.9874, 8.9762, 8.9800, 8.9801, 8.9831, 8.9829, 8.9809, 8.9867, 8.9793, 9.0029, 8.9789, 8.9753, 8.9792, 8.9946, 9.0023, 8.9694, 8.9709, 8.9816, 8.9929, 8.9931, 8.9804, 8.9956, 8.9836, 8.9713, 8.9769, 8.9713, 8.9691, 8.9771, 8.9955, 8.9725, 8.9734, 8.9806, 8.9803, 9.0173, 8.9814, 8.9902, 9.0444, 9.0387, 9.0503, 9.0446, 9.0572, 9.0455, 9.0489, 9.0542, 9.0441, 9.0505, 9.0400, 9.0437, 9.0401, 9.0624, 9.0635, 9.0681, 9.0803, 9.0487, 9.0400, 9.0465, 9.0509, 9.0434, 9.0542, 9.0489, 9.0269, 9.0583, 9.0472, 9.0467, 9.0443, 9.0466, 9.0473, 9.0404, 9.0528, 9.0501, 9.0475, 9.0268, 9.0511, 9.0502, 9.0718, 9.0531, 9.0468, 9.0437, 9.0479, 9.0473, 9.0429, 9.0490, 9.0487, 9.0700, 9.0383, 9.0469, 9.0527, 9.0641, 9.0418, 9.0552, 9.0476, 9.0640, 9.0601, 9.0546, 9.0507, 9.0289, 9.0342, 9.0382, 9.0462, 9.0546, 9.0403, 9.0361, 9.0526, 9.0442, 9.0464, 9.0482, 9.0327, 9.0476, 9.0436, 9.0429, 9.0457, 9.0622, 9.0449, 9.0500, 9.0337, 9.0464
     mean rt (s): 9.0148
   stddev rt (s): 0.0344
       95% ci rt: 0.0053 -> [9.0095, 9.0201]
     coeff ci rt: 0.0005883375599046062
━━━━━━━━━━━━━━━━━━━━━━━━━━━━━━━━━━━━━━━━━━━━━━━━━━━━━━━━━━━━━━━━━━━━━━━━━━━━━━━━━━━━━━━━━━━━━━━━━━━━
━━━━━━━━━━━━━━━━━━━━━━━━━━━━━━━━━━━━━━━━━━━━━━━━━━━━━━━━━━━━━━━━━━━━━━━━━━━━━━━━━━━━━━━━━━━━━━━━━━━━
      test count: 166
          rt (s): 8.9784, 8.9810, 8.9903, 8.9757, 8.9538, 8.9420, 8.9582, 8.9766, 8.9948, 8.9872, 9.0245, 8.9752, 8.9796, 8.9806, 8.9912, 8.9809, 8.9810, 8.9752, 8.9837, 8.9790, 8.9787, 8.9811, 8.9872, 8.9830, 9.0059, 9.0011, 8.9888, 8.9767, 8.9721, 8.9777, 8.9778, 8.9807, 8.9841, 8.9797, 9.0261, 8.9769, 8.9843, 8.9757, 8.9719, 8.9798, 8.9790, 8.9859, 9.0004, 8.9959, 8.9848, 8.9890, 8.9984, 8.9974, 8.9726, 8.9874, 8.9762, 8.9800, 8.9801, 8.9831, 8.9829, 8.9809, 8.9867, 8.9793, 9.0029, 8.9789, 8.9753, 8.9792, 8.9946, 9.0023, 8.9694, 8.9709, 8.9816, 8.9929, 8.9931, 8.9804, 8.9956, 8.9836, 8.9713, 8.9769, 8.9713, 8.9691, 8.9771, 8.9955, 8.9725, 8.9734, 8.9806, 8.9803, 9.0173, 8.9814, 8.9902, 9.0444, 9.0387, 9.0503, 9.0446, 9.0572, 9.0455, 9.0489, 9.0542, 9.0441, 9.0505, 9.0400, 9.0437, 9.0401, 9.0624, 9.0635, 9.0681, 9.0803, 9.0487, 9.0400, 9.0465, 9.0509, 9.0434, 9.0542, 9.0489, 9.0269, 9.0583, 9.0472, 9.0467, 9.0443, 9.0466, 9.0473, 9.0404, 9.0528, 9.0501, 9.0475, 9.0268, 9.0511, 9.0502, 9.0718, 9.0531, 9.0468, 9.0437, 9.0479, 9.0473, 9.0429, 9.0490, 9.0487, 9.0700, 9.0383, 9.0469, 9.0527, 9.0641, 9.0418, 9.0552, 9.0476, 9.0640, 9.0601, 9.0546, 9.0507, 9.0289, 9.0342, 9.0382, 9.0462, 9.0546, 9.0403, 9.0361, 9.0526, 9.0442, 9.0464, 9.0482, 9.0327, 9.0476, 9.0436, 9.0429, 9.0457, 9.0622, 9.0449, 9.0500, 9.0337, 9.0464, 9.0393
     mean rt (s): 9.0149
   stddev rt (s): 0.0343
       95% ci rt: 0.0053 -> [9.0096, 9.0202]
     coeff ci rt: 0.0005856413004115555
━━━━━━━━━━━━━━━━━━━━━━━━━━━━━━━━━━━━━━━━━━━━━━━━━━━━━━━━━━━━━━━━━━━━━━━━━━━━━━━━━━━━━━━━━━━━━━━━━━━━
━━━━━━━━━━━━━━━━━━━━━━━━━━━━━━━━━━━━━━━━━━━━━━━━━━━━━━━━━━━━━━━━━━━━━━━━━━━━━━━━━━━━━━━━━━━━━━━━━━━━
      test count: 167
          rt (s): 8.9784, 8.9810, 8.9903, 8.9757, 8.9538, 8.9420, 8.9582, 8.9766, 8.9948, 8.9872, 9.0245, 8.9752, 8.9796, 8.9806, 8.9912, 8.9809, 8.9810, 8.9752, 8.9837, 8.9790, 8.9787, 8.9811, 8.9872, 8.9830, 9.0059, 9.0011, 8.9888, 8.9767, 8.9721, 8.9777, 8.9778, 8.9807, 8.9841, 8.9797, 9.0261, 8.9769, 8.9843, 8.9757, 8.9719, 8.9798, 8.9790, 8.9859, 9.0004, 8.9959, 8.9848, 8.9890, 8.9984, 8.9974, 8.9726, 8.9874, 8.9762, 8.9800, 8.9801, 8.9831, 8.9829, 8.9809, 8.9867, 8.9793, 9.0029, 8.9789, 8.9753, 8.9792, 8.9946, 9.0023, 8.9694, 8.9709, 8.9816, 8.9929, 8.9931, 8.9804, 8.9956, 8.9836, 8.9713, 8.9769, 8.9713, 8.9691, 8.9771, 8.9955, 8.9725, 8.9734, 8.9806, 8.9803, 9.0173, 8.9814, 8.9902, 9.0444, 9.0387, 9.0503, 9.0446, 9.0572, 9.0455, 9.0489, 9.0542, 9.0441, 9.0505, 9.0400, 9.0437, 9.0401, 9.0624, 9.0635, 9.0681, 9.0803, 9.0487, 9.0400, 9.0465, 9.0509, 9.0434, 9.0542, 9.0489, 9.0269, 9.0583, 9.0472, 9.0467, 9.0443, 9.0466, 9.0473, 9.0404, 9.0528, 9.0501, 9.0475, 9.0268, 9.0511, 9.0502, 9.0718, 9.0531, 9.0468, 9.0437, 9.0479, 9.0473, 9.0429, 9.0490, 9.0487, 9.0700, 9.0383, 9.0469, 9.0527, 9.0641, 9.0418, 9.0552, 9.0476, 9.0640, 9.0601, 9.0546, 9.0507, 9.0289, 9.0342, 9.0382, 9.0462, 9.0546, 9.0403, 9.0361, 9.0526, 9.0442, 9.0464, 9.0482, 9.0327, 9.0476, 9.0436, 9.0429, 9.0457, 9.0622, 9.0449, 9.0500, 9.0337, 9.0464, 9.0393, 9.0622
     mean rt (s): 9.0152
   stddev rt (s): 0.0344
       95% ci rt: 0.0053 -> [9.0099, 9.0205]
     coeff ci rt: 0.0005853722525526422
━━━━━━━━━━━━━━━━━━━━━━━━━━━━━━━━━━━━━━━━━━━━━━━━━━━━━━━━━━━━━━━━━━━━━━━━━━━━━━━━━━━━━━━━━━━━━━━━━━━━
━━━━━━━━━━━━━━━━━━━━━━━━━━━━━━━━━━━━━━━━━━━━━━━━━━━━━━━━━━━━━━━━━━━━━━━━━━━━━━━━━━━━━━━━━━━━━━━━━━━━
      test count: 168
          rt (s): 8.9784, 8.9810, 8.9903, 8.9757, 8.9538, 8.9420, 8.9582, 8.9766, 8.9948, 8.9872, 9.0245, 8.9752, 8.9796, 8.9806, 8.9912, 8.9809, 8.9810, 8.9752, 8.9837, 8.9790, 8.9787, 8.9811, 8.9872, 8.9830, 9.0059, 9.0011, 8.9888, 8.9767, 8.9721, 8.9777, 8.9778, 8.9807, 8.9841, 8.9797, 9.0261, 8.9769, 8.9843, 8.9757, 8.9719, 8.9798, 8.9790, 8.9859, 9.0004, 8.9959, 8.9848, 8.9890, 8.9984, 8.9974, 8.9726, 8.9874, 8.9762, 8.9800, 8.9801, 8.9831, 8.9829, 8.9809, 8.9867, 8.9793, 9.0029, 8.9789, 8.9753, 8.9792, 8.9946, 9.0023, 8.9694, 8.9709, 8.9816, 8.9929, 8.9931, 8.9804, 8.9956, 8.9836, 8.9713, 8.9769, 8.9713, 8.9691, 8.9771, 8.9955, 8.9725, 8.9734, 8.9806, 8.9803, 9.0173, 8.9814, 8.9902, 9.0444, 9.0387, 9.0503, 9.0446, 9.0572, 9.0455, 9.0489, 9.0542, 9.0441, 9.0505, 9.0400, 9.0437, 9.0401, 9.0624, 9.0635, 9.0681, 9.0803, 9.0487, 9.0400, 9.0465, 9.0509, 9.0434, 9.0542, 9.0489, 9.0269, 9.0583, 9.0472, 9.0467, 9.0443, 9.0466, 9.0473, 9.0404, 9.0528, 9.0501, 9.0475, 9.0268, 9.0511, 9.0502, 9.0718, 9.0531, 9.0468, 9.0437, 9.0479, 9.0473, 9.0429, 9.0490, 9.0487, 9.0700, 9.0383, 9.0469, 9.0527, 9.0641, 9.0418, 9.0552, 9.0476, 9.0640, 9.0601, 9.0546, 9.0507, 9.0289, 9.0342, 9.0382, 9.0462, 9.0546, 9.0403, 9.0361, 9.0526, 9.0442, 9.0464, 9.0482, 9.0327, 9.0476, 9.0436, 9.0429, 9.0457, 9.0622, 9.0449, 9.0500, 9.0337, 9.0464, 9.0393, 9.0622, 9.0578
     mean rt (s): 9.0155
   stddev rt (s): 0.0345
       95% ci rt: 0.0053 -> [9.0102, 9.0207]
     coeff ci rt: 0.0005844785373020821
━━━━━━━━━━━━━━━━━━━━━━━━━━━━━━━━━━━━━━━━━━━━━━━━━━━━━━━━━━━━━━━━━━━━━━━━━━━━━━━━━━━━━━━━━━━━━━━━━━━━
━━━━━━━━━━━━━━━━━━━━━━━━━━━━━━━━━━━━━━━━━━━━━━━━━━━━━━━━━━━━━━━━━━━━━━━━━━━━━━━━━━━━━━━━━━━━━━━━━━━━
      test count: 169
          rt (s): 8.9784, 8.9810, 8.9903, 8.9757, 8.9538, 8.9420, 8.9582, 8.9766, 8.9948, 8.9872, 9.0245, 8.9752, 8.9796, 8.9806, 8.9912, 8.9809, 8.9810, 8.9752, 8.9837, 8.9790, 8.9787, 8.9811, 8.9872, 8.9830, 9.0059, 9.0011, 8.9888, 8.9767, 8.9721, 8.9777, 8.9778, 8.9807, 8.9841, 8.9797, 9.0261, 8.9769, 8.9843, 8.9757, 8.9719, 8.9798, 8.9790, 8.9859, 9.0004, 8.9959, 8.9848, 8.9890, 8.9984, 8.9974, 8.9726, 8.9874, 8.9762, 8.9800, 8.9801, 8.9831, 8.9829, 8.9809, 8.9867, 8.9793, 9.0029, 8.9789, 8.9753, 8.9792, 8.9946, 9.0023, 8.9694, 8.9709, 8.9816, 8.9929, 8.9931, 8.9804, 8.9956, 8.9836, 8.9713, 8.9769, 8.9713, 8.9691, 8.9771, 8.9955, 8.9725, 8.9734, 8.9806, 8.9803, 9.0173, 8.9814, 8.9902, 9.0444, 9.0387, 9.0503, 9.0446, 9.0572, 9.0455, 9.0489, 9.0542, 9.0441, 9.0505, 9.0400, 9.0437, 9.0401, 9.0624, 9.0635, 9.0681, 9.0803, 9.0487, 9.0400, 9.0465, 9.0509, 9.0434, 9.0542, 9.0489, 9.0269, 9.0583, 9.0472, 9.0467, 9.0443, 9.0466, 9.0473, 9.0404, 9.0528, 9.0501, 9.0475, 9.0268, 9.0511, 9.0502, 9.0718, 9.0531, 9.0468, 9.0437, 9.0479, 9.0473, 9.0429, 9.0490, 9.0487, 9.0700, 9.0383, 9.0469, 9.0527, 9.0641, 9.0418, 9.0552, 9.0476, 9.0640, 9.0601, 9.0546, 9.0507, 9.0289, 9.0342, 9.0382, 9.0462, 9.0546, 9.0403, 9.0361, 9.0526, 9.0442, 9.0464, 9.0482, 9.0327, 9.0476, 9.0436, 9.0429, 9.0457, 9.0622, 9.0449, 9.0500, 9.0337, 9.0464, 9.0393, 9.0622, 9.0578, 9.0549
     mean rt (s): 9.0157
   stddev rt (s): 0.0345
       95% ci rt: 0.0053 -> [9.0104, 9.0210]
     coeff ci rt: 0.0005832127095048181
━━━━━━━━━━━━━━━━━━━━━━━━━━━━━━━━━━━━━━━━━━━━━━━━━━━━━━━━━━━━━━━━━━━━━━━━━━━━━━━━━━━━━━━━━━━━━━━━━━━━
━━━━━━━━━━━━━━━━━━━━━━━━━━━━━━━━━━━━━━━━━━━━━━━━━━━━━━━━━━━━━━━━━━━━━━━━━━━━━━━━━━━━━━━━━━━━━━━━━━━━
      test count: 170
          rt (s): 8.9784, 8.9810, 8.9903, 8.9757, 8.9538, 8.9420, 8.9582, 8.9766, 8.9948, 8.9872, 9.0245, 8.9752, 8.9796, 8.9806, 8.9912, 8.9809, 8.9810, 8.9752, 8.9837, 8.9790, 8.9787, 8.9811, 8.9872, 8.9830, 9.0059, 9.0011, 8.9888, 8.9767, 8.9721, 8.9777, 8.9778, 8.9807, 8.9841, 8.9797, 9.0261, 8.9769, 8.9843, 8.9757, 8.9719, 8.9798, 8.9790, 8.9859, 9.0004, 8.9959, 8.9848, 8.9890, 8.9984, 8.9974, 8.9726, 8.9874, 8.9762, 8.9800, 8.9801, 8.9831, 8.9829, 8.9809, 8.9867, 8.9793, 9.0029, 8.9789, 8.9753, 8.9792, 8.9946, 9.0023, 8.9694, 8.9709, 8.9816, 8.9929, 8.9931, 8.9804, 8.9956, 8.9836, 8.9713, 8.9769, 8.9713, 8.9691, 8.9771, 8.9955, 8.9725, 8.9734, 8.9806, 8.9803, 9.0173, 8.9814, 8.9902, 9.0444, 9.0387, 9.0503, 9.0446, 9.0572, 9.0455, 9.0489, 9.0542, 9.0441, 9.0505, 9.0400, 9.0437, 9.0401, 9.0624, 9.0635, 9.0681, 9.0803, 9.0487, 9.0400, 9.0465, 9.0509, 9.0434, 9.0542, 9.0489, 9.0269, 9.0583, 9.0472, 9.0467, 9.0443, 9.0466, 9.0473, 9.0404, 9.0528, 9.0501, 9.0475, 9.0268, 9.0511, 9.0502, 9.0718, 9.0531, 9.0468, 9.0437, 9.0479, 9.0473, 9.0429, 9.0490, 9.0487, 9.0700, 9.0383, 9.0469, 9.0527, 9.0641, 9.0418, 9.0552, 9.0476, 9.0640, 9.0601, 9.0546, 9.0507, 9.0289, 9.0342, 9.0382, 9.0462, 9.0546, 9.0403, 9.0361, 9.0526, 9.0442, 9.0464, 9.0482, 9.0327, 9.0476, 9.0436, 9.0429, 9.0457, 9.0622, 9.0449, 9.0500, 9.0337, 9.0464, 9.0393, 9.0622, 9.0578, 9.0549, 9.0508
     mean rt (s): 9.0159
   stddev rt (s): 0.0345
       95% ci rt: 0.0052 -> [9.0107, 9.0211]
     coeff ci rt: 0.000581494468585474
━━━━━━━━━━━━━━━━━━━━━━━━━━━━━━━━━━━━━━━━━━━━━━━━━━━━━━━━━━━━━━━━━━━━━━━━━━━━━━━━━━━━━━━━━━━━━━━━━━━━
━━━━━━━━━━━━━━━━━━━━━━━━━━━━━━━━━━━━━━━━━━━━━━━━━━━━━━━━━━━━━━━━━━━━━━━━━━━━━━━━━━━━━━━━━━━━━━━━━━━━
      test count: 171
          rt (s): 8.9784, 8.9810, 8.9903, 8.9757, 8.9538, 8.9420, 8.9582, 8.9766, 8.9948, 8.9872, 9.0245, 8.9752, 8.9796, 8.9806, 8.9912, 8.9809, 8.9810, 8.9752, 8.9837, 8.9790, 8.9787, 8.9811, 8.9872, 8.9830, 9.0059, 9.0011, 8.9888, 8.9767, 8.9721, 8.9777, 8.9778, 8.9807, 8.9841, 8.9797, 9.0261, 8.9769, 8.9843, 8.9757, 8.9719, 8.9798, 8.9790, 8.9859, 9.0004, 8.9959, 8.9848, 8.9890, 8.9984, 8.9974, 8.9726, 8.9874, 8.9762, 8.9800, 8.9801, 8.9831, 8.9829, 8.9809, 8.9867, 8.9793, 9.0029, 8.9789, 8.9753, 8.9792, 8.9946, 9.0023, 8.9694, 8.9709, 8.9816, 8.9929, 8.9931, 8.9804, 8.9956, 8.9836, 8.9713, 8.9769, 8.9713, 8.9691, 8.9771, 8.9955, 8.9725, 8.9734, 8.9806, 8.9803, 9.0173, 8.9814, 8.9902, 9.0444, 9.0387, 9.0503, 9.0446, 9.0572, 9.0455, 9.0489, 9.0542, 9.0441, 9.0505, 9.0400, 9.0437, 9.0401, 9.0624, 9.0635, 9.0681, 9.0803, 9.0487, 9.0400, 9.0465, 9.0509, 9.0434, 9.0542, 9.0489, 9.0269, 9.0583, 9.0472, 9.0467, 9.0443, 9.0466, 9.0473, 9.0404, 9.0528, 9.0501, 9.0475, 9.0268, 9.0511, 9.0502, 9.0718, 9.0531, 9.0468, 9.0437, 9.0479, 9.0473, 9.0429, 9.0490, 9.0487, 9.0700, 9.0383, 9.0469, 9.0527, 9.0641, 9.0418, 9.0552, 9.0476, 9.0640, 9.0601, 9.0546, 9.0507, 9.0289, 9.0342, 9.0382, 9.0462, 9.0546, 9.0403, 9.0361, 9.0526, 9.0442, 9.0464, 9.0482, 9.0327, 9.0476, 9.0436, 9.0429, 9.0457, 9.0622, 9.0449, 9.0500, 9.0337, 9.0464, 9.0393, 9.0622, 9.0578, 9.0549, 9.0508, 9.0414
     mean rt (s): 9.0160
   stddev rt (s): 0.0345
       95% ci rt: 0.0052 -> [9.0108, 9.0213]
     coeff ci rt: 0.0005789712056983204
━━━━━━━━━━━━━━━━━━━━━━━━━━━━━━━━━━━━━━━━━━━━━━━━━━━━━━━━━━━━━━━━━━━━━━━━━━━━━━━━━━━━━━━━━━━━━━━━━━━━
━━━━━━━━━━━━━━━━━━━━━━━━━━━━━━━━━━━━━━━━━━━━━━━━━━━━━━━━━━━━━━━━━━━━━━━━━━━━━━━━━━━━━━━━━━━━━━━━━━━━
      test count: 172
          rt (s): 8.9784, 8.9810, 8.9903, 8.9757, 8.9538, 8.9420, 8.9582, 8.9766, 8.9948, 8.9872, 9.0245, 8.9752, 8.9796, 8.9806, 8.9912, 8.9809, 8.9810, 8.9752, 8.9837, 8.9790, 8.9787, 8.9811, 8.9872, 8.9830, 9.0059, 9.0011, 8.9888, 8.9767, 8.9721, 8.9777, 8.9778, 8.9807, 8.9841, 8.9797, 9.0261, 8.9769, 8.9843, 8.9757, 8.9719, 8.9798, 8.9790, 8.9859, 9.0004, 8.9959, 8.9848, 8.9890, 8.9984, 8.9974, 8.9726, 8.9874, 8.9762, 8.9800, 8.9801, 8.9831, 8.9829, 8.9809, 8.9867, 8.9793, 9.0029, 8.9789, 8.9753, 8.9792, 8.9946, 9.0023, 8.9694, 8.9709, 8.9816, 8.9929, 8.9931, 8.9804, 8.9956, 8.9836, 8.9713, 8.9769, 8.9713, 8.9691, 8.9771, 8.9955, 8.9725, 8.9734, 8.9806, 8.9803, 9.0173, 8.9814, 8.9902, 9.0444, 9.0387, 9.0503, 9.0446, 9.0572, 9.0455, 9.0489, 9.0542, 9.0441, 9.0505, 9.0400, 9.0437, 9.0401, 9.0624, 9.0635, 9.0681, 9.0803, 9.0487, 9.0400, 9.0465, 9.0509, 9.0434, 9.0542, 9.0489, 9.0269, 9.0583, 9.0472, 9.0467, 9.0443, 9.0466, 9.0473, 9.0404, 9.0528, 9.0501, 9.0475, 9.0268, 9.0511, 9.0502, 9.0718, 9.0531, 9.0468, 9.0437, 9.0479, 9.0473, 9.0429, 9.0490, 9.0487, 9.0700, 9.0383, 9.0469, 9.0527, 9.0641, 9.0418, 9.0552, 9.0476, 9.0640, 9.0601, 9.0546, 9.0507, 9.0289, 9.0342, 9.0382, 9.0462, 9.0546, 9.0403, 9.0361, 9.0526, 9.0442, 9.0464, 9.0482, 9.0327, 9.0476, 9.0436, 9.0429, 9.0457, 9.0622, 9.0449, 9.0500, 9.0337, 9.0464, 9.0393, 9.0622, 9.0578, 9.0549, 9.0508, 9.0414, 9.0473
     mean rt (s): 9.0162
   stddev rt (s): 0.0345
       95% ci rt: 0.0052 -> [9.0110, 9.0214]
     coeff ci rt: 0.0005769324930813461
━━━━━━━━━━━━━━━━━━━━━━━━━━━━━━━━━━━━━━━━━━━━━━━━━━━━━━━━━━━━━━━━━━━━━━━━━━━━━━━━━━━━━━━━━━━━━━━━━━━━
━━━━━━━━━━━━━━━━━━━━━━━━━━━━━━━━━━━━━━━━━━━━━━━━━━━━━━━━━━━━━━━━━━━━━━━━━━━━━━━━━━━━━━━━━━━━━━━━━━━━
      test count: 173
          rt (s): 8.9784, 8.9810, 8.9903, 8.9757, 8.9538, 8.9420, 8.9582, 8.9766, 8.9948, 8.9872, 9.0245, 8.9752, 8.9796, 8.9806, 8.9912, 8.9809, 8.9810, 8.9752, 8.9837, 8.9790, 8.9787, 8.9811, 8.9872, 8.9830, 9.0059, 9.0011, 8.9888, 8.9767, 8.9721, 8.9777, 8.9778, 8.9807, 8.9841, 8.9797, 9.0261, 8.9769, 8.9843, 8.9757, 8.9719, 8.9798, 8.9790, 8.9859, 9.0004, 8.9959, 8.9848, 8.9890, 8.9984, 8.9974, 8.9726, 8.9874, 8.9762, 8.9800, 8.9801, 8.9831, 8.9829, 8.9809, 8.9867, 8.9793, 9.0029, 8.9789, 8.9753, 8.9792, 8.9946, 9.0023, 8.9694, 8.9709, 8.9816, 8.9929, 8.9931, 8.9804, 8.9956, 8.9836, 8.9713, 8.9769, 8.9713, 8.9691, 8.9771, 8.9955, 8.9725, 8.9734, 8.9806, 8.9803, 9.0173, 8.9814, 8.9902, 9.0444, 9.0387, 9.0503, 9.0446, 9.0572, 9.0455, 9.0489, 9.0542, 9.0441, 9.0505, 9.0400, 9.0437, 9.0401, 9.0624, 9.0635, 9.0681, 9.0803, 9.0487, 9.0400, 9.0465, 9.0509, 9.0434, 9.0542, 9.0489, 9.0269, 9.0583, 9.0472, 9.0467, 9.0443, 9.0466, 9.0473, 9.0404, 9.0528, 9.0501, 9.0475, 9.0268, 9.0511, 9.0502, 9.0718, 9.0531, 9.0468, 9.0437, 9.0479, 9.0473, 9.0429, 9.0490, 9.0487, 9.0700, 9.0383, 9.0469, 9.0527, 9.0641, 9.0418, 9.0552, 9.0476, 9.0640, 9.0601, 9.0546, 9.0507, 9.0289, 9.0342, 9.0382, 9.0462, 9.0546, 9.0403, 9.0361, 9.0526, 9.0442, 9.0464, 9.0482, 9.0327, 9.0476, 9.0436, 9.0429, 9.0457, 9.0622, 9.0449, 9.0500, 9.0337, 9.0464, 9.0393, 9.0622, 9.0578, 9.0549, 9.0508, 9.0414, 9.0473, 9.0476
     mean rt (s): 9.0164
   stddev rt (s): 0.0344
       95% ci rt: 0.0052 -> [9.0112, 9.0216]
     coeff ci rt: 0.0005749246782106222
━━━━━━━━━━━━━━━━━━━━━━━━━━━━━━━━━━━━━━━━━━━━━━━━━━━━━━━━━━━━━━━━━━━━━━━━━━━━━━━━━━━━━━━━━━━━━━━━━━━━
━━━━━━━━━━━━━━━━━━━━━━━━━━━━━━━━━━━━━━━━━━━━━━━━━━━━━━━━━━━━━━━━━━━━━━━━━━━━━━━━━━━━━━━━━━━━━━━━━━━━
      test count: 174
          rt (s): 8.9784, 8.9810, 8.9903, 8.9757, 8.9538, 8.9420, 8.9582, 8.9766, 8.9948, 8.9872, 9.0245, 8.9752, 8.9796, 8.9806, 8.9912, 8.9809, 8.9810, 8.9752, 8.9837, 8.9790, 8.9787, 8.9811, 8.9872, 8.9830, 9.0059, 9.0011, 8.9888, 8.9767, 8.9721, 8.9777, 8.9778, 8.9807, 8.9841, 8.9797, 9.0261, 8.9769, 8.9843, 8.9757, 8.9719, 8.9798, 8.9790, 8.9859, 9.0004, 8.9959, 8.9848, 8.9890, 8.9984, 8.9974, 8.9726, 8.9874, 8.9762, 8.9800, 8.9801, 8.9831, 8.9829, 8.9809, 8.9867, 8.9793, 9.0029, 8.9789, 8.9753, 8.9792, 8.9946, 9.0023, 8.9694, 8.9709, 8.9816, 8.9929, 8.9931, 8.9804, 8.9956, 8.9836, 8.9713, 8.9769, 8.9713, 8.9691, 8.9771, 8.9955, 8.9725, 8.9734, 8.9806, 8.9803, 9.0173, 8.9814, 8.9902, 9.0444, 9.0387, 9.0503, 9.0446, 9.0572, 9.0455, 9.0489, 9.0542, 9.0441, 9.0505, 9.0400, 9.0437, 9.0401, 9.0624, 9.0635, 9.0681, 9.0803, 9.0487, 9.0400, 9.0465, 9.0509, 9.0434, 9.0542, 9.0489, 9.0269, 9.0583, 9.0472, 9.0467, 9.0443, 9.0466, 9.0473, 9.0404, 9.0528, 9.0501, 9.0475, 9.0268, 9.0511, 9.0502, 9.0718, 9.0531, 9.0468, 9.0437, 9.0479, 9.0473, 9.0429, 9.0490, 9.0487, 9.0700, 9.0383, 9.0469, 9.0527, 9.0641, 9.0418, 9.0552, 9.0476, 9.0640, 9.0601, 9.0546, 9.0507, 9.0289, 9.0342, 9.0382, 9.0462, 9.0546, 9.0403, 9.0361, 9.0526, 9.0442, 9.0464, 9.0482, 9.0327, 9.0476, 9.0436, 9.0429, 9.0457, 9.0622, 9.0449, 9.0500, 9.0337, 9.0464, 9.0393, 9.0622, 9.0578, 9.0549, 9.0508, 9.0414, 9.0473, 9.0476, 9.0573
     mean rt (s): 9.0166
   stddev rt (s): 0.0345
       95% ci rt: 0.0052 -> [9.0115, 9.0218]
     coeff ci rt: 0.000573882743654748
━━━━━━━━━━━━━━━━━━━━━━━━━━━━━━━━━━━━━━━━━━━━━━━━━━━━━━━━━━━━━━━━━━━━━━━━━━━━━━━━━━━━━━━━━━━━━━━━━━━━
━━━━━━━━━━━━━━━━━━━━━━━━━━━━━━━━━━━━━━━━━━━━━━━━━━━━━━━━━━━━━━━━━━━━━━━━━━━━━━━━━━━━━━━━━━━━━━━━━━━━
      test count: 175
          rt (s): 8.9784, 8.9810, 8.9903, 8.9757, 8.9538, 8.9420, 8.9582, 8.9766, 8.9948, 8.9872, 9.0245, 8.9752, 8.9796, 8.9806, 8.9912, 8.9809, 8.9810, 8.9752, 8.9837, 8.9790, 8.9787, 8.9811, 8.9872, 8.9830, 9.0059, 9.0011, 8.9888, 8.9767, 8.9721, 8.9777, 8.9778, 8.9807, 8.9841, 8.9797, 9.0261, 8.9769, 8.9843, 8.9757, 8.9719, 8.9798, 8.9790, 8.9859, 9.0004, 8.9959, 8.9848, 8.9890, 8.9984, 8.9974, 8.9726, 8.9874, 8.9762, 8.9800, 8.9801, 8.9831, 8.9829, 8.9809, 8.9867, 8.9793, 9.0029, 8.9789, 8.9753, 8.9792, 8.9946, 9.0023, 8.9694, 8.9709, 8.9816, 8.9929, 8.9931, 8.9804, 8.9956, 8.9836, 8.9713, 8.9769, 8.9713, 8.9691, 8.9771, 8.9955, 8.9725, 8.9734, 8.9806, 8.9803, 9.0173, 8.9814, 8.9902, 9.0444, 9.0387, 9.0503, 9.0446, 9.0572, 9.0455, 9.0489, 9.0542, 9.0441, 9.0505, 9.0400, 9.0437, 9.0401, 9.0624, 9.0635, 9.0681, 9.0803, 9.0487, 9.0400, 9.0465, 9.0509, 9.0434, 9.0542, 9.0489, 9.0269, 9.0583, 9.0472, 9.0467, 9.0443, 9.0466, 9.0473, 9.0404, 9.0528, 9.0501, 9.0475, 9.0268, 9.0511, 9.0502, 9.0718, 9.0531, 9.0468, 9.0437, 9.0479, 9.0473, 9.0429, 9.0490, 9.0487, 9.0700, 9.0383, 9.0469, 9.0527, 9.0641, 9.0418, 9.0552, 9.0476, 9.0640, 9.0601, 9.0546, 9.0507, 9.0289, 9.0342, 9.0382, 9.0462, 9.0546, 9.0403, 9.0361, 9.0526, 9.0442, 9.0464, 9.0482, 9.0327, 9.0476, 9.0436, 9.0429, 9.0457, 9.0622, 9.0449, 9.0500, 9.0337, 9.0464, 9.0393, 9.0622, 9.0578, 9.0549, 9.0508, 9.0414, 9.0473, 9.0476, 9.0573, 9.0424
     mean rt (s): 9.0168
   stddev rt (s): 0.0344
       95% ci rt: 0.0052 -> [9.0116, 9.0219]
     coeff ci rt: 0.0005714701765189475
━━━━━━━━━━━━━━━━━━━━━━━━━━━━━━━━━━━━━━━━━━━━━━━━━━━━━━━━━━━━━━━━━━━━━━━━━━━━━━━━━━━━━━━━━━━━━━━━━━━━
━━━━━━━━━━━━━━━━━━━━━━━━━━━━━━━━━━━━━━━━━━━━━━━━━━━━━━━━━━━━━━━━━━━━━━━━━━━━━━━━━━━━━━━━━━━━━━━━━━━━
      test count: 176
          rt (s): 8.9784, 8.9810, 8.9903, 8.9757, 8.9538, 8.9420, 8.9582, 8.9766, 8.9948, 8.9872, 9.0245, 8.9752, 8.9796, 8.9806, 8.9912, 8.9809, 8.9810, 8.9752, 8.9837, 8.9790, 8.9787, 8.9811, 8.9872, 8.9830, 9.0059, 9.0011, 8.9888, 8.9767, 8.9721, 8.9777, 8.9778, 8.9807, 8.9841, 8.9797, 9.0261, 8.9769, 8.9843, 8.9757, 8.9719, 8.9798, 8.9790, 8.9859, 9.0004, 8.9959, 8.9848, 8.9890, 8.9984, 8.9974, 8.9726, 8.9874, 8.9762, 8.9800, 8.9801, 8.9831, 8.9829, 8.9809, 8.9867, 8.9793, 9.0029, 8.9789, 8.9753, 8.9792, 8.9946, 9.0023, 8.9694, 8.9709, 8.9816, 8.9929, 8.9931, 8.9804, 8.9956, 8.9836, 8.9713, 8.9769, 8.9713, 8.9691, 8.9771, 8.9955, 8.9725, 8.9734, 8.9806, 8.9803, 9.0173, 8.9814, 8.9902, 9.0444, 9.0387, 9.0503, 9.0446, 9.0572, 9.0455, 9.0489, 9.0542, 9.0441, 9.0505, 9.0400, 9.0437, 9.0401, 9.0624, 9.0635, 9.0681, 9.0803, 9.0487, 9.0400, 9.0465, 9.0509, 9.0434, 9.0542, 9.0489, 9.0269, 9.0583, 9.0472, 9.0467, 9.0443, 9.0466, 9.0473, 9.0404, 9.0528, 9.0501, 9.0475, 9.0268, 9.0511, 9.0502, 9.0718, 9.0531, 9.0468, 9.0437, 9.0479, 9.0473, 9.0429, 9.0490, 9.0487, 9.0700, 9.0383, 9.0469, 9.0527, 9.0641, 9.0418, 9.0552, 9.0476, 9.0640, 9.0601, 9.0546, 9.0507, 9.0289, 9.0342, 9.0382, 9.0462, 9.0546, 9.0403, 9.0361, 9.0526, 9.0442, 9.0464, 9.0482, 9.0327, 9.0476, 9.0436, 9.0429, 9.0457, 9.0622, 9.0449, 9.0500, 9.0337, 9.0464, 9.0393, 9.0622, 9.0578, 9.0549, 9.0508, 9.0414, 9.0473, 9.0476, 9.0573, 9.0424, 9.0476
     mean rt (s): 9.0170
   stddev rt (s): 0.0344
       95% ci rt: 0.0051 -> [9.0118, 9.0221]
     coeff ci rt: 0.0005694703133885136
━━━━━━━━━━━━━━━━━━━━━━━━━━━━━━━━━━━━━━━━━━━━━━━━━━━━━━━━━━━━━━━━━━━━━━━━━━━━━━━━━━━━━━━━━━━━━━━━━━━━
━━━━━━━━━━━━━━━━━━━━━━━━━━━━━━━━━━━━━━━━━━━━━━━━━━━━━━━━━━━━━━━━━━━━━━━━━━━━━━━━━━━━━━━━━━━━━━━━━━━━
      test count: 177
          rt (s): 8.9784, 8.9810, 8.9903, 8.9757, 8.9538, 8.9420, 8.9582, 8.9766, 8.9948, 8.9872, 9.0245, 8.9752, 8.9796, 8.9806, 8.9912, 8.9809, 8.9810, 8.9752, 8.9837, 8.9790, 8.9787, 8.9811, 8.9872, 8.9830, 9.0059, 9.0011, 8.9888, 8.9767, 8.9721, 8.9777, 8.9778, 8.9807, 8.9841, 8.9797, 9.0261, 8.9769, 8.9843, 8.9757, 8.9719, 8.9798, 8.9790, 8.9859, 9.0004, 8.9959, 8.9848, 8.9890, 8.9984, 8.9974, 8.9726, 8.9874, 8.9762, 8.9800, 8.9801, 8.9831, 8.9829, 8.9809, 8.9867, 8.9793, 9.0029, 8.9789, 8.9753, 8.9792, 8.9946, 9.0023, 8.9694, 8.9709, 8.9816, 8.9929, 8.9931, 8.9804, 8.9956, 8.9836, 8.9713, 8.9769, 8.9713, 8.9691, 8.9771, 8.9955, 8.9725, 8.9734, 8.9806, 8.9803, 9.0173, 8.9814, 8.9902, 9.0444, 9.0387, 9.0503, 9.0446, 9.0572, 9.0455, 9.0489, 9.0542, 9.0441, 9.0505, 9.0400, 9.0437, 9.0401, 9.0624, 9.0635, 9.0681, 9.0803, 9.0487, 9.0400, 9.0465, 9.0509, 9.0434, 9.0542, 9.0489, 9.0269, 9.0583, 9.0472, 9.0467, 9.0443, 9.0466, 9.0473, 9.0404, 9.0528, 9.0501, 9.0475, 9.0268, 9.0511, 9.0502, 9.0718, 9.0531, 9.0468, 9.0437, 9.0479, 9.0473, 9.0429, 9.0490, 9.0487, 9.0700, 9.0383, 9.0469, 9.0527, 9.0641, 9.0418, 9.0552, 9.0476, 9.0640, 9.0601, 9.0546, 9.0507, 9.0289, 9.0342, 9.0382, 9.0462, 9.0546, 9.0403, 9.0361, 9.0526, 9.0442, 9.0464, 9.0482, 9.0327, 9.0476, 9.0436, 9.0429, 9.0457, 9.0622, 9.0449, 9.0500, 9.0337, 9.0464, 9.0393, 9.0622, 9.0578, 9.0549, 9.0508, 9.0414, 9.0473, 9.0476, 9.0573, 9.0424, 9.0476, 9.0507
     mean rt (s): 9.0172
   stddev rt (s): 0.0344
       95% ci rt: 0.0051 -> [9.0120, 9.0223]
     coeff ci rt: 0.0005677436287614341
━━━━━━━━━━━━━━━━━━━━━━━━━━━━━━━━━━━━━━━━━━━━━━━━━━━━━━━━━━━━━━━━━━━━━━━━━━━━━━━━━━━━━━━━━━━━━━━━━━━━
━━━━━━━━━━━━━━━━━━━━━━━━━━━━━━━━━━━━━━━━━━━━━━━━━━━━━━━━━━━━━━━━━━━━━━━━━━━━━━━━━━━━━━━━━━━━━━━━━━━━
      test count: 178
          rt (s): 8.9784, 8.9810, 8.9903, 8.9757, 8.9538, 8.9420, 8.9582, 8.9766, 8.9948, 8.9872, 9.0245, 8.9752, 8.9796, 8.9806, 8.9912, 8.9809, 8.9810, 8.9752, 8.9837, 8.9790, 8.9787, 8.9811, 8.9872, 8.9830, 9.0059, 9.0011, 8.9888, 8.9767, 8.9721, 8.9777, 8.9778, 8.9807, 8.9841, 8.9797, 9.0261, 8.9769, 8.9843, 8.9757, 8.9719, 8.9798, 8.9790, 8.9859, 9.0004, 8.9959, 8.9848, 8.9890, 8.9984, 8.9974, 8.9726, 8.9874, 8.9762, 8.9800, 8.9801, 8.9831, 8.9829, 8.9809, 8.9867, 8.9793, 9.0029, 8.9789, 8.9753, 8.9792, 8.9946, 9.0023, 8.9694, 8.9709, 8.9816, 8.9929, 8.9931, 8.9804, 8.9956, 8.9836, 8.9713, 8.9769, 8.9713, 8.9691, 8.9771, 8.9955, 8.9725, 8.9734, 8.9806, 8.9803, 9.0173, 8.9814, 8.9902, 9.0444, 9.0387, 9.0503, 9.0446, 9.0572, 9.0455, 9.0489, 9.0542, 9.0441, 9.0505, 9.0400, 9.0437, 9.0401, 9.0624, 9.0635, 9.0681, 9.0803, 9.0487, 9.0400, 9.0465, 9.0509, 9.0434, 9.0542, 9.0489, 9.0269, 9.0583, 9.0472, 9.0467, 9.0443, 9.0466, 9.0473, 9.0404, 9.0528, 9.0501, 9.0475, 9.0268, 9.0511, 9.0502, 9.0718, 9.0531, 9.0468, 9.0437, 9.0479, 9.0473, 9.0429, 9.0490, 9.0487, 9.0700, 9.0383, 9.0469, 9.0527, 9.0641, 9.0418, 9.0552, 9.0476, 9.0640, 9.0601, 9.0546, 9.0507, 9.0289, 9.0342, 9.0382, 9.0462, 9.0546, 9.0403, 9.0361, 9.0526, 9.0442, 9.0464, 9.0482, 9.0327, 9.0476, 9.0436, 9.0429, 9.0457, 9.0622, 9.0449, 9.0500, 9.0337, 9.0464, 9.0393, 9.0622, 9.0578, 9.0549, 9.0508, 9.0414, 9.0473, 9.0476, 9.0573, 9.0424, 9.0476, 9.0507, 9.0591
     mean rt (s): 9.0174
   stddev rt (s): 0.0345
       95% ci rt: 0.0051 -> [9.0123, 9.0225]
     coeff ci rt: 0.0005668585032379356
━━━━━━━━━━━━━━━━━━━━━━━━━━━━━━━━━━━━━━━━━━━━━━━━━━━━━━━━━━━━━━━━━━━━━━━━━━━━━━━━━━━━━━━━━━━━━━━━━━━━
━━━━━━━━━━━━━━━━━━━━━━━━━━━━━━━━━━━━━━━━━━━━━━━━━━━━━━━━━━━━━━━━━━━━━━━━━━━━━━━━━━━━━━━━━━━━━━━━━━━━
      test count: 179
          rt (s): 8.9784, 8.9810, 8.9903, 8.9757, 8.9538, 8.9420, 8.9582, 8.9766, 8.9948, 8.9872, 9.0245, 8.9752, 8.9796, 8.9806, 8.9912, 8.9809, 8.9810, 8.9752, 8.9837, 8.9790, 8.9787, 8.9811, 8.9872, 8.9830, 9.0059, 9.0011, 8.9888, 8.9767, 8.9721, 8.9777, 8.9778, 8.9807, 8.9841, 8.9797, 9.0261, 8.9769, 8.9843, 8.9757, 8.9719, 8.9798, 8.9790, 8.9859, 9.0004, 8.9959, 8.9848, 8.9890, 8.9984, 8.9974, 8.9726, 8.9874, 8.9762, 8.9800, 8.9801, 8.9831, 8.9829, 8.9809, 8.9867, 8.9793, 9.0029, 8.9789, 8.9753, 8.9792, 8.9946, 9.0023, 8.9694, 8.9709, 8.9816, 8.9929, 8.9931, 8.9804, 8.9956, 8.9836, 8.9713, 8.9769, 8.9713, 8.9691, 8.9771, 8.9955, 8.9725, 8.9734, 8.9806, 8.9803, 9.0173, 8.9814, 8.9902, 9.0444, 9.0387, 9.0503, 9.0446, 9.0572, 9.0455, 9.0489, 9.0542, 9.0441, 9.0505, 9.0400, 9.0437, 9.0401, 9.0624, 9.0635, 9.0681, 9.0803, 9.0487, 9.0400, 9.0465, 9.0509, 9.0434, 9.0542, 9.0489, 9.0269, 9.0583, 9.0472, 9.0467, 9.0443, 9.0466, 9.0473, 9.0404, 9.0528, 9.0501, 9.0475, 9.0268, 9.0511, 9.0502, 9.0718, 9.0531, 9.0468, 9.0437, 9.0479, 9.0473, 9.0429, 9.0490, 9.0487, 9.0700, 9.0383, 9.0469, 9.0527, 9.0641, 9.0418, 9.0552, 9.0476, 9.0640, 9.0601, 9.0546, 9.0507, 9.0289, 9.0342, 9.0382, 9.0462, 9.0546, 9.0403, 9.0361, 9.0526, 9.0442, 9.0464, 9.0482, 9.0327, 9.0476, 9.0436, 9.0429, 9.0457, 9.0622, 9.0449, 9.0500, 9.0337, 9.0464, 9.0393, 9.0622, 9.0578, 9.0549, 9.0508, 9.0414, 9.0473, 9.0476, 9.0573, 9.0424, 9.0476, 9.0507, 9.0591, 9.0409
     mean rt (s): 9.0175
   stddev rt (s): 0.0344
       95% ci rt: 0.0051 -> [9.0124, 9.0226]
     coeff ci rt: 0.0005643848435163986
━━━━━━━━━━━━━━━━━━━━━━━━━━━━━━━━━━━━━━━━━━━━━━━━━━━━━━━━━━━━━━━━━━━━━━━━━━━━━━━━━━━━━━━━━━━━━━━━━━━━
━━━━━━━━━━━━━━━━━━━━━━━━━━━━━━━━━━━━━━━━━━━━━━━━━━━━━━━━━━━━━━━━━━━━━━━━━━━━━━━━━━━━━━━━━━━━━━━━━━━━
      test count: 180
          rt (s): 8.9784, 8.9810, 8.9903, 8.9757, 8.9538, 8.9420, 8.9582, 8.9766, 8.9948, 8.9872, 9.0245, 8.9752, 8.9796, 8.9806, 8.9912, 8.9809, 8.9810, 8.9752, 8.9837, 8.9790, 8.9787, 8.9811, 8.9872, 8.9830, 9.0059, 9.0011, 8.9888, 8.9767, 8.9721, 8.9777, 8.9778, 8.9807, 8.9841, 8.9797, 9.0261, 8.9769, 8.9843, 8.9757, 8.9719, 8.9798, 8.9790, 8.9859, 9.0004, 8.9959, 8.9848, 8.9890, 8.9984, 8.9974, 8.9726, 8.9874, 8.9762, 8.9800, 8.9801, 8.9831, 8.9829, 8.9809, 8.9867, 8.9793, 9.0029, 8.9789, 8.9753, 8.9792, 8.9946, 9.0023, 8.9694, 8.9709, 8.9816, 8.9929, 8.9931, 8.9804, 8.9956, 8.9836, 8.9713, 8.9769, 8.9713, 8.9691, 8.9771, 8.9955, 8.9725, 8.9734, 8.9806, 8.9803, 9.0173, 8.9814, 8.9902, 9.0444, 9.0387, 9.0503, 9.0446, 9.0572, 9.0455, 9.0489, 9.0542, 9.0441, 9.0505, 9.0400, 9.0437, 9.0401, 9.0624, 9.0635, 9.0681, 9.0803, 9.0487, 9.0400, 9.0465, 9.0509, 9.0434, 9.0542, 9.0489, 9.0269, 9.0583, 9.0472, 9.0467, 9.0443, 9.0466, 9.0473, 9.0404, 9.0528, 9.0501, 9.0475, 9.0268, 9.0511, 9.0502, 9.0718, 9.0531, 9.0468, 9.0437, 9.0479, 9.0473, 9.0429, 9.0490, 9.0487, 9.0700, 9.0383, 9.0469, 9.0527, 9.0641, 9.0418, 9.0552, 9.0476, 9.0640, 9.0601, 9.0546, 9.0507, 9.0289, 9.0342, 9.0382, 9.0462, 9.0546, 9.0403, 9.0361, 9.0526, 9.0442, 9.0464, 9.0482, 9.0327, 9.0476, 9.0436, 9.0429, 9.0457, 9.0622, 9.0449, 9.0500, 9.0337, 9.0464, 9.0393, 9.0622, 9.0578, 9.0549, 9.0508, 9.0414, 9.0473, 9.0476, 9.0573, 9.0424, 9.0476, 9.0507, 9.0591, 9.0409, 9.0423
     mean rt (s): 9.0177
   stddev rt (s): 0.0344
       95% ci rt: 0.0051 -> [9.0126, 9.0227]
     coeff ci rt: 0.0005620181406091644
━━━━━━━━━━━━━━━━━━━━━━━━━━━━━━━━━━━━━━━━━━━━━━━━━━━━━━━━━━━━━━━━━━━━━━━━━━━━━━━━━━━━━━━━━━━━━━━━━━━━
━━━━━━━━━━━━━━━━━━━━━━━━━━━━━━━━━━━━━━━━━━━━━━━━━━━━━━━━━━━━━━━━━━━━━━━━━━━━━━━━━━━━━━━━━━━━━━━━━━━━
      test count: 181
          rt (s): 8.9784, 8.9810, 8.9903, 8.9757, 8.9538, 8.9420, 8.9582, 8.9766, 8.9948, 8.9872, 9.0245, 8.9752, 8.9796, 8.9806, 8.9912, 8.9809, 8.9810, 8.9752, 8.9837, 8.9790, 8.9787, 8.9811, 8.9872, 8.9830, 9.0059, 9.0011, 8.9888, 8.9767, 8.9721, 8.9777, 8.9778, 8.9807, 8.9841, 8.9797, 9.0261, 8.9769, 8.9843, 8.9757, 8.9719, 8.9798, 8.9790, 8.9859, 9.0004, 8.9959, 8.9848, 8.9890, 8.9984, 8.9974, 8.9726, 8.9874, 8.9762, 8.9800, 8.9801, 8.9831, 8.9829, 8.9809, 8.9867, 8.9793, 9.0029, 8.9789, 8.9753, 8.9792, 8.9946, 9.0023, 8.9694, 8.9709, 8.9816, 8.9929, 8.9931, 8.9804, 8.9956, 8.9836, 8.9713, 8.9769, 8.9713, 8.9691, 8.9771, 8.9955, 8.9725, 8.9734, 8.9806, 8.9803, 9.0173, 8.9814, 8.9902, 9.0444, 9.0387, 9.0503, 9.0446, 9.0572, 9.0455, 9.0489, 9.0542, 9.0441, 9.0505, 9.0400, 9.0437, 9.0401, 9.0624, 9.0635, 9.0681, 9.0803, 9.0487, 9.0400, 9.0465, 9.0509, 9.0434, 9.0542, 9.0489, 9.0269, 9.0583, 9.0472, 9.0467, 9.0443, 9.0466, 9.0473, 9.0404, 9.0528, 9.0501, 9.0475, 9.0268, 9.0511, 9.0502, 9.0718, 9.0531, 9.0468, 9.0437, 9.0479, 9.0473, 9.0429, 9.0490, 9.0487, 9.0700, 9.0383, 9.0469, 9.0527, 9.0641, 9.0418, 9.0552, 9.0476, 9.0640, 9.0601, 9.0546, 9.0507, 9.0289, 9.0342, 9.0382, 9.0462, 9.0546, 9.0403, 9.0361, 9.0526, 9.0442, 9.0464, 9.0482, 9.0327, 9.0476, 9.0436, 9.0429, 9.0457, 9.0622, 9.0449, 9.0500, 9.0337, 9.0464, 9.0393, 9.0622, 9.0578, 9.0549, 9.0508, 9.0414, 9.0473, 9.0476, 9.0573, 9.0424, 9.0476, 9.0507, 9.0591, 9.0409, 9.0423, 9.0312
     mean rt (s): 9.0177
   stddev rt (s): 0.0343
       95% ci rt: 0.0050 -> [9.0127, 9.0228]
     coeff ci rt: 0.0005591182005016289
━━━━━━━━━━━━━━━━━━━━━━━━━━━━━━━━━━━━━━━━━━━━━━━━━━━━━━━━━━━━━━━━━━━━━━━━━━━━━━━━━━━━━━━━━━━━━━━━━━━━
━━━━━━━━━━━━━━━━━━━━━━━━━━━━━━━━━━━━━━━━━━━━━━━━━━━━━━━━━━━━━━━━━━━━━━━━━━━━━━━━━━━━━━━━━━━━━━━━━━━━
      test count: 182
          rt (s): 8.9784, 8.9810, 8.9903, 8.9757, 8.9538, 8.9420, 8.9582, 8.9766, 8.9948, 8.9872, 9.0245, 8.9752, 8.9796, 8.9806, 8.9912, 8.9809, 8.9810, 8.9752, 8.9837, 8.9790, 8.9787, 8.9811, 8.9872, 8.9830, 9.0059, 9.0011, 8.9888, 8.9767, 8.9721, 8.9777, 8.9778, 8.9807, 8.9841, 8.9797, 9.0261, 8.9769, 8.9843, 8.9757, 8.9719, 8.9798, 8.9790, 8.9859, 9.0004, 8.9959, 8.9848, 8.9890, 8.9984, 8.9974, 8.9726, 8.9874, 8.9762, 8.9800, 8.9801, 8.9831, 8.9829, 8.9809, 8.9867, 8.9793, 9.0029, 8.9789, 8.9753, 8.9792, 8.9946, 9.0023, 8.9694, 8.9709, 8.9816, 8.9929, 8.9931, 8.9804, 8.9956, 8.9836, 8.9713, 8.9769, 8.9713, 8.9691, 8.9771, 8.9955, 8.9725, 8.9734, 8.9806, 8.9803, 9.0173, 8.9814, 8.9902, 9.0444, 9.0387, 9.0503, 9.0446, 9.0572, 9.0455, 9.0489, 9.0542, 9.0441, 9.0505, 9.0400, 9.0437, 9.0401, 9.0624, 9.0635, 9.0681, 9.0803, 9.0487, 9.0400, 9.0465, 9.0509, 9.0434, 9.0542, 9.0489, 9.0269, 9.0583, 9.0472, 9.0467, 9.0443, 9.0466, 9.0473, 9.0404, 9.0528, 9.0501, 9.0475, 9.0268, 9.0511, 9.0502, 9.0718, 9.0531, 9.0468, 9.0437, 9.0479, 9.0473, 9.0429, 9.0490, 9.0487, 9.0700, 9.0383, 9.0469, 9.0527, 9.0641, 9.0418, 9.0552, 9.0476, 9.0640, 9.0601, 9.0546, 9.0507, 9.0289, 9.0342, 9.0382, 9.0462, 9.0546, 9.0403, 9.0361, 9.0526, 9.0442, 9.0464, 9.0482, 9.0327, 9.0476, 9.0436, 9.0429, 9.0457, 9.0622, 9.0449, 9.0500, 9.0337, 9.0464, 9.0393, 9.0622, 9.0578, 9.0549, 9.0508, 9.0414, 9.0473, 9.0476, 9.0573, 9.0424, 9.0476, 9.0507, 9.0591, 9.0409, 9.0423, 9.0312, 9.0385
     mean rt (s): 9.0179
   stddev rt (s): 0.0342
       95% ci rt: 0.0050 -> [9.0128, 9.0229]
     coeff ci rt: 0.0005565697670725479
━━━━━━━━━━━━━━━━━━━━━━━━━━━━━━━━━━━━━━━━━━━━━━━━━━━━━━━━━━━━━━━━━━━━━━━━━━━━━━━━━━━━━━━━━━━━━━━━━━━━
━━━━━━━━━━━━━━━━━━━━━━━━━━━━━━━━━━━━━━━━━━━━━━━━━━━━━━━━━━━━━━━━━━━━━━━━━━━━━━━━━━━━━━━━━━━━━━━━━━━━
      test count: 183
          rt (s): 8.9784, 8.9810, 8.9903, 8.9757, 8.9538, 8.9420, 8.9582, 8.9766, 8.9948, 8.9872, 9.0245, 8.9752, 8.9796, 8.9806, 8.9912, 8.9809, 8.9810, 8.9752, 8.9837, 8.9790, 8.9787, 8.9811, 8.9872, 8.9830, 9.0059, 9.0011, 8.9888, 8.9767, 8.9721, 8.9777, 8.9778, 8.9807, 8.9841, 8.9797, 9.0261, 8.9769, 8.9843, 8.9757, 8.9719, 8.9798, 8.9790, 8.9859, 9.0004, 8.9959, 8.9848, 8.9890, 8.9984, 8.9974, 8.9726, 8.9874, 8.9762, 8.9800, 8.9801, 8.9831, 8.9829, 8.9809, 8.9867, 8.9793, 9.0029, 8.9789, 8.9753, 8.9792, 8.9946, 9.0023, 8.9694, 8.9709, 8.9816, 8.9929, 8.9931, 8.9804, 8.9956, 8.9836, 8.9713, 8.9769, 8.9713, 8.9691, 8.9771, 8.9955, 8.9725, 8.9734, 8.9806, 8.9803, 9.0173, 8.9814, 8.9902, 9.0444, 9.0387, 9.0503, 9.0446, 9.0572, 9.0455, 9.0489, 9.0542, 9.0441, 9.0505, 9.0400, 9.0437, 9.0401, 9.0624, 9.0635, 9.0681, 9.0803, 9.0487, 9.0400, 9.0465, 9.0509, 9.0434, 9.0542, 9.0489, 9.0269, 9.0583, 9.0472, 9.0467, 9.0443, 9.0466, 9.0473, 9.0404, 9.0528, 9.0501, 9.0475, 9.0268, 9.0511, 9.0502, 9.0718, 9.0531, 9.0468, 9.0437, 9.0479, 9.0473, 9.0429, 9.0490, 9.0487, 9.0700, 9.0383, 9.0469, 9.0527, 9.0641, 9.0418, 9.0552, 9.0476, 9.0640, 9.0601, 9.0546, 9.0507, 9.0289, 9.0342, 9.0382, 9.0462, 9.0546, 9.0403, 9.0361, 9.0526, 9.0442, 9.0464, 9.0482, 9.0327, 9.0476, 9.0436, 9.0429, 9.0457, 9.0622, 9.0449, 9.0500, 9.0337, 9.0464, 9.0393, 9.0622, 9.0578, 9.0549, 9.0508, 9.0414, 9.0473, 9.0476, 9.0573, 9.0424, 9.0476, 9.0507, 9.0591, 9.0409, 9.0423, 9.0312, 9.0385, 9.0527
     mean rt (s): 9.0180
   stddev rt (s): 0.0342
       95% ci rt: 0.0050 -> [9.0130, 9.0230]
     coeff ci rt: 0.0005550537382968258
━━━━━━━━━━━━━━━━━━━━━━━━━━━━━━━━━━━━━━━━━━━━━━━━━━━━━━━━━━━━━━━━━━━━━━━━━━━━━━━━━━━━━━━━━━━━━━━━━━━━
━━━━━━━━━━━━━━━━━━━━━━━━━━━━━━━━━━━━━━━━━━━━━━━━━━━━━━━━━━━━━━━━━━━━━━━━━━━━━━━━━━━━━━━━━━━━━━━━━━━━
      test count: 184
          rt (s): 8.9784, 8.9810, 8.9903, 8.9757, 8.9538, 8.9420, 8.9582, 8.9766, 8.9948, 8.9872, 9.0245, 8.9752, 8.9796, 8.9806, 8.9912, 8.9809, 8.9810, 8.9752, 8.9837, 8.9790, 8.9787, 8.9811, 8.9872, 8.9830, 9.0059, 9.0011, 8.9888, 8.9767, 8.9721, 8.9777, 8.9778, 8.9807, 8.9841, 8.9797, 9.0261, 8.9769, 8.9843, 8.9757, 8.9719, 8.9798, 8.9790, 8.9859, 9.0004, 8.9959, 8.9848, 8.9890, 8.9984, 8.9974, 8.9726, 8.9874, 8.9762, 8.9800, 8.9801, 8.9831, 8.9829, 8.9809, 8.9867, 8.9793, 9.0029, 8.9789, 8.9753, 8.9792, 8.9946, 9.0023, 8.9694, 8.9709, 8.9816, 8.9929, 8.9931, 8.9804, 8.9956, 8.9836, 8.9713, 8.9769, 8.9713, 8.9691, 8.9771, 8.9955, 8.9725, 8.9734, 8.9806, 8.9803, 9.0173, 8.9814, 8.9902, 9.0444, 9.0387, 9.0503, 9.0446, 9.0572, 9.0455, 9.0489, 9.0542, 9.0441, 9.0505, 9.0400, 9.0437, 9.0401, 9.0624, 9.0635, 9.0681, 9.0803, 9.0487, 9.0400, 9.0465, 9.0509, 9.0434, 9.0542, 9.0489, 9.0269, 9.0583, 9.0472, 9.0467, 9.0443, 9.0466, 9.0473, 9.0404, 9.0528, 9.0501, 9.0475, 9.0268, 9.0511, 9.0502, 9.0718, 9.0531, 9.0468, 9.0437, 9.0479, 9.0473, 9.0429, 9.0490, 9.0487, 9.0700, 9.0383, 9.0469, 9.0527, 9.0641, 9.0418, 9.0552, 9.0476, 9.0640, 9.0601, 9.0546, 9.0507, 9.0289, 9.0342, 9.0382, 9.0462, 9.0546, 9.0403, 9.0361, 9.0526, 9.0442, 9.0464, 9.0482, 9.0327, 9.0476, 9.0436, 9.0429, 9.0457, 9.0622, 9.0449, 9.0500, 9.0337, 9.0464, 9.0393, 9.0622, 9.0578, 9.0549, 9.0508, 9.0414, 9.0473, 9.0476, 9.0573, 9.0424, 9.0476, 9.0507, 9.0591, 9.0409, 9.0423, 9.0312, 9.0385, 9.0527, 9.0498
     mean rt (s): 9.0182
   stddev rt (s): 0.0342
       95% ci rt: 0.0050 -> [9.0132, 9.0232]
     coeff ci rt: 0.0005532881231167652
━━━━━━━━━━━━━━━━━━━━━━━━━━━━━━━━━━━━━━━━━━━━━━━━━━━━━━━━━━━━━━━━━━━━━━━━━━━━━━━━━━━━━━━━━━━━━━━━━━━━
━━━━━━━━━━━━━━━━━━━━━━━━━━━━━━━━━━━━━━━━━━━━━━━━━━━━━━━━━━━━━━━━━━━━━━━━━━━━━━━━━━━━━━━━━━━━━━━━━━━━
      test count: 185
          rt (s): 8.9784, 8.9810, 8.9903, 8.9757, 8.9538, 8.9420, 8.9582, 8.9766, 8.9948, 8.9872, 9.0245, 8.9752, 8.9796, 8.9806, 8.9912, 8.9809, 8.9810, 8.9752, 8.9837, 8.9790, 8.9787, 8.9811, 8.9872, 8.9830, 9.0059, 9.0011, 8.9888, 8.9767, 8.9721, 8.9777, 8.9778, 8.9807, 8.9841, 8.9797, 9.0261, 8.9769, 8.9843, 8.9757, 8.9719, 8.9798, 8.9790, 8.9859, 9.0004, 8.9959, 8.9848, 8.9890, 8.9984, 8.9974, 8.9726, 8.9874, 8.9762, 8.9800, 8.9801, 8.9831, 8.9829, 8.9809, 8.9867, 8.9793, 9.0029, 8.9789, 8.9753, 8.9792, 8.9946, 9.0023, 8.9694, 8.9709, 8.9816, 8.9929, 8.9931, 8.9804, 8.9956, 8.9836, 8.9713, 8.9769, 8.9713, 8.9691, 8.9771, 8.9955, 8.9725, 8.9734, 8.9806, 8.9803, 9.0173, 8.9814, 8.9902, 9.0444, 9.0387, 9.0503, 9.0446, 9.0572, 9.0455, 9.0489, 9.0542, 9.0441, 9.0505, 9.0400, 9.0437, 9.0401, 9.0624, 9.0635, 9.0681, 9.0803, 9.0487, 9.0400, 9.0465, 9.0509, 9.0434, 9.0542, 9.0489, 9.0269, 9.0583, 9.0472, 9.0467, 9.0443, 9.0466, 9.0473, 9.0404, 9.0528, 9.0501, 9.0475, 9.0268, 9.0511, 9.0502, 9.0718, 9.0531, 9.0468, 9.0437, 9.0479, 9.0473, 9.0429, 9.0490, 9.0487, 9.0700, 9.0383, 9.0469, 9.0527, 9.0641, 9.0418, 9.0552, 9.0476, 9.0640, 9.0601, 9.0546, 9.0507, 9.0289, 9.0342, 9.0382, 9.0462, 9.0546, 9.0403, 9.0361, 9.0526, 9.0442, 9.0464, 9.0482, 9.0327, 9.0476, 9.0436, 9.0429, 9.0457, 9.0622, 9.0449, 9.0500, 9.0337, 9.0464, 9.0393, 9.0622, 9.0578, 9.0549, 9.0508, 9.0414, 9.0473, 9.0476, 9.0573, 9.0424, 9.0476, 9.0507, 9.0591, 9.0409, 9.0423, 9.0312, 9.0385, 9.0527, 9.0498, 9.0664
     mean rt (s): 9.0185
   stddev rt (s): 0.0343
       95% ci rt: 0.0050 -> [9.0135, 9.0235]
     coeff ci rt: 0.0005531956762430239
━━━━━━━━━━━━━━━━━━━━━━━━━━━━━━━━━━━━━━━━━━━━━━━━━━━━━━━━━━━━━━━━━━━━━━━━━━━━━━━━━━━━━━━━━━━━━━━━━━━━
━━━━━━━━━━━━━━━━━━━━━━━━━━━━━━━━━━━━━━━━━━━━━━━━━━━━━━━━━━━━━━━━━━━━━━━━━━━━━━━━━━━━━━━━━━━━━━━━━━━━
      test count: 186
          rt (s): 8.9784, 8.9810, 8.9903, 8.9757, 8.9538, 8.9420, 8.9582, 8.9766, 8.9948, 8.9872, 9.0245, 8.9752, 8.9796, 8.9806, 8.9912, 8.9809, 8.9810, 8.9752, 8.9837, 8.9790, 8.9787, 8.9811, 8.9872, 8.9830, 9.0059, 9.0011, 8.9888, 8.9767, 8.9721, 8.9777, 8.9778, 8.9807, 8.9841, 8.9797, 9.0261, 8.9769, 8.9843, 8.9757, 8.9719, 8.9798, 8.9790, 8.9859, 9.0004, 8.9959, 8.9848, 8.9890, 8.9984, 8.9974, 8.9726, 8.9874, 8.9762, 8.9800, 8.9801, 8.9831, 8.9829, 8.9809, 8.9867, 8.9793, 9.0029, 8.9789, 8.9753, 8.9792, 8.9946, 9.0023, 8.9694, 8.9709, 8.9816, 8.9929, 8.9931, 8.9804, 8.9956, 8.9836, 8.9713, 8.9769, 8.9713, 8.9691, 8.9771, 8.9955, 8.9725, 8.9734, 8.9806, 8.9803, 9.0173, 8.9814, 8.9902, 9.0444, 9.0387, 9.0503, 9.0446, 9.0572, 9.0455, 9.0489, 9.0542, 9.0441, 9.0505, 9.0400, 9.0437, 9.0401, 9.0624, 9.0635, 9.0681, 9.0803, 9.0487, 9.0400, 9.0465, 9.0509, 9.0434, 9.0542, 9.0489, 9.0269, 9.0583, 9.0472, 9.0467, 9.0443, 9.0466, 9.0473, 9.0404, 9.0528, 9.0501, 9.0475, 9.0268, 9.0511, 9.0502, 9.0718, 9.0531, 9.0468, 9.0437, 9.0479, 9.0473, 9.0429, 9.0490, 9.0487, 9.0700, 9.0383, 9.0469, 9.0527, 9.0641, 9.0418, 9.0552, 9.0476, 9.0640, 9.0601, 9.0546, 9.0507, 9.0289, 9.0342, 9.0382, 9.0462, 9.0546, 9.0403, 9.0361, 9.0526, 9.0442, 9.0464, 9.0482, 9.0327, 9.0476, 9.0436, 9.0429, 9.0457, 9.0622, 9.0449, 9.0500, 9.0337, 9.0464, 9.0393, 9.0622, 9.0578, 9.0549, 9.0508, 9.0414, 9.0473, 9.0476, 9.0573, 9.0424, 9.0476, 9.0507, 9.0591, 9.0409, 9.0423, 9.0312, 9.0385, 9.0527, 9.0498, 9.0664, 9.0763
     mean rt (s): 9.0188
   stddev rt (s): 0.0345
       95% ci rt: 0.0050 -> [9.0138, 9.0238]
     coeff ci rt: 0.0005543618593790439
━━━━━━━━━━━━━━━━━━━━━━━━━━━━━━━━━━━━━━━━━━━━━━━━━━━━━━━━━━━━━━━━━━━━━━━━━━━━━━━━━━━━━━━━━━━━━━━━━━━━
━━━━━━━━━━━━━━━━━━━━━━━━━━━━━━━━━━━━━━━━━━━━━━━━━━━━━━━━━━━━━━━━━━━━━━━━━━━━━━━━━━━━━━━━━━━━━━━━━━━━
      test count: 187
          rt (s): 8.9784, 8.9810, 8.9903, 8.9757, 8.9538, 8.9420, 8.9582, 8.9766, 8.9948, 8.9872, 9.0245, 8.9752, 8.9796, 8.9806, 8.9912, 8.9809, 8.9810, 8.9752, 8.9837, 8.9790, 8.9787, 8.9811, 8.9872, 8.9830, 9.0059, 9.0011, 8.9888, 8.9767, 8.9721, 8.9777, 8.9778, 8.9807, 8.9841, 8.9797, 9.0261, 8.9769, 8.9843, 8.9757, 8.9719, 8.9798, 8.9790, 8.9859, 9.0004, 8.9959, 8.9848, 8.9890, 8.9984, 8.9974, 8.9726, 8.9874, 8.9762, 8.9800, 8.9801, 8.9831, 8.9829, 8.9809, 8.9867, 8.9793, 9.0029, 8.9789, 8.9753, 8.9792, 8.9946, 9.0023, 8.9694, 8.9709, 8.9816, 8.9929, 8.9931, 8.9804, 8.9956, 8.9836, 8.9713, 8.9769, 8.9713, 8.9691, 8.9771, 8.9955, 8.9725, 8.9734, 8.9806, 8.9803, 9.0173, 8.9814, 8.9902, 9.0444, 9.0387, 9.0503, 9.0446, 9.0572, 9.0455, 9.0489, 9.0542, 9.0441, 9.0505, 9.0400, 9.0437, 9.0401, 9.0624, 9.0635, 9.0681, 9.0803, 9.0487, 9.0400, 9.0465, 9.0509, 9.0434, 9.0542, 9.0489, 9.0269, 9.0583, 9.0472, 9.0467, 9.0443, 9.0466, 9.0473, 9.0404, 9.0528, 9.0501, 9.0475, 9.0268, 9.0511, 9.0502, 9.0718, 9.0531, 9.0468, 9.0437, 9.0479, 9.0473, 9.0429, 9.0490, 9.0487, 9.0700, 9.0383, 9.0469, 9.0527, 9.0641, 9.0418, 9.0552, 9.0476, 9.0640, 9.0601, 9.0546, 9.0507, 9.0289, 9.0342, 9.0382, 9.0462, 9.0546, 9.0403, 9.0361, 9.0526, 9.0442, 9.0464, 9.0482, 9.0327, 9.0476, 9.0436, 9.0429, 9.0457, 9.0622, 9.0449, 9.0500, 9.0337, 9.0464, 9.0393, 9.0622, 9.0578, 9.0549, 9.0508, 9.0414, 9.0473, 9.0476, 9.0573, 9.0424, 9.0476, 9.0507, 9.0591, 9.0409, 9.0423, 9.0312, 9.0385, 9.0527, 9.0498, 9.0664, 9.0763, 9.0458
     mean rt (s): 9.0189
   stddev rt (s): 0.0344
       95% ci rt: 0.0050 -> [9.0140, 9.0239]
     coeff ci rt: 0.0005522657160495469
━━━━━━━━━━━━━━━━━━━━━━━━━━━━━━━━━━━━━━━━━━━━━━━━━━━━━━━━━━━━━━━━━━━━━━━━━━━━━━━━━━━━━━━━━━━━━━━━━━━━
━━━━━━━━━━━━━━━━━━━━━━━━━━━━━━━━━━━━━━━━━━━━━━━━━━━━━━━━━━━━━━━━━━━━━━━━━━━━━━━━━━━━━━━━━━━━━━━━━━━━
      test count: 188
          rt (s): 8.9784, 8.9810, 8.9903, 8.9757, 8.9538, 8.9420, 8.9582, 8.9766, 8.9948, 8.9872, 9.0245, 8.9752, 8.9796, 8.9806, 8.9912, 8.9809, 8.9810, 8.9752, 8.9837, 8.9790, 8.9787, 8.9811, 8.9872, 8.9830, 9.0059, 9.0011, 8.9888, 8.9767, 8.9721, 8.9777, 8.9778, 8.9807, 8.9841, 8.9797, 9.0261, 8.9769, 8.9843, 8.9757, 8.9719, 8.9798, 8.9790, 8.9859, 9.0004, 8.9959, 8.9848, 8.9890, 8.9984, 8.9974, 8.9726, 8.9874, 8.9762, 8.9800, 8.9801, 8.9831, 8.9829, 8.9809, 8.9867, 8.9793, 9.0029, 8.9789, 8.9753, 8.9792, 8.9946, 9.0023, 8.9694, 8.9709, 8.9816, 8.9929, 8.9931, 8.9804, 8.9956, 8.9836, 8.9713, 8.9769, 8.9713, 8.9691, 8.9771, 8.9955, 8.9725, 8.9734, 8.9806, 8.9803, 9.0173, 8.9814, 8.9902, 9.0444, 9.0387, 9.0503, 9.0446, 9.0572, 9.0455, 9.0489, 9.0542, 9.0441, 9.0505, 9.0400, 9.0437, 9.0401, 9.0624, 9.0635, 9.0681, 9.0803, 9.0487, 9.0400, 9.0465, 9.0509, 9.0434, 9.0542, 9.0489, 9.0269, 9.0583, 9.0472, 9.0467, 9.0443, 9.0466, 9.0473, 9.0404, 9.0528, 9.0501, 9.0475, 9.0268, 9.0511, 9.0502, 9.0718, 9.0531, 9.0468, 9.0437, 9.0479, 9.0473, 9.0429, 9.0490, 9.0487, 9.0700, 9.0383, 9.0469, 9.0527, 9.0641, 9.0418, 9.0552, 9.0476, 9.0640, 9.0601, 9.0546, 9.0507, 9.0289, 9.0342, 9.0382, 9.0462, 9.0546, 9.0403, 9.0361, 9.0526, 9.0442, 9.0464, 9.0482, 9.0327, 9.0476, 9.0436, 9.0429, 9.0457, 9.0622, 9.0449, 9.0500, 9.0337, 9.0464, 9.0393, 9.0622, 9.0578, 9.0549, 9.0508, 9.0414, 9.0473, 9.0476, 9.0573, 9.0424, 9.0476, 9.0507, 9.0591, 9.0409, 9.0423, 9.0312, 9.0385, 9.0527, 9.0498, 9.0664, 9.0763, 9.0458, 9.0421
     mean rt (s): 9.0191
   stddev rt (s): 0.0344
       95% ci rt: 0.0050 -> [9.0141, 9.0240]
     coeff ci rt: 0.0005499545289916805
━━━━━━━━━━━━━━━━━━━━━━━━━━━━━━━━━━━━━━━━━━━━━━━━━━━━━━━━━━━━━━━━━━━━━━━━━━━━━━━━━━━━━━━━━━━━━━━━━━━━
━━━━━━━━━━━━━━━━━━━━━━━━━━━━━━━━━━━━━━━━━━━━━━━━━━━━━━━━━━━━━━━━━━━━━━━━━━━━━━━━━━━━━━━━━━━━━━━━━━━━
      test count: 189
          rt (s): 8.9784, 8.9810, 8.9903, 8.9757, 8.9538, 8.9420, 8.9582, 8.9766, 8.9948, 8.9872, 9.0245, 8.9752, 8.9796, 8.9806, 8.9912, 8.9809, 8.9810, 8.9752, 8.9837, 8.9790, 8.9787, 8.9811, 8.9872, 8.9830, 9.0059, 9.0011, 8.9888, 8.9767, 8.9721, 8.9777, 8.9778, 8.9807, 8.9841, 8.9797, 9.0261, 8.9769, 8.9843, 8.9757, 8.9719, 8.9798, 8.9790, 8.9859, 9.0004, 8.9959, 8.9848, 8.9890, 8.9984, 8.9974, 8.9726, 8.9874, 8.9762, 8.9800, 8.9801, 8.9831, 8.9829, 8.9809, 8.9867, 8.9793, 9.0029, 8.9789, 8.9753, 8.9792, 8.9946, 9.0023, 8.9694, 8.9709, 8.9816, 8.9929, 8.9931, 8.9804, 8.9956, 8.9836, 8.9713, 8.9769, 8.9713, 8.9691, 8.9771, 8.9955, 8.9725, 8.9734, 8.9806, 8.9803, 9.0173, 8.9814, 8.9902, 9.0444, 9.0387, 9.0503, 9.0446, 9.0572, 9.0455, 9.0489, 9.0542, 9.0441, 9.0505, 9.0400, 9.0437, 9.0401, 9.0624, 9.0635, 9.0681, 9.0803, 9.0487, 9.0400, 9.0465, 9.0509, 9.0434, 9.0542, 9.0489, 9.0269, 9.0583, 9.0472, 9.0467, 9.0443, 9.0466, 9.0473, 9.0404, 9.0528, 9.0501, 9.0475, 9.0268, 9.0511, 9.0502, 9.0718, 9.0531, 9.0468, 9.0437, 9.0479, 9.0473, 9.0429, 9.0490, 9.0487, 9.0700, 9.0383, 9.0469, 9.0527, 9.0641, 9.0418, 9.0552, 9.0476, 9.0640, 9.0601, 9.0546, 9.0507, 9.0289, 9.0342, 9.0382, 9.0462, 9.0546, 9.0403, 9.0361, 9.0526, 9.0442, 9.0464, 9.0482, 9.0327, 9.0476, 9.0436, 9.0429, 9.0457, 9.0622, 9.0449, 9.0500, 9.0337, 9.0464, 9.0393, 9.0622, 9.0578, 9.0549, 9.0508, 9.0414, 9.0473, 9.0476, 9.0573, 9.0424, 9.0476, 9.0507, 9.0591, 9.0409, 9.0423, 9.0312, 9.0385, 9.0527, 9.0498, 9.0664, 9.0763, 9.0458, 9.0421, 9.0501
     mean rt (s): 9.0192
   stddev rt (s): 0.0344
       95% ci rt: 0.0049 -> [9.0143, 9.0242]
     coeff ci rt: 0.000548186598478981
━━━━━━━━━━━━━━━━━━━━━━━━━━━━━━━━━━━━━━━━━━━━━━━━━━━━━━━━━━━━━━━━━━━━━━━━━━━━━━━━━━━━━━━━━━━━━━━━━━━━
━━━━━━━━━━━━━━━━━━━━━━━━━━━━━━━━━━━━━━━━━━━━━━━━━━━━━━━━━━━━━━━━━━━━━━━━━━━━━━━━━━━━━━━━━━━━━━━━━━━━
      test count: 190
          rt (s): 8.9784, 8.9810, 8.9903, 8.9757, 8.9538, 8.9420, 8.9582, 8.9766, 8.9948, 8.9872, 9.0245, 8.9752, 8.9796, 8.9806, 8.9912, 8.9809, 8.9810, 8.9752, 8.9837, 8.9790, 8.9787, 8.9811, 8.9872, 8.9830, 9.0059, 9.0011, 8.9888, 8.9767, 8.9721, 8.9777, 8.9778, 8.9807, 8.9841, 8.9797, 9.0261, 8.9769, 8.9843, 8.9757, 8.9719, 8.9798, 8.9790, 8.9859, 9.0004, 8.9959, 8.9848, 8.9890, 8.9984, 8.9974, 8.9726, 8.9874, 8.9762, 8.9800, 8.9801, 8.9831, 8.9829, 8.9809, 8.9867, 8.9793, 9.0029, 8.9789, 8.9753, 8.9792, 8.9946, 9.0023, 8.9694, 8.9709, 8.9816, 8.9929, 8.9931, 8.9804, 8.9956, 8.9836, 8.9713, 8.9769, 8.9713, 8.9691, 8.9771, 8.9955, 8.9725, 8.9734, 8.9806, 8.9803, 9.0173, 8.9814, 8.9902, 9.0444, 9.0387, 9.0503, 9.0446, 9.0572, 9.0455, 9.0489, 9.0542, 9.0441, 9.0505, 9.0400, 9.0437, 9.0401, 9.0624, 9.0635, 9.0681, 9.0803, 9.0487, 9.0400, 9.0465, 9.0509, 9.0434, 9.0542, 9.0489, 9.0269, 9.0583, 9.0472, 9.0467, 9.0443, 9.0466, 9.0473, 9.0404, 9.0528, 9.0501, 9.0475, 9.0268, 9.0511, 9.0502, 9.0718, 9.0531, 9.0468, 9.0437, 9.0479, 9.0473, 9.0429, 9.0490, 9.0487, 9.0700, 9.0383, 9.0469, 9.0527, 9.0641, 9.0418, 9.0552, 9.0476, 9.0640, 9.0601, 9.0546, 9.0507, 9.0289, 9.0342, 9.0382, 9.0462, 9.0546, 9.0403, 9.0361, 9.0526, 9.0442, 9.0464, 9.0482, 9.0327, 9.0476, 9.0436, 9.0429, 9.0457, 9.0622, 9.0449, 9.0500, 9.0337, 9.0464, 9.0393, 9.0622, 9.0578, 9.0549, 9.0508, 9.0414, 9.0473, 9.0476, 9.0573, 9.0424, 9.0476, 9.0507, 9.0591, 9.0409, 9.0423, 9.0312, 9.0385, 9.0527, 9.0498, 9.0664, 9.0763, 9.0458, 9.0421, 9.0501, 9.0574
     mean rt (s): 9.0194
   stddev rt (s): 0.0344
       95% ci rt: 0.0049 -> [9.0145, 9.0244]
     coeff ci rt: 0.0005470312725798969
━━━━━━━━━━━━━━━━━━━━━━━━━━━━━━━━━━━━━━━━━━━━━━━━━━━━━━━━━━━━━━━━━━━━━━━━━━━━━━━━━━━━━━━━━━━━━━━━━━━━
━━━━━━━━━━━━━━━━━━━━━━━━━━━━━━━━━━━━━━━━━━━━━━━━━━━━━━━━━━━━━━━━━━━━━━━━━━━━━━━━━━━━━━━━━━━━━━━━━━━━
      test count: 191
          rt (s): 8.9784, 8.9810, 8.9903, 8.9757, 8.9538, 8.9420, 8.9582, 8.9766, 8.9948, 8.9872, 9.0245, 8.9752, 8.9796, 8.9806, 8.9912, 8.9809, 8.9810, 8.9752, 8.9837, 8.9790, 8.9787, 8.9811, 8.9872, 8.9830, 9.0059, 9.0011, 8.9888, 8.9767, 8.9721, 8.9777, 8.9778, 8.9807, 8.9841, 8.9797, 9.0261, 8.9769, 8.9843, 8.9757, 8.9719, 8.9798, 8.9790, 8.9859, 9.0004, 8.9959, 8.9848, 8.9890, 8.9984, 8.9974, 8.9726, 8.9874, 8.9762, 8.9800, 8.9801, 8.9831, 8.9829, 8.9809, 8.9867, 8.9793, 9.0029, 8.9789, 8.9753, 8.9792, 8.9946, 9.0023, 8.9694, 8.9709, 8.9816, 8.9929, 8.9931, 8.9804, 8.9956, 8.9836, 8.9713, 8.9769, 8.9713, 8.9691, 8.9771, 8.9955, 8.9725, 8.9734, 8.9806, 8.9803, 9.0173, 8.9814, 8.9902, 9.0444, 9.0387, 9.0503, 9.0446, 9.0572, 9.0455, 9.0489, 9.0542, 9.0441, 9.0505, 9.0400, 9.0437, 9.0401, 9.0624, 9.0635, 9.0681, 9.0803, 9.0487, 9.0400, 9.0465, 9.0509, 9.0434, 9.0542, 9.0489, 9.0269, 9.0583, 9.0472, 9.0467, 9.0443, 9.0466, 9.0473, 9.0404, 9.0528, 9.0501, 9.0475, 9.0268, 9.0511, 9.0502, 9.0718, 9.0531, 9.0468, 9.0437, 9.0479, 9.0473, 9.0429, 9.0490, 9.0487, 9.0700, 9.0383, 9.0469, 9.0527, 9.0641, 9.0418, 9.0552, 9.0476, 9.0640, 9.0601, 9.0546, 9.0507, 9.0289, 9.0342, 9.0382, 9.0462, 9.0546, 9.0403, 9.0361, 9.0526, 9.0442, 9.0464, 9.0482, 9.0327, 9.0476, 9.0436, 9.0429, 9.0457, 9.0622, 9.0449, 9.0500, 9.0337, 9.0464, 9.0393, 9.0622, 9.0578, 9.0549, 9.0508, 9.0414, 9.0473, 9.0476, 9.0573, 9.0424, 9.0476, 9.0507, 9.0591, 9.0409, 9.0423, 9.0312, 9.0385, 9.0527, 9.0498, 9.0664, 9.0763, 9.0458, 9.0421, 9.0501, 9.0574, 9.0445
     mean rt (s): 9.0196
   stddev rt (s): 0.0343
       95% ci rt: 0.0049 -> [9.0146, 9.0245]
     coeff ci rt: 0.0005448905509936825
━━━━━━━━━━━━━━━━━━━━━━━━━━━━━━━━━━━━━━━━━━━━━━━━━━━━━━━━━━━━━━━━━━━━━━━━━━━━━━━━━━━━━━━━━━━━━━━━━━━━
━━━━━━━━━━━━━━━━━━━━━━━━━━━━━━━━━━━━━━━━━━━━━━━━━━━━━━━━━━━━━━━━━━━━━━━━━━━━━━━━━━━━━━━━━━━━━━━━━━━━
      test count: 192
          rt (s): 8.9784, 8.9810, 8.9903, 8.9757, 8.9538, 8.9420, 8.9582, 8.9766, 8.9948, 8.9872, 9.0245, 8.9752, 8.9796, 8.9806, 8.9912, 8.9809, 8.9810, 8.9752, 8.9837, 8.9790, 8.9787, 8.9811, 8.9872, 8.9830, 9.0059, 9.0011, 8.9888, 8.9767, 8.9721, 8.9777, 8.9778, 8.9807, 8.9841, 8.9797, 9.0261, 8.9769, 8.9843, 8.9757, 8.9719, 8.9798, 8.9790, 8.9859, 9.0004, 8.9959, 8.9848, 8.9890, 8.9984, 8.9974, 8.9726, 8.9874, 8.9762, 8.9800, 8.9801, 8.9831, 8.9829, 8.9809, 8.9867, 8.9793, 9.0029, 8.9789, 8.9753, 8.9792, 8.9946, 9.0023, 8.9694, 8.9709, 8.9816, 8.9929, 8.9931, 8.9804, 8.9956, 8.9836, 8.9713, 8.9769, 8.9713, 8.9691, 8.9771, 8.9955, 8.9725, 8.9734, 8.9806, 8.9803, 9.0173, 8.9814, 8.9902, 9.0444, 9.0387, 9.0503, 9.0446, 9.0572, 9.0455, 9.0489, 9.0542, 9.0441, 9.0505, 9.0400, 9.0437, 9.0401, 9.0624, 9.0635, 9.0681, 9.0803, 9.0487, 9.0400, 9.0465, 9.0509, 9.0434, 9.0542, 9.0489, 9.0269, 9.0583, 9.0472, 9.0467, 9.0443, 9.0466, 9.0473, 9.0404, 9.0528, 9.0501, 9.0475, 9.0268, 9.0511, 9.0502, 9.0718, 9.0531, 9.0468, 9.0437, 9.0479, 9.0473, 9.0429, 9.0490, 9.0487, 9.0700, 9.0383, 9.0469, 9.0527, 9.0641, 9.0418, 9.0552, 9.0476, 9.0640, 9.0601, 9.0546, 9.0507, 9.0289, 9.0342, 9.0382, 9.0462, 9.0546, 9.0403, 9.0361, 9.0526, 9.0442, 9.0464, 9.0482, 9.0327, 9.0476, 9.0436, 9.0429, 9.0457, 9.0622, 9.0449, 9.0500, 9.0337, 9.0464, 9.0393, 9.0622, 9.0578, 9.0549, 9.0508, 9.0414, 9.0473, 9.0476, 9.0573, 9.0424, 9.0476, 9.0507, 9.0591, 9.0409, 9.0423, 9.0312, 9.0385, 9.0527, 9.0498, 9.0664, 9.0763, 9.0458, 9.0421, 9.0501, 9.0574, 9.0445, 9.0740
     mean rt (s): 9.0198
   stddev rt (s): 0.0345
       95% ci rt: 0.0049 -> [9.0149, 9.0248]
     coeff ci rt: 0.0005455461522000252
━━━━━━━━━━━━━━━━━━━━━━━━━━━━━━━━━━━━━━━━━━━━━━━━━━━━━━━━━━━━━━━━━━━━━━━━━━━━━━━━━━━━━━━━━━━━━━━━━━━━
━━━━━━━━━━━━━━━━━━━━━━━━━━━━━━━━━━━━━━━━━━━━━━━━━━━━━━━━━━━━━━━━━━━━━━━━━━━━━━━━━━━━━━━━━━━━━━━━━━━━
      test count: 193
          rt (s): 8.9784, 8.9810, 8.9903, 8.9757, 8.9538, 8.9420, 8.9582, 8.9766, 8.9948, 8.9872, 9.0245, 8.9752, 8.9796, 8.9806, 8.9912, 8.9809, 8.9810, 8.9752, 8.9837, 8.9790, 8.9787, 8.9811, 8.9872, 8.9830, 9.0059, 9.0011, 8.9888, 8.9767, 8.9721, 8.9777, 8.9778, 8.9807, 8.9841, 8.9797, 9.0261, 8.9769, 8.9843, 8.9757, 8.9719, 8.9798, 8.9790, 8.9859, 9.0004, 8.9959, 8.9848, 8.9890, 8.9984, 8.9974, 8.9726, 8.9874, 8.9762, 8.9800, 8.9801, 8.9831, 8.9829, 8.9809, 8.9867, 8.9793, 9.0029, 8.9789, 8.9753, 8.9792, 8.9946, 9.0023, 8.9694, 8.9709, 8.9816, 8.9929, 8.9931, 8.9804, 8.9956, 8.9836, 8.9713, 8.9769, 8.9713, 8.9691, 8.9771, 8.9955, 8.9725, 8.9734, 8.9806, 8.9803, 9.0173, 8.9814, 8.9902, 9.0444, 9.0387, 9.0503, 9.0446, 9.0572, 9.0455, 9.0489, 9.0542, 9.0441, 9.0505, 9.0400, 9.0437, 9.0401, 9.0624, 9.0635, 9.0681, 9.0803, 9.0487, 9.0400, 9.0465, 9.0509, 9.0434, 9.0542, 9.0489, 9.0269, 9.0583, 9.0472, 9.0467, 9.0443, 9.0466, 9.0473, 9.0404, 9.0528, 9.0501, 9.0475, 9.0268, 9.0511, 9.0502, 9.0718, 9.0531, 9.0468, 9.0437, 9.0479, 9.0473, 9.0429, 9.0490, 9.0487, 9.0700, 9.0383, 9.0469, 9.0527, 9.0641, 9.0418, 9.0552, 9.0476, 9.0640, 9.0601, 9.0546, 9.0507, 9.0289, 9.0342, 9.0382, 9.0462, 9.0546, 9.0403, 9.0361, 9.0526, 9.0442, 9.0464, 9.0482, 9.0327, 9.0476, 9.0436, 9.0429, 9.0457, 9.0622, 9.0449, 9.0500, 9.0337, 9.0464, 9.0393, 9.0622, 9.0578, 9.0549, 9.0508, 9.0414, 9.0473, 9.0476, 9.0573, 9.0424, 9.0476, 9.0507, 9.0591, 9.0409, 9.0423, 9.0312, 9.0385, 9.0527, 9.0498, 9.0664, 9.0763, 9.0458, 9.0421, 9.0501, 9.0574, 9.0445, 9.0740, 9.0425
     mean rt (s): 9.0200
   stddev rt (s): 0.0344
       95% ci rt: 0.0049 -> [9.0151, 9.0249]
     coeff ci rt: 0.000543294277145916
━━━━━━━━━━━━━━━━━━━━━━━━━━━━━━━━━━━━━━━━━━━━━━━━━━━━━━━━━━━━━━━━━━━━━━━━━━━━━━━━━━━━━━━━━━━━━━━━━━━━
━━━━━━━━━━━━━━━━━━━━━━━━━━━━━━━━━━━━━━━━━━━━━━━━━━━━━━━━━━━━━━━━━━━━━━━━━━━━━━━━━━━━━━━━━━━━━━━━━━━━
      test count: 194
          rt (s): 8.9784, 8.9810, 8.9903, 8.9757, 8.9538, 8.9420, 8.9582, 8.9766, 8.9948, 8.9872, 9.0245, 8.9752, 8.9796, 8.9806, 8.9912, 8.9809, 8.9810, 8.9752, 8.9837, 8.9790, 8.9787, 8.9811, 8.9872, 8.9830, 9.0059, 9.0011, 8.9888, 8.9767, 8.9721, 8.9777, 8.9778, 8.9807, 8.9841, 8.9797, 9.0261, 8.9769, 8.9843, 8.9757, 8.9719, 8.9798, 8.9790, 8.9859, 9.0004, 8.9959, 8.9848, 8.9890, 8.9984, 8.9974, 8.9726, 8.9874, 8.9762, 8.9800, 8.9801, 8.9831, 8.9829, 8.9809, 8.9867, 8.9793, 9.0029, 8.9789, 8.9753, 8.9792, 8.9946, 9.0023, 8.9694, 8.9709, 8.9816, 8.9929, 8.9931, 8.9804, 8.9956, 8.9836, 8.9713, 8.9769, 8.9713, 8.9691, 8.9771, 8.9955, 8.9725, 8.9734, 8.9806, 8.9803, 9.0173, 8.9814, 8.9902, 9.0444, 9.0387, 9.0503, 9.0446, 9.0572, 9.0455, 9.0489, 9.0542, 9.0441, 9.0505, 9.0400, 9.0437, 9.0401, 9.0624, 9.0635, 9.0681, 9.0803, 9.0487, 9.0400, 9.0465, 9.0509, 9.0434, 9.0542, 9.0489, 9.0269, 9.0583, 9.0472, 9.0467, 9.0443, 9.0466, 9.0473, 9.0404, 9.0528, 9.0501, 9.0475, 9.0268, 9.0511, 9.0502, 9.0718, 9.0531, 9.0468, 9.0437, 9.0479, 9.0473, 9.0429, 9.0490, 9.0487, 9.0700, 9.0383, 9.0469, 9.0527, 9.0641, 9.0418, 9.0552, 9.0476, 9.0640, 9.0601, 9.0546, 9.0507, 9.0289, 9.0342, 9.0382, 9.0462, 9.0546, 9.0403, 9.0361, 9.0526, 9.0442, 9.0464, 9.0482, 9.0327, 9.0476, 9.0436, 9.0429, 9.0457, 9.0622, 9.0449, 9.0500, 9.0337, 9.0464, 9.0393, 9.0622, 9.0578, 9.0549, 9.0508, 9.0414, 9.0473, 9.0476, 9.0573, 9.0424, 9.0476, 9.0507, 9.0591, 9.0409, 9.0423, 9.0312, 9.0385, 9.0527, 9.0498, 9.0664, 9.0763, 9.0458, 9.0421, 9.0501, 9.0574, 9.0445, 9.0740, 9.0425, 9.0557
     mean rt (s): 9.0201
   stddev rt (s): 0.0344
       95% ci rt: 0.0049 -> [9.0152, 9.0250]
     coeff ci rt: 0.000541957528478463
━━━━━━━━━━━━━━━━━━━━━━━━━━━━━━━━━━━━━━━━━━━━━━━━━━━━━━━━━━━━━━━━━━━━━━━━━━━━━━━━━━━━━━━━━━━━━━━━━━━━
━━━━━━━━━━━━━━━━━━━━━━━━━━━━━━━━━━━━━━━━━━━━━━━━━━━━━━━━━━━━━━━━━━━━━━━━━━━━━━━━━━━━━━━━━━━━━━━━━━━━
      test count: 195
          rt (s): 8.9784, 8.9810, 8.9903, 8.9757, 8.9538, 8.9420, 8.9582, 8.9766, 8.9948, 8.9872, 9.0245, 8.9752, 8.9796, 8.9806, 8.9912, 8.9809, 8.9810, 8.9752, 8.9837, 8.9790, 8.9787, 8.9811, 8.9872, 8.9830, 9.0059, 9.0011, 8.9888, 8.9767, 8.9721, 8.9777, 8.9778, 8.9807, 8.9841, 8.9797, 9.0261, 8.9769, 8.9843, 8.9757, 8.9719, 8.9798, 8.9790, 8.9859, 9.0004, 8.9959, 8.9848, 8.9890, 8.9984, 8.9974, 8.9726, 8.9874, 8.9762, 8.9800, 8.9801, 8.9831, 8.9829, 8.9809, 8.9867, 8.9793, 9.0029, 8.9789, 8.9753, 8.9792, 8.9946, 9.0023, 8.9694, 8.9709, 8.9816, 8.9929, 8.9931, 8.9804, 8.9956, 8.9836, 8.9713, 8.9769, 8.9713, 8.9691, 8.9771, 8.9955, 8.9725, 8.9734, 8.9806, 8.9803, 9.0173, 8.9814, 8.9902, 9.0444, 9.0387, 9.0503, 9.0446, 9.0572, 9.0455, 9.0489, 9.0542, 9.0441, 9.0505, 9.0400, 9.0437, 9.0401, 9.0624, 9.0635, 9.0681, 9.0803, 9.0487, 9.0400, 9.0465, 9.0509, 9.0434, 9.0542, 9.0489, 9.0269, 9.0583, 9.0472, 9.0467, 9.0443, 9.0466, 9.0473, 9.0404, 9.0528, 9.0501, 9.0475, 9.0268, 9.0511, 9.0502, 9.0718, 9.0531, 9.0468, 9.0437, 9.0479, 9.0473, 9.0429, 9.0490, 9.0487, 9.0700, 9.0383, 9.0469, 9.0527, 9.0641, 9.0418, 9.0552, 9.0476, 9.0640, 9.0601, 9.0546, 9.0507, 9.0289, 9.0342, 9.0382, 9.0462, 9.0546, 9.0403, 9.0361, 9.0526, 9.0442, 9.0464, 9.0482, 9.0327, 9.0476, 9.0436, 9.0429, 9.0457, 9.0622, 9.0449, 9.0500, 9.0337, 9.0464, 9.0393, 9.0622, 9.0578, 9.0549, 9.0508, 9.0414, 9.0473, 9.0476, 9.0573, 9.0424, 9.0476, 9.0507, 9.0591, 9.0409, 9.0423, 9.0312, 9.0385, 9.0527, 9.0498, 9.0664, 9.0763, 9.0458, 9.0421, 9.0501, 9.0574, 9.0445, 9.0740, 9.0425, 9.0557, 9.0554
     mean rt (s): 9.0203
   stddev rt (s): 0.0344
       95% ci rt: 0.0049 -> [9.0154, 9.0252]
     coeff ci rt: 0.0005405906927377066
━━━━━━━━━━━━━━━━━━━━━━━━━━━━━━━━━━━━━━━━━━━━━━━━━━━━━━━━━━━━━━━━━━━━━━━━━━━━━━━━━━━━━━━━━━━━━━━━━━━━
━━━━━━━━━━━━━━━━━━━━━━━━━━━━━━━━━━━━━━━━━━━━━━━━━━━━━━━━━━━━━━━━━━━━━━━━━━━━━━━━━━━━━━━━━━━━━━━━━━━━
      test count: 196
          rt (s): 8.9784, 8.9810, 8.9903, 8.9757, 8.9538, 8.9420, 8.9582, 8.9766, 8.9948, 8.9872, 9.0245, 8.9752, 8.9796, 8.9806, 8.9912, 8.9809, 8.9810, 8.9752, 8.9837, 8.9790, 8.9787, 8.9811, 8.9872, 8.9830, 9.0059, 9.0011, 8.9888, 8.9767, 8.9721, 8.9777, 8.9778, 8.9807, 8.9841, 8.9797, 9.0261, 8.9769, 8.9843, 8.9757, 8.9719, 8.9798, 8.9790, 8.9859, 9.0004, 8.9959, 8.9848, 8.9890, 8.9984, 8.9974, 8.9726, 8.9874, 8.9762, 8.9800, 8.9801, 8.9831, 8.9829, 8.9809, 8.9867, 8.9793, 9.0029, 8.9789, 8.9753, 8.9792, 8.9946, 9.0023, 8.9694, 8.9709, 8.9816, 8.9929, 8.9931, 8.9804, 8.9956, 8.9836, 8.9713, 8.9769, 8.9713, 8.9691, 8.9771, 8.9955, 8.9725, 8.9734, 8.9806, 8.9803, 9.0173, 8.9814, 8.9902, 9.0444, 9.0387, 9.0503, 9.0446, 9.0572, 9.0455, 9.0489, 9.0542, 9.0441, 9.0505, 9.0400, 9.0437, 9.0401, 9.0624, 9.0635, 9.0681, 9.0803, 9.0487, 9.0400, 9.0465, 9.0509, 9.0434, 9.0542, 9.0489, 9.0269, 9.0583, 9.0472, 9.0467, 9.0443, 9.0466, 9.0473, 9.0404, 9.0528, 9.0501, 9.0475, 9.0268, 9.0511, 9.0502, 9.0718, 9.0531, 9.0468, 9.0437, 9.0479, 9.0473, 9.0429, 9.0490, 9.0487, 9.0700, 9.0383, 9.0469, 9.0527, 9.0641, 9.0418, 9.0552, 9.0476, 9.0640, 9.0601, 9.0546, 9.0507, 9.0289, 9.0342, 9.0382, 9.0462, 9.0546, 9.0403, 9.0361, 9.0526, 9.0442, 9.0464, 9.0482, 9.0327, 9.0476, 9.0436, 9.0429, 9.0457, 9.0622, 9.0449, 9.0500, 9.0337, 9.0464, 9.0393, 9.0622, 9.0578, 9.0549, 9.0508, 9.0414, 9.0473, 9.0476, 9.0573, 9.0424, 9.0476, 9.0507, 9.0591, 9.0409, 9.0423, 9.0312, 9.0385, 9.0527, 9.0498, 9.0664, 9.0763, 9.0458, 9.0421, 9.0501, 9.0574, 9.0445, 9.0740, 9.0425, 9.0557, 9.0554, 9.0447
     mean rt (s): 9.0204
   stddev rt (s): 0.0344
       95% ci rt: 0.0049 -> [9.0156, 9.0253]
     coeff ci rt: 0.0005384881077677052
━━━━━━━━━━━━━━━━━━━━━━━━━━━━━━━━━━━━━━━━━━━━━━━━━━━━━━━━━━━━━━━━━━━━━━━━━━━━━━━━━━━━━━━━━━━━━━━━━━━━
━━━━━━━━━━━━━━━━━━━━━━━━━━━━━━━━━━━━━━━━━━━━━━━━━━━━━━━━━━━━━━━━━━━━━━━━━━━━━━━━━━━━━━━━━━━━━━━━━━━━
      test count: 197
          rt (s): 8.9784, 8.9810, 8.9903, 8.9757, 8.9538, 8.9420, 8.9582, 8.9766, 8.9948, 8.9872, 9.0245, 8.9752, 8.9796, 8.9806, 8.9912, 8.9809, 8.9810, 8.9752, 8.9837, 8.9790, 8.9787, 8.9811, 8.9872, 8.9830, 9.0059, 9.0011, 8.9888, 8.9767, 8.9721, 8.9777, 8.9778, 8.9807, 8.9841, 8.9797, 9.0261, 8.9769, 8.9843, 8.9757, 8.9719, 8.9798, 8.9790, 8.9859, 9.0004, 8.9959, 8.9848, 8.9890, 8.9984, 8.9974, 8.9726, 8.9874, 8.9762, 8.9800, 8.9801, 8.9831, 8.9829, 8.9809, 8.9867, 8.9793, 9.0029, 8.9789, 8.9753, 8.9792, 8.9946, 9.0023, 8.9694, 8.9709, 8.9816, 8.9929, 8.9931, 8.9804, 8.9956, 8.9836, 8.9713, 8.9769, 8.9713, 8.9691, 8.9771, 8.9955, 8.9725, 8.9734, 8.9806, 8.9803, 9.0173, 8.9814, 8.9902, 9.0444, 9.0387, 9.0503, 9.0446, 9.0572, 9.0455, 9.0489, 9.0542, 9.0441, 9.0505, 9.0400, 9.0437, 9.0401, 9.0624, 9.0635, 9.0681, 9.0803, 9.0487, 9.0400, 9.0465, 9.0509, 9.0434, 9.0542, 9.0489, 9.0269, 9.0583, 9.0472, 9.0467, 9.0443, 9.0466, 9.0473, 9.0404, 9.0528, 9.0501, 9.0475, 9.0268, 9.0511, 9.0502, 9.0718, 9.0531, 9.0468, 9.0437, 9.0479, 9.0473, 9.0429, 9.0490, 9.0487, 9.0700, 9.0383, 9.0469, 9.0527, 9.0641, 9.0418, 9.0552, 9.0476, 9.0640, 9.0601, 9.0546, 9.0507, 9.0289, 9.0342, 9.0382, 9.0462, 9.0546, 9.0403, 9.0361, 9.0526, 9.0442, 9.0464, 9.0482, 9.0327, 9.0476, 9.0436, 9.0429, 9.0457, 9.0622, 9.0449, 9.0500, 9.0337, 9.0464, 9.0393, 9.0622, 9.0578, 9.0549, 9.0508, 9.0414, 9.0473, 9.0476, 9.0573, 9.0424, 9.0476, 9.0507, 9.0591, 9.0409, 9.0423, 9.0312, 9.0385, 9.0527, 9.0498, 9.0664, 9.0763, 9.0458, 9.0421, 9.0501, 9.0574, 9.0445, 9.0740, 9.0425, 9.0557, 9.0554, 9.0447, 9.0369
     mean rt (s): 9.0205
   stddev rt (s): 0.0343
       95% ci rt: 0.0048 -> [9.0157, 9.0254]
     coeff ci rt: 0.0005360369380326346
━━━━━━━━━━━━━━━━━━━━━━━━━━━━━━━━━━━━━━━━━━━━━━━━━━━━━━━━━━━━━━━━━━━━━━━━━━━━━━━━━━━━━━━━━━━━━━━━━━━━
━━━━━━━━━━━━━━━━━━━━━━━━━━━━━━━━━━━━━━━━━━━━━━━━━━━━━━━━━━━━━━━━━━━━━━━━━━━━━━━━━━━━━━━━━━━━━━━━━━━━
      test count: 198
          rt (s): 8.9784, 8.9810, 8.9903, 8.9757, 8.9538, 8.9420, 8.9582, 8.9766, 8.9948, 8.9872, 9.0245, 8.9752, 8.9796, 8.9806, 8.9912, 8.9809, 8.9810, 8.9752, 8.9837, 8.9790, 8.9787, 8.9811, 8.9872, 8.9830, 9.0059, 9.0011, 8.9888, 8.9767, 8.9721, 8.9777, 8.9778, 8.9807, 8.9841, 8.9797, 9.0261, 8.9769, 8.9843, 8.9757, 8.9719, 8.9798, 8.9790, 8.9859, 9.0004, 8.9959, 8.9848, 8.9890, 8.9984, 8.9974, 8.9726, 8.9874, 8.9762, 8.9800, 8.9801, 8.9831, 8.9829, 8.9809, 8.9867, 8.9793, 9.0029, 8.9789, 8.9753, 8.9792, 8.9946, 9.0023, 8.9694, 8.9709, 8.9816, 8.9929, 8.9931, 8.9804, 8.9956, 8.9836, 8.9713, 8.9769, 8.9713, 8.9691, 8.9771, 8.9955, 8.9725, 8.9734, 8.9806, 8.9803, 9.0173, 8.9814, 8.9902, 9.0444, 9.0387, 9.0503, 9.0446, 9.0572, 9.0455, 9.0489, 9.0542, 9.0441, 9.0505, 9.0400, 9.0437, 9.0401, 9.0624, 9.0635, 9.0681, 9.0803, 9.0487, 9.0400, 9.0465, 9.0509, 9.0434, 9.0542, 9.0489, 9.0269, 9.0583, 9.0472, 9.0467, 9.0443, 9.0466, 9.0473, 9.0404, 9.0528, 9.0501, 9.0475, 9.0268, 9.0511, 9.0502, 9.0718, 9.0531, 9.0468, 9.0437, 9.0479, 9.0473, 9.0429, 9.0490, 9.0487, 9.0700, 9.0383, 9.0469, 9.0527, 9.0641, 9.0418, 9.0552, 9.0476, 9.0640, 9.0601, 9.0546, 9.0507, 9.0289, 9.0342, 9.0382, 9.0462, 9.0546, 9.0403, 9.0361, 9.0526, 9.0442, 9.0464, 9.0482, 9.0327, 9.0476, 9.0436, 9.0429, 9.0457, 9.0622, 9.0449, 9.0500, 9.0337, 9.0464, 9.0393, 9.0622, 9.0578, 9.0549, 9.0508, 9.0414, 9.0473, 9.0476, 9.0573, 9.0424, 9.0476, 9.0507, 9.0591, 9.0409, 9.0423, 9.0312, 9.0385, 9.0527, 9.0498, 9.0664, 9.0763, 9.0458, 9.0421, 9.0501, 9.0574, 9.0445, 9.0740, 9.0425, 9.0557, 9.0554, 9.0447, 9.0369, 9.0432
     mean rt (s): 9.0206
   stddev rt (s): 0.0343
       95% ci rt: 0.0048 -> [9.0158, 9.0255]
     coeff ci rt: 0.000533886553587777
━━━━━━━━━━━━━━━━━━━━━━━━━━━━━━━━━━━━━━━━━━━━━━━━━━━━━━━━━━━━━━━━━━━━━━━━━━━━━━━━━━━━━━━━━━━━━━━━━━━━
━━━━━━━━━━━━━━━━━━━━━━━━━━━━━━━━━━━━━━━━━━━━━━━━━━━━━━━━━━━━━━━━━━━━━━━━━━━━━━━━━━━━━━━━━━━━━━━━━━━━
      test count: 199
          rt (s): 8.9784, 8.9810, 8.9903, 8.9757, 8.9538, 8.9420, 8.9582, 8.9766, 8.9948, 8.9872, 9.0245, 8.9752, 8.9796, 8.9806, 8.9912, 8.9809, 8.9810, 8.9752, 8.9837, 8.9790, 8.9787, 8.9811, 8.9872, 8.9830, 9.0059, 9.0011, 8.9888, 8.9767, 8.9721, 8.9777, 8.9778, 8.9807, 8.9841, 8.9797, 9.0261, 8.9769, 8.9843, 8.9757, 8.9719, 8.9798, 8.9790, 8.9859, 9.0004, 8.9959, 8.9848, 8.9890, 8.9984, 8.9974, 8.9726, 8.9874, 8.9762, 8.9800, 8.9801, 8.9831, 8.9829, 8.9809, 8.9867, 8.9793, 9.0029, 8.9789, 8.9753, 8.9792, 8.9946, 9.0023, 8.9694, 8.9709, 8.9816, 8.9929, 8.9931, 8.9804, 8.9956, 8.9836, 8.9713, 8.9769, 8.9713, 8.9691, 8.9771, 8.9955, 8.9725, 8.9734, 8.9806, 8.9803, 9.0173, 8.9814, 8.9902, 9.0444, 9.0387, 9.0503, 9.0446, 9.0572, 9.0455, 9.0489, 9.0542, 9.0441, 9.0505, 9.0400, 9.0437, 9.0401, 9.0624, 9.0635, 9.0681, 9.0803, 9.0487, 9.0400, 9.0465, 9.0509, 9.0434, 9.0542, 9.0489, 9.0269, 9.0583, 9.0472, 9.0467, 9.0443, 9.0466, 9.0473, 9.0404, 9.0528, 9.0501, 9.0475, 9.0268, 9.0511, 9.0502, 9.0718, 9.0531, 9.0468, 9.0437, 9.0479, 9.0473, 9.0429, 9.0490, 9.0487, 9.0700, 9.0383, 9.0469, 9.0527, 9.0641, 9.0418, 9.0552, 9.0476, 9.0640, 9.0601, 9.0546, 9.0507, 9.0289, 9.0342, 9.0382, 9.0462, 9.0546, 9.0403, 9.0361, 9.0526, 9.0442, 9.0464, 9.0482, 9.0327, 9.0476, 9.0436, 9.0429, 9.0457, 9.0622, 9.0449, 9.0500, 9.0337, 9.0464, 9.0393, 9.0622, 9.0578, 9.0549, 9.0508, 9.0414, 9.0473, 9.0476, 9.0573, 9.0424, 9.0476, 9.0507, 9.0591, 9.0409, 9.0423, 9.0312, 9.0385, 9.0527, 9.0498, 9.0664, 9.0763, 9.0458, 9.0421, 9.0501, 9.0574, 9.0445, 9.0740, 9.0425, 9.0557, 9.0554, 9.0447, 9.0369, 9.0432, 9.0645
     mean rt (s): 9.0209
   stddev rt (s): 0.0343
       95% ci rt: 0.0048 -> [9.0160, 9.0257]
     coeff ci rt: 0.000533348127153613
━━━━━━━━━━━━━━━━━━━━━━━━━━━━━━━━━━━━━━━━━━━━━━━━━━━━━━━━━━━━━━━━━━━━━━━━━━━━━━━━━━━━━━━━━━━━━━━━━━━━
━━━━━━━━━━━━━━━━━━━━━━━━━━━━━━━━━━━━━━━━━━━━━━━━━━━━━━━━━━━━━━━━━━━━━━━━━━━━━━━━━━━━━━━━━━━━━━━━━━━━
      test count: 200
          rt (s): 8.9784, 8.9810, 8.9903, 8.9757, 8.9538, 8.9420, 8.9582, 8.9766, 8.9948, 8.9872, 9.0245, 8.9752, 8.9796, 8.9806, 8.9912, 8.9809, 8.9810, 8.9752, 8.9837, 8.9790, 8.9787, 8.9811, 8.9872, 8.9830, 9.0059, 9.0011, 8.9888, 8.9767, 8.9721, 8.9777, 8.9778, 8.9807, 8.9841, 8.9797, 9.0261, 8.9769, 8.9843, 8.9757, 8.9719, 8.9798, 8.9790, 8.9859, 9.0004, 8.9959, 8.9848, 8.9890, 8.9984, 8.9974, 8.9726, 8.9874, 8.9762, 8.9800, 8.9801, 8.9831, 8.9829, 8.9809, 8.9867, 8.9793, 9.0029, 8.9789, 8.9753, 8.9792, 8.9946, 9.0023, 8.9694, 8.9709, 8.9816, 8.9929, 8.9931, 8.9804, 8.9956, 8.9836, 8.9713, 8.9769, 8.9713, 8.9691, 8.9771, 8.9955, 8.9725, 8.9734, 8.9806, 8.9803, 9.0173, 8.9814, 8.9902, 9.0444, 9.0387, 9.0503, 9.0446, 9.0572, 9.0455, 9.0489, 9.0542, 9.0441, 9.0505, 9.0400, 9.0437, 9.0401, 9.0624, 9.0635, 9.0681, 9.0803, 9.0487, 9.0400, 9.0465, 9.0509, 9.0434, 9.0542, 9.0489, 9.0269, 9.0583, 9.0472, 9.0467, 9.0443, 9.0466, 9.0473, 9.0404, 9.0528, 9.0501, 9.0475, 9.0268, 9.0511, 9.0502, 9.0718, 9.0531, 9.0468, 9.0437, 9.0479, 9.0473, 9.0429, 9.0490, 9.0487, 9.0700, 9.0383, 9.0469, 9.0527, 9.0641, 9.0418, 9.0552, 9.0476, 9.0640, 9.0601, 9.0546, 9.0507, 9.0289, 9.0342, 9.0382, 9.0462, 9.0546, 9.0403, 9.0361, 9.0526, 9.0442, 9.0464, 9.0482, 9.0327, 9.0476, 9.0436, 9.0429, 9.0457, 9.0622, 9.0449, 9.0500, 9.0337, 9.0464, 9.0393, 9.0622, 9.0578, 9.0549, 9.0508, 9.0414, 9.0473, 9.0476, 9.0573, 9.0424, 9.0476, 9.0507, 9.0591, 9.0409, 9.0423, 9.0312, 9.0385, 9.0527, 9.0498, 9.0664, 9.0763, 9.0458, 9.0421, 9.0501, 9.0574, 9.0445, 9.0740, 9.0425, 9.0557, 9.0554, 9.0447, 9.0369, 9.0432, 9.0645, 9.0557
     mean rt (s): 9.0210
   stddev rt (s): 0.0343
       95% ci rt: 0.0048 -> [9.0162, 9.0258]
     coeff ci rt: 0.0005320125499636199
━━━━━━━━━━━━━━━━━━━━━━━━━━━━━━━━━━━━━━━━━━━━━━━━━━━━━━━━━━━━━━━━━━━━━━━━━━━━━━━━━━━━━━━━━━━━━━━━━━━━
━━━━━━━━━━━━━━━━━━━━━━━━━━━━━━━━━━━━━━━━━━━━━━━━━━━━━━━━━━━━━━━━━━━━━━━━━━━━━━━━━━━━━━━━━━━━━━━━━━━━
      test count: 201
          rt (s): 8.9784, 8.9810, 8.9903, 8.9757, 8.9538, 8.9420, 8.9582, 8.9766, 8.9948, 8.9872, 9.0245, 8.9752, 8.9796, 8.9806, 8.9912, 8.9809, 8.9810, 8.9752, 8.9837, 8.9790, 8.9787, 8.9811, 8.9872, 8.9830, 9.0059, 9.0011, 8.9888, 8.9767, 8.9721, 8.9777, 8.9778, 8.9807, 8.9841, 8.9797, 9.0261, 8.9769, 8.9843, 8.9757, 8.9719, 8.9798, 8.9790, 8.9859, 9.0004, 8.9959, 8.9848, 8.9890, 8.9984, 8.9974, 8.9726, 8.9874, 8.9762, 8.9800, 8.9801, 8.9831, 8.9829, 8.9809, 8.9867, 8.9793, 9.0029, 8.9789, 8.9753, 8.9792, 8.9946, 9.0023, 8.9694, 8.9709, 8.9816, 8.9929, 8.9931, 8.9804, 8.9956, 8.9836, 8.9713, 8.9769, 8.9713, 8.9691, 8.9771, 8.9955, 8.9725, 8.9734, 8.9806, 8.9803, 9.0173, 8.9814, 8.9902, 9.0444, 9.0387, 9.0503, 9.0446, 9.0572, 9.0455, 9.0489, 9.0542, 9.0441, 9.0505, 9.0400, 9.0437, 9.0401, 9.0624, 9.0635, 9.0681, 9.0803, 9.0487, 9.0400, 9.0465, 9.0509, 9.0434, 9.0542, 9.0489, 9.0269, 9.0583, 9.0472, 9.0467, 9.0443, 9.0466, 9.0473, 9.0404, 9.0528, 9.0501, 9.0475, 9.0268, 9.0511, 9.0502, 9.0718, 9.0531, 9.0468, 9.0437, 9.0479, 9.0473, 9.0429, 9.0490, 9.0487, 9.0700, 9.0383, 9.0469, 9.0527, 9.0641, 9.0418, 9.0552, 9.0476, 9.0640, 9.0601, 9.0546, 9.0507, 9.0289, 9.0342, 9.0382, 9.0462, 9.0546, 9.0403, 9.0361, 9.0526, 9.0442, 9.0464, 9.0482, 9.0327, 9.0476, 9.0436, 9.0429, 9.0457, 9.0622, 9.0449, 9.0500, 9.0337, 9.0464, 9.0393, 9.0622, 9.0578, 9.0549, 9.0508, 9.0414, 9.0473, 9.0476, 9.0573, 9.0424, 9.0476, 9.0507, 9.0591, 9.0409, 9.0423, 9.0312, 9.0385, 9.0527, 9.0498, 9.0664, 9.0763, 9.0458, 9.0421, 9.0501, 9.0574, 9.0445, 9.0740, 9.0425, 9.0557, 9.0554, 9.0447, 9.0369, 9.0432, 9.0645, 9.0557, 9.0554
     mean rt (s): 9.0212
   stddev rt (s): 0.0343
       95% ci rt: 0.0048 -> [9.0164, 9.0260]
     coeff ci rt: 0.0005306505082216913
━━━━━━━━━━━━━━━━━━━━━━━━━━━━━━━━━━━━━━━━━━━━━━━━━━━━━━━━━━━━━━━━━━━━━━━━━━━━━━━━━━━━━━━━━━━━━━━━━━━━
━━━━━━━━━━━━━━━━━━━━━━━━━━━━━━━━━━━━━━━━━━━━━━━━━━━━━━━━━━━━━━━━━━━━━━━━━━━━━━━━━━━━━━━━━━━━━━━━━━━━
      test count: 202
          rt (s): 8.9784, 8.9810, 8.9903, 8.9757, 8.9538, 8.9420, 8.9582, 8.9766, 8.9948, 8.9872, 9.0245, 8.9752, 8.9796, 8.9806, 8.9912, 8.9809, 8.9810, 8.9752, 8.9837, 8.9790, 8.9787, 8.9811, 8.9872, 8.9830, 9.0059, 9.0011, 8.9888, 8.9767, 8.9721, 8.9777, 8.9778, 8.9807, 8.9841, 8.9797, 9.0261, 8.9769, 8.9843, 8.9757, 8.9719, 8.9798, 8.9790, 8.9859, 9.0004, 8.9959, 8.9848, 8.9890, 8.9984, 8.9974, 8.9726, 8.9874, 8.9762, 8.9800, 8.9801, 8.9831, 8.9829, 8.9809, 8.9867, 8.9793, 9.0029, 8.9789, 8.9753, 8.9792, 8.9946, 9.0023, 8.9694, 8.9709, 8.9816, 8.9929, 8.9931, 8.9804, 8.9956, 8.9836, 8.9713, 8.9769, 8.9713, 8.9691, 8.9771, 8.9955, 8.9725, 8.9734, 8.9806, 8.9803, 9.0173, 8.9814, 8.9902, 9.0444, 9.0387, 9.0503, 9.0446, 9.0572, 9.0455, 9.0489, 9.0542, 9.0441, 9.0505, 9.0400, 9.0437, 9.0401, 9.0624, 9.0635, 9.0681, 9.0803, 9.0487, 9.0400, 9.0465, 9.0509, 9.0434, 9.0542, 9.0489, 9.0269, 9.0583, 9.0472, 9.0467, 9.0443, 9.0466, 9.0473, 9.0404, 9.0528, 9.0501, 9.0475, 9.0268, 9.0511, 9.0502, 9.0718, 9.0531, 9.0468, 9.0437, 9.0479, 9.0473, 9.0429, 9.0490, 9.0487, 9.0700, 9.0383, 9.0469, 9.0527, 9.0641, 9.0418, 9.0552, 9.0476, 9.0640, 9.0601, 9.0546, 9.0507, 9.0289, 9.0342, 9.0382, 9.0462, 9.0546, 9.0403, 9.0361, 9.0526, 9.0442, 9.0464, 9.0482, 9.0327, 9.0476, 9.0436, 9.0429, 9.0457, 9.0622, 9.0449, 9.0500, 9.0337, 9.0464, 9.0393, 9.0622, 9.0578, 9.0549, 9.0508, 9.0414, 9.0473, 9.0476, 9.0573, 9.0424, 9.0476, 9.0507, 9.0591, 9.0409, 9.0423, 9.0312, 9.0385, 9.0527, 9.0498, 9.0664, 9.0763, 9.0458, 9.0421, 9.0501, 9.0574, 9.0445, 9.0740, 9.0425, 9.0557, 9.0554, 9.0447, 9.0369, 9.0432, 9.0645, 9.0557, 9.0554, 9.0435
     mean rt (s): 9.0213
   stddev rt (s): 0.0343
       95% ci rt: 0.0048 -> [9.0165, 9.0261]
     coeff ci rt: 0.000528545360827708
━━━━━━━━━━━━━━━━━━━━━━━━━━━━━━━━━━━━━━━━━━━━━━━━━━━━━━━━━━━━━━━━━━━━━━━━━━━━━━━━━━━━━━━━━━━━━━━━━━━━
━━━━━━━━━━━━━━━━━━━━━━━━━━━━━━━━━━━━━━━━━━━━━━━━━━━━━━━━━━━━━━━━━━━━━━━━━━━━━━━━━━━━━━━━━━━━━━━━━━━━
      test count: 203
          rt (s): 8.9784, 8.9810, 8.9903, 8.9757, 8.9538, 8.9420, 8.9582, 8.9766, 8.9948, 8.9872, 9.0245, 8.9752, 8.9796, 8.9806, 8.9912, 8.9809, 8.9810, 8.9752, 8.9837, 8.9790, 8.9787, 8.9811, 8.9872, 8.9830, 9.0059, 9.0011, 8.9888, 8.9767, 8.9721, 8.9777, 8.9778, 8.9807, 8.9841, 8.9797, 9.0261, 8.9769, 8.9843, 8.9757, 8.9719, 8.9798, 8.9790, 8.9859, 9.0004, 8.9959, 8.9848, 8.9890, 8.9984, 8.9974, 8.9726, 8.9874, 8.9762, 8.9800, 8.9801, 8.9831, 8.9829, 8.9809, 8.9867, 8.9793, 9.0029, 8.9789, 8.9753, 8.9792, 8.9946, 9.0023, 8.9694, 8.9709, 8.9816, 8.9929, 8.9931, 8.9804, 8.9956, 8.9836, 8.9713, 8.9769, 8.9713, 8.9691, 8.9771, 8.9955, 8.9725, 8.9734, 8.9806, 8.9803, 9.0173, 8.9814, 8.9902, 9.0444, 9.0387, 9.0503, 9.0446, 9.0572, 9.0455, 9.0489, 9.0542, 9.0441, 9.0505, 9.0400, 9.0437, 9.0401, 9.0624, 9.0635, 9.0681, 9.0803, 9.0487, 9.0400, 9.0465, 9.0509, 9.0434, 9.0542, 9.0489, 9.0269, 9.0583, 9.0472, 9.0467, 9.0443, 9.0466, 9.0473, 9.0404, 9.0528, 9.0501, 9.0475, 9.0268, 9.0511, 9.0502, 9.0718, 9.0531, 9.0468, 9.0437, 9.0479, 9.0473, 9.0429, 9.0490, 9.0487, 9.0700, 9.0383, 9.0469, 9.0527, 9.0641, 9.0418, 9.0552, 9.0476, 9.0640, 9.0601, 9.0546, 9.0507, 9.0289, 9.0342, 9.0382, 9.0462, 9.0546, 9.0403, 9.0361, 9.0526, 9.0442, 9.0464, 9.0482, 9.0327, 9.0476, 9.0436, 9.0429, 9.0457, 9.0622, 9.0449, 9.0500, 9.0337, 9.0464, 9.0393, 9.0622, 9.0578, 9.0549, 9.0508, 9.0414, 9.0473, 9.0476, 9.0573, 9.0424, 9.0476, 9.0507, 9.0591, 9.0409, 9.0423, 9.0312, 9.0385, 9.0527, 9.0498, 9.0664, 9.0763, 9.0458, 9.0421, 9.0501, 9.0574, 9.0445, 9.0740, 9.0425, 9.0557, 9.0554, 9.0447, 9.0369, 9.0432, 9.0645, 9.0557, 9.0554, 9.0435, 9.0458
     mean rt (s): 9.0214
   stddev rt (s): 0.0342
       95% ci rt: 0.0048 -> [9.0167, 9.0262]
     coeff ci rt: 0.0005265727215865531
━━━━━━━━━━━━━━━━━━━━━━━━━━━━━━━━━━━━━━━━━━━━━━━━━━━━━━━━━━━━━━━━━━━━━━━━━━━━━━━━━━━━━━━━━━━━━━━━━━━━
━━━━━━━━━━━━━━━━━━━━━━━━━━━━━━━━━━━━━━━━━━━━━━━━━━━━━━━━━━━━━━━━━━━━━━━━━━━━━━━━━━━━━━━━━━━━━━━━━━━━
      test count: 204
          rt (s): 8.9784, 8.9810, 8.9903, 8.9757, 8.9538, 8.9420, 8.9582, 8.9766, 8.9948, 8.9872, 9.0245, 8.9752, 8.9796, 8.9806, 8.9912, 8.9809, 8.9810, 8.9752, 8.9837, 8.9790, 8.9787, 8.9811, 8.9872, 8.9830, 9.0059, 9.0011, 8.9888, 8.9767, 8.9721, 8.9777, 8.9778, 8.9807, 8.9841, 8.9797, 9.0261, 8.9769, 8.9843, 8.9757, 8.9719, 8.9798, 8.9790, 8.9859, 9.0004, 8.9959, 8.9848, 8.9890, 8.9984, 8.9974, 8.9726, 8.9874, 8.9762, 8.9800, 8.9801, 8.9831, 8.9829, 8.9809, 8.9867, 8.9793, 9.0029, 8.9789, 8.9753, 8.9792, 8.9946, 9.0023, 8.9694, 8.9709, 8.9816, 8.9929, 8.9931, 8.9804, 8.9956, 8.9836, 8.9713, 8.9769, 8.9713, 8.9691, 8.9771, 8.9955, 8.9725, 8.9734, 8.9806, 8.9803, 9.0173, 8.9814, 8.9902, 9.0444, 9.0387, 9.0503, 9.0446, 9.0572, 9.0455, 9.0489, 9.0542, 9.0441, 9.0505, 9.0400, 9.0437, 9.0401, 9.0624, 9.0635, 9.0681, 9.0803, 9.0487, 9.0400, 9.0465, 9.0509, 9.0434, 9.0542, 9.0489, 9.0269, 9.0583, 9.0472, 9.0467, 9.0443, 9.0466, 9.0473, 9.0404, 9.0528, 9.0501, 9.0475, 9.0268, 9.0511, 9.0502, 9.0718, 9.0531, 9.0468, 9.0437, 9.0479, 9.0473, 9.0429, 9.0490, 9.0487, 9.0700, 9.0383, 9.0469, 9.0527, 9.0641, 9.0418, 9.0552, 9.0476, 9.0640, 9.0601, 9.0546, 9.0507, 9.0289, 9.0342, 9.0382, 9.0462, 9.0546, 9.0403, 9.0361, 9.0526, 9.0442, 9.0464, 9.0482, 9.0327, 9.0476, 9.0436, 9.0429, 9.0457, 9.0622, 9.0449, 9.0500, 9.0337, 9.0464, 9.0393, 9.0622, 9.0578, 9.0549, 9.0508, 9.0414, 9.0473, 9.0476, 9.0573, 9.0424, 9.0476, 9.0507, 9.0591, 9.0409, 9.0423, 9.0312, 9.0385, 9.0527, 9.0498, 9.0664, 9.0763, 9.0458, 9.0421, 9.0501, 9.0574, 9.0445, 9.0740, 9.0425, 9.0557, 9.0554, 9.0447, 9.0369, 9.0432, 9.0645, 9.0557, 9.0554, 9.0435, 9.0458, 9.0357
     mean rt (s): 9.0215
   stddev rt (s): 0.0342
       95% ci rt: 0.0047 -> [9.0168, 9.0262]
     coeff ci rt: 0.0005241883015187518
━━━━━━━━━━━━━━━━━━━━━━━━━━━━━━━━━━━━━━━━━━━━━━━━━━━━━━━━━━━━━━━━━━━━━━━━━━━━━━━━━━━━━━━━━━━━━━━━━━━━
━━━━━━━━━━━━━━━━━━━━━━━━━━━━━━━━━━━━━━━━━━━━━━━━━━━━━━━━━━━━━━━━━━━━━━━━━━━━━━━━━━━━━━━━━━━━━━━━━━━━
      test count: 205
          rt (s): 8.9784, 8.9810, 8.9903, 8.9757, 8.9538, 8.9420, 8.9582, 8.9766, 8.9948, 8.9872, 9.0245, 8.9752, 8.9796, 8.9806, 8.9912, 8.9809, 8.9810, 8.9752, 8.9837, 8.9790, 8.9787, 8.9811, 8.9872, 8.9830, 9.0059, 9.0011, 8.9888, 8.9767, 8.9721, 8.9777, 8.9778, 8.9807, 8.9841, 8.9797, 9.0261, 8.9769, 8.9843, 8.9757, 8.9719, 8.9798, 8.9790, 8.9859, 9.0004, 8.9959, 8.9848, 8.9890, 8.9984, 8.9974, 8.9726, 8.9874, 8.9762, 8.9800, 8.9801, 8.9831, 8.9829, 8.9809, 8.9867, 8.9793, 9.0029, 8.9789, 8.9753, 8.9792, 8.9946, 9.0023, 8.9694, 8.9709, 8.9816, 8.9929, 8.9931, 8.9804, 8.9956, 8.9836, 8.9713, 8.9769, 8.9713, 8.9691, 8.9771, 8.9955, 8.9725, 8.9734, 8.9806, 8.9803, 9.0173, 8.9814, 8.9902, 9.0444, 9.0387, 9.0503, 9.0446, 9.0572, 9.0455, 9.0489, 9.0542, 9.0441, 9.0505, 9.0400, 9.0437, 9.0401, 9.0624, 9.0635, 9.0681, 9.0803, 9.0487, 9.0400, 9.0465, 9.0509, 9.0434, 9.0542, 9.0489, 9.0269, 9.0583, 9.0472, 9.0467, 9.0443, 9.0466, 9.0473, 9.0404, 9.0528, 9.0501, 9.0475, 9.0268, 9.0511, 9.0502, 9.0718, 9.0531, 9.0468, 9.0437, 9.0479, 9.0473, 9.0429, 9.0490, 9.0487, 9.0700, 9.0383, 9.0469, 9.0527, 9.0641, 9.0418, 9.0552, 9.0476, 9.0640, 9.0601, 9.0546, 9.0507, 9.0289, 9.0342, 9.0382, 9.0462, 9.0546, 9.0403, 9.0361, 9.0526, 9.0442, 9.0464, 9.0482, 9.0327, 9.0476, 9.0436, 9.0429, 9.0457, 9.0622, 9.0449, 9.0500, 9.0337, 9.0464, 9.0393, 9.0622, 9.0578, 9.0549, 9.0508, 9.0414, 9.0473, 9.0476, 9.0573, 9.0424, 9.0476, 9.0507, 9.0591, 9.0409, 9.0423, 9.0312, 9.0385, 9.0527, 9.0498, 9.0664, 9.0763, 9.0458, 9.0421, 9.0501, 9.0574, 9.0445, 9.0740, 9.0425, 9.0557, 9.0554, 9.0447, 9.0369, 9.0432, 9.0645, 9.0557, 9.0554, 9.0435, 9.0458, 9.0357, 9.0409
     mean rt (s): 9.0216
   stddev rt (s): 0.0341
       95% ci rt: 0.0047 -> [9.0169, 9.0263]
     coeff ci rt: 0.0005220138209087318
━━━━━━━━━━━━━━━━━━━━━━━━━━━━━━━━━━━━━━━━━━━━━━━━━━━━━━━━━━━━━━━━━━━━━━━━━━━━━━━━━━━━━━━━━━━━━━━━━━━━
━━━━━━━━━━━━━━━━━━━━━━━━━━━━━━━━━━━━━━━━━━━━━━━━━━━━━━━━━━━━━━━━━━━━━━━━━━━━━━━━━━━━━━━━━━━━━━━━━━━━
      test count: 206
          rt (s): 8.9784, 8.9810, 8.9903, 8.9757, 8.9538, 8.9420, 8.9582, 8.9766, 8.9948, 8.9872, 9.0245, 8.9752, 8.9796, 8.9806, 8.9912, 8.9809, 8.9810, 8.9752, 8.9837, 8.9790, 8.9787, 8.9811, 8.9872, 8.9830, 9.0059, 9.0011, 8.9888, 8.9767, 8.9721, 8.9777, 8.9778, 8.9807, 8.9841, 8.9797, 9.0261, 8.9769, 8.9843, 8.9757, 8.9719, 8.9798, 8.9790, 8.9859, 9.0004, 8.9959, 8.9848, 8.9890, 8.9984, 8.9974, 8.9726, 8.9874, 8.9762, 8.9800, 8.9801, 8.9831, 8.9829, 8.9809, 8.9867, 8.9793, 9.0029, 8.9789, 8.9753, 8.9792, 8.9946, 9.0023, 8.9694, 8.9709, 8.9816, 8.9929, 8.9931, 8.9804, 8.9956, 8.9836, 8.9713, 8.9769, 8.9713, 8.9691, 8.9771, 8.9955, 8.9725, 8.9734, 8.9806, 8.9803, 9.0173, 8.9814, 8.9902, 9.0444, 9.0387, 9.0503, 9.0446, 9.0572, 9.0455, 9.0489, 9.0542, 9.0441, 9.0505, 9.0400, 9.0437, 9.0401, 9.0624, 9.0635, 9.0681, 9.0803, 9.0487, 9.0400, 9.0465, 9.0509, 9.0434, 9.0542, 9.0489, 9.0269, 9.0583, 9.0472, 9.0467, 9.0443, 9.0466, 9.0473, 9.0404, 9.0528, 9.0501, 9.0475, 9.0268, 9.0511, 9.0502, 9.0718, 9.0531, 9.0468, 9.0437, 9.0479, 9.0473, 9.0429, 9.0490, 9.0487, 9.0700, 9.0383, 9.0469, 9.0527, 9.0641, 9.0418, 9.0552, 9.0476, 9.0640, 9.0601, 9.0546, 9.0507, 9.0289, 9.0342, 9.0382, 9.0462, 9.0546, 9.0403, 9.0361, 9.0526, 9.0442, 9.0464, 9.0482, 9.0327, 9.0476, 9.0436, 9.0429, 9.0457, 9.0622, 9.0449, 9.0500, 9.0337, 9.0464, 9.0393, 9.0622, 9.0578, 9.0549, 9.0508, 9.0414, 9.0473, 9.0476, 9.0573, 9.0424, 9.0476, 9.0507, 9.0591, 9.0409, 9.0423, 9.0312, 9.0385, 9.0527, 9.0498, 9.0664, 9.0763, 9.0458, 9.0421, 9.0501, 9.0574, 9.0445, 9.0740, 9.0425, 9.0557, 9.0554, 9.0447, 9.0369, 9.0432, 9.0645, 9.0557, 9.0554, 9.0435, 9.0458, 9.0357, 9.0409, 9.0471
     mean rt (s): 9.0217
   stddev rt (s): 0.0341
       95% ci rt: 0.0047 -> [9.0170, 9.0264]
     coeff ci rt: 0.0005201552330071515
━━━━━━━━━━━━━━━━━━━━━━━━━━━━━━━━━━━━━━━━━━━━━━━━━━━━━━━━━━━━━━━━━━━━━━━━━━━━━━━━━━━━━━━━━━━━━━━━━━━━
━━━━━━━━━━━━━━━━━━━━━━━━━━━━━━━━━━━━━━━━━━━━━━━━━━━━━━━━━━━━━━━━━━━━━━━━━━━━━━━━━━━━━━━━━━━━━━━━━━━━
      test count: 207
          rt (s): 8.9784, 8.9810, 8.9903, 8.9757, 8.9538, 8.9420, 8.9582, 8.9766, 8.9948, 8.9872, 9.0245, 8.9752, 8.9796, 8.9806, 8.9912, 8.9809, 8.9810, 8.9752, 8.9837, 8.9790, 8.9787, 8.9811, 8.9872, 8.9830, 9.0059, 9.0011, 8.9888, 8.9767, 8.9721, 8.9777, 8.9778, 8.9807, 8.9841, 8.9797, 9.0261, 8.9769, 8.9843, 8.9757, 8.9719, 8.9798, 8.9790, 8.9859, 9.0004, 8.9959, 8.9848, 8.9890, 8.9984, 8.9974, 8.9726, 8.9874, 8.9762, 8.9800, 8.9801, 8.9831, 8.9829, 8.9809, 8.9867, 8.9793, 9.0029, 8.9789, 8.9753, 8.9792, 8.9946, 9.0023, 8.9694, 8.9709, 8.9816, 8.9929, 8.9931, 8.9804, 8.9956, 8.9836, 8.9713, 8.9769, 8.9713, 8.9691, 8.9771, 8.9955, 8.9725, 8.9734, 8.9806, 8.9803, 9.0173, 8.9814, 8.9902, 9.0444, 9.0387, 9.0503, 9.0446, 9.0572, 9.0455, 9.0489, 9.0542, 9.0441, 9.0505, 9.0400, 9.0437, 9.0401, 9.0624, 9.0635, 9.0681, 9.0803, 9.0487, 9.0400, 9.0465, 9.0509, 9.0434, 9.0542, 9.0489, 9.0269, 9.0583, 9.0472, 9.0467, 9.0443, 9.0466, 9.0473, 9.0404, 9.0528, 9.0501, 9.0475, 9.0268, 9.0511, 9.0502, 9.0718, 9.0531, 9.0468, 9.0437, 9.0479, 9.0473, 9.0429, 9.0490, 9.0487, 9.0700, 9.0383, 9.0469, 9.0527, 9.0641, 9.0418, 9.0552, 9.0476, 9.0640, 9.0601, 9.0546, 9.0507, 9.0289, 9.0342, 9.0382, 9.0462, 9.0546, 9.0403, 9.0361, 9.0526, 9.0442, 9.0464, 9.0482, 9.0327, 9.0476, 9.0436, 9.0429, 9.0457, 9.0622, 9.0449, 9.0500, 9.0337, 9.0464, 9.0393, 9.0622, 9.0578, 9.0549, 9.0508, 9.0414, 9.0473, 9.0476, 9.0573, 9.0424, 9.0476, 9.0507, 9.0591, 9.0409, 9.0423, 9.0312, 9.0385, 9.0527, 9.0498, 9.0664, 9.0763, 9.0458, 9.0421, 9.0501, 9.0574, 9.0445, 9.0740, 9.0425, 9.0557, 9.0554, 9.0447, 9.0369, 9.0432, 9.0645, 9.0557, 9.0554, 9.0435, 9.0458, 9.0357, 9.0409, 9.0471, 9.0337
     mean rt (s): 9.0218
   stddev rt (s): 0.0340
       95% ci rt: 0.0047 -> [9.0171, 9.0265]
     coeff ci rt: 0.0005177724335744724
━━━━━━━━━━━━━━━━━━━━━━━━━━━━━━━━━━━━━━━━━━━━━━━━━━━━━━━━━━━━━━━━━━━━━━━━━━━━━━━━━━━━━━━━━━━━━━━━━━━━
━━━━━━━━━━━━━━━━━━━━━━━━━━━━━━━━━━━━━━━━━━━━━━━━━━━━━━━━━━━━━━━━━━━━━━━━━━━━━━━━━━━━━━━━━━━━━━━━━━━━
      test count: 208
          rt (s): 8.9784, 8.9810, 8.9903, 8.9757, 8.9538, 8.9420, 8.9582, 8.9766, 8.9948, 8.9872, 9.0245, 8.9752, 8.9796, 8.9806, 8.9912, 8.9809, 8.9810, 8.9752, 8.9837, 8.9790, 8.9787, 8.9811, 8.9872, 8.9830, 9.0059, 9.0011, 8.9888, 8.9767, 8.9721, 8.9777, 8.9778, 8.9807, 8.9841, 8.9797, 9.0261, 8.9769, 8.9843, 8.9757, 8.9719, 8.9798, 8.9790, 8.9859, 9.0004, 8.9959, 8.9848, 8.9890, 8.9984, 8.9974, 8.9726, 8.9874, 8.9762, 8.9800, 8.9801, 8.9831, 8.9829, 8.9809, 8.9867, 8.9793, 9.0029, 8.9789, 8.9753, 8.9792, 8.9946, 9.0023, 8.9694, 8.9709, 8.9816, 8.9929, 8.9931, 8.9804, 8.9956, 8.9836, 8.9713, 8.9769, 8.9713, 8.9691, 8.9771, 8.9955, 8.9725, 8.9734, 8.9806, 8.9803, 9.0173, 8.9814, 8.9902, 9.0444, 9.0387, 9.0503, 9.0446, 9.0572, 9.0455, 9.0489, 9.0542, 9.0441, 9.0505, 9.0400, 9.0437, 9.0401, 9.0624, 9.0635, 9.0681, 9.0803, 9.0487, 9.0400, 9.0465, 9.0509, 9.0434, 9.0542, 9.0489, 9.0269, 9.0583, 9.0472, 9.0467, 9.0443, 9.0466, 9.0473, 9.0404, 9.0528, 9.0501, 9.0475, 9.0268, 9.0511, 9.0502, 9.0718, 9.0531, 9.0468, 9.0437, 9.0479, 9.0473, 9.0429, 9.0490, 9.0487, 9.0700, 9.0383, 9.0469, 9.0527, 9.0641, 9.0418, 9.0552, 9.0476, 9.0640, 9.0601, 9.0546, 9.0507, 9.0289, 9.0342, 9.0382, 9.0462, 9.0546, 9.0403, 9.0361, 9.0526, 9.0442, 9.0464, 9.0482, 9.0327, 9.0476, 9.0436, 9.0429, 9.0457, 9.0622, 9.0449, 9.0500, 9.0337, 9.0464, 9.0393, 9.0622, 9.0578, 9.0549, 9.0508, 9.0414, 9.0473, 9.0476, 9.0573, 9.0424, 9.0476, 9.0507, 9.0591, 9.0409, 9.0423, 9.0312, 9.0385, 9.0527, 9.0498, 9.0664, 9.0763, 9.0458, 9.0421, 9.0501, 9.0574, 9.0445, 9.0740, 9.0425, 9.0557, 9.0554, 9.0447, 9.0369, 9.0432, 9.0645, 9.0557, 9.0554, 9.0435, 9.0458, 9.0357, 9.0409, 9.0471, 9.0337, 9.0238
     mean rt (s): 9.0218
   stddev rt (s): 0.0339
       95% ci rt: 0.0046 -> [9.0171, 9.0264]
     coeff ci rt: 0.0005152662268532466
━━━━━━━━━━━━━━━━━━━━━━━━━━━━━━━━━━━━━━━━━━━━━━━━━━━━━━━━━━━━━━━━━━━━━━━━━━━━━━━━━━━━━━━━━━━━━━━━━━━━
━━━━━━━━━━━━━━━━━━━━━━━━━━━━━━━━━━━━━━━━━━━━━━━━━━━━━━━━━━━━━━━━━━━━━━━━━━━━━━━━━━━━━━━━━━━━━━━━━━━━
      test count: 209
          rt (s): 8.9784, 8.9810, 8.9903, 8.9757, 8.9538, 8.9420, 8.9582, 8.9766, 8.9948, 8.9872, 9.0245, 8.9752, 8.9796, 8.9806, 8.9912, 8.9809, 8.9810, 8.9752, 8.9837, 8.9790, 8.9787, 8.9811, 8.9872, 8.9830, 9.0059, 9.0011, 8.9888, 8.9767, 8.9721, 8.9777, 8.9778, 8.9807, 8.9841, 8.9797, 9.0261, 8.9769, 8.9843, 8.9757, 8.9719, 8.9798, 8.9790, 8.9859, 9.0004, 8.9959, 8.9848, 8.9890, 8.9984, 8.9974, 8.9726, 8.9874, 8.9762, 8.9800, 8.9801, 8.9831, 8.9829, 8.9809, 8.9867, 8.9793, 9.0029, 8.9789, 8.9753, 8.9792, 8.9946, 9.0023, 8.9694, 8.9709, 8.9816, 8.9929, 8.9931, 8.9804, 8.9956, 8.9836, 8.9713, 8.9769, 8.9713, 8.9691, 8.9771, 8.9955, 8.9725, 8.9734, 8.9806, 8.9803, 9.0173, 8.9814, 8.9902, 9.0444, 9.0387, 9.0503, 9.0446, 9.0572, 9.0455, 9.0489, 9.0542, 9.0441, 9.0505, 9.0400, 9.0437, 9.0401, 9.0624, 9.0635, 9.0681, 9.0803, 9.0487, 9.0400, 9.0465, 9.0509, 9.0434, 9.0542, 9.0489, 9.0269, 9.0583, 9.0472, 9.0467, 9.0443, 9.0466, 9.0473, 9.0404, 9.0528, 9.0501, 9.0475, 9.0268, 9.0511, 9.0502, 9.0718, 9.0531, 9.0468, 9.0437, 9.0479, 9.0473, 9.0429, 9.0490, 9.0487, 9.0700, 9.0383, 9.0469, 9.0527, 9.0641, 9.0418, 9.0552, 9.0476, 9.0640, 9.0601, 9.0546, 9.0507, 9.0289, 9.0342, 9.0382, 9.0462, 9.0546, 9.0403, 9.0361, 9.0526, 9.0442, 9.0464, 9.0482, 9.0327, 9.0476, 9.0436, 9.0429, 9.0457, 9.0622, 9.0449, 9.0500, 9.0337, 9.0464, 9.0393, 9.0622, 9.0578, 9.0549, 9.0508, 9.0414, 9.0473, 9.0476, 9.0573, 9.0424, 9.0476, 9.0507, 9.0591, 9.0409, 9.0423, 9.0312, 9.0385, 9.0527, 9.0498, 9.0664, 9.0763, 9.0458, 9.0421, 9.0501, 9.0574, 9.0445, 9.0740, 9.0425, 9.0557, 9.0554, 9.0447, 9.0369, 9.0432, 9.0645, 9.0557, 9.0554, 9.0435, 9.0458, 9.0357, 9.0409, 9.0471, 9.0337, 9.0238, 9.0524
     mean rt (s): 9.0219
   stddev rt (s): 0.0339
       95% ci rt: 0.0046 -> [9.0173, 9.0266]
     coeff ci rt: 0.0005137696928103714
━━━━━━━━━━━━━━━━━━━━━━━━━━━━━━━━━━━━━━━━━━━━━━━━━━━━━━━━━━━━━━━━━━━━━━━━━━━━━━━━━━━━━━━━━━━━━━━━━━━━
━━━━━━━━━━━━━━━━━━━━━━━━━━━━━━━━━━━━━━━━━━━━━━━━━━━━━━━━━━━━━━━━━━━━━━━━━━━━━━━━━━━━━━━━━━━━━━━━━━━━
      test count: 210
          rt (s): 8.9784, 8.9810, 8.9903, 8.9757, 8.9538, 8.9420, 8.9582, 8.9766, 8.9948, 8.9872, 9.0245, 8.9752, 8.9796, 8.9806, 8.9912, 8.9809, 8.9810, 8.9752, 8.9837, 8.9790, 8.9787, 8.9811, 8.9872, 8.9830, 9.0059, 9.0011, 8.9888, 8.9767, 8.9721, 8.9777, 8.9778, 8.9807, 8.9841, 8.9797, 9.0261, 8.9769, 8.9843, 8.9757, 8.9719, 8.9798, 8.9790, 8.9859, 9.0004, 8.9959, 8.9848, 8.9890, 8.9984, 8.9974, 8.9726, 8.9874, 8.9762, 8.9800, 8.9801, 8.9831, 8.9829, 8.9809, 8.9867, 8.9793, 9.0029, 8.9789, 8.9753, 8.9792, 8.9946, 9.0023, 8.9694, 8.9709, 8.9816, 8.9929, 8.9931, 8.9804, 8.9956, 8.9836, 8.9713, 8.9769, 8.9713, 8.9691, 8.9771, 8.9955, 8.9725, 8.9734, 8.9806, 8.9803, 9.0173, 8.9814, 8.9902, 9.0444, 9.0387, 9.0503, 9.0446, 9.0572, 9.0455, 9.0489, 9.0542, 9.0441, 9.0505, 9.0400, 9.0437, 9.0401, 9.0624, 9.0635, 9.0681, 9.0803, 9.0487, 9.0400, 9.0465, 9.0509, 9.0434, 9.0542, 9.0489, 9.0269, 9.0583, 9.0472, 9.0467, 9.0443, 9.0466, 9.0473, 9.0404, 9.0528, 9.0501, 9.0475, 9.0268, 9.0511, 9.0502, 9.0718, 9.0531, 9.0468, 9.0437, 9.0479, 9.0473, 9.0429, 9.0490, 9.0487, 9.0700, 9.0383, 9.0469, 9.0527, 9.0641, 9.0418, 9.0552, 9.0476, 9.0640, 9.0601, 9.0546, 9.0507, 9.0289, 9.0342, 9.0382, 9.0462, 9.0546, 9.0403, 9.0361, 9.0526, 9.0442, 9.0464, 9.0482, 9.0327, 9.0476, 9.0436, 9.0429, 9.0457, 9.0622, 9.0449, 9.0500, 9.0337, 9.0464, 9.0393, 9.0622, 9.0578, 9.0549, 9.0508, 9.0414, 9.0473, 9.0476, 9.0573, 9.0424, 9.0476, 9.0507, 9.0591, 9.0409, 9.0423, 9.0312, 9.0385, 9.0527, 9.0498, 9.0664, 9.0763, 9.0458, 9.0421, 9.0501, 9.0574, 9.0445, 9.0740, 9.0425, 9.0557, 9.0554, 9.0447, 9.0369, 9.0432, 9.0645, 9.0557, 9.0554, 9.0435, 9.0458, 9.0357, 9.0409, 9.0471, 9.0337, 9.0238, 9.0524, 9.0368
     mean rt (s): 9.0220
   stddev rt (s): 0.0338
       95% ci rt: 0.0046 -> [9.0174, 9.0266]
     coeff ci rt: 0.0005115327676465674
━━━━━━━━━━━━━━━━━━━━━━━━━━━━━━━━━━━━━━━━━━━━━━━━━━━━━━━━━━━━━━━━━━━━━━━━━━━━━━━━━━━━━━━━━━━━━━━━━━━━
━━━━━━━━━━━━━━━━━━━━━━━━━━━━━━━━━━━━━━━━━━━━━━━━━━━━━━━━━━━━━━━━━━━━━━━━━━━━━━━━━━━━━━━━━━━━━━━━━━━━
      test count: 211
          rt (s): 8.9784, 8.9810, 8.9903, 8.9757, 8.9538, 8.9420, 8.9582, 8.9766, 8.9948, 8.9872, 9.0245, 8.9752, 8.9796, 8.9806, 8.9912, 8.9809, 8.9810, 8.9752, 8.9837, 8.9790, 8.9787, 8.9811, 8.9872, 8.9830, 9.0059, 9.0011, 8.9888, 8.9767, 8.9721, 8.9777, 8.9778, 8.9807, 8.9841, 8.9797, 9.0261, 8.9769, 8.9843, 8.9757, 8.9719, 8.9798, 8.9790, 8.9859, 9.0004, 8.9959, 8.9848, 8.9890, 8.9984, 8.9974, 8.9726, 8.9874, 8.9762, 8.9800, 8.9801, 8.9831, 8.9829, 8.9809, 8.9867, 8.9793, 9.0029, 8.9789, 8.9753, 8.9792, 8.9946, 9.0023, 8.9694, 8.9709, 8.9816, 8.9929, 8.9931, 8.9804, 8.9956, 8.9836, 8.9713, 8.9769, 8.9713, 8.9691, 8.9771, 8.9955, 8.9725, 8.9734, 8.9806, 8.9803, 9.0173, 8.9814, 8.9902, 9.0444, 9.0387, 9.0503, 9.0446, 9.0572, 9.0455, 9.0489, 9.0542, 9.0441, 9.0505, 9.0400, 9.0437, 9.0401, 9.0624, 9.0635, 9.0681, 9.0803, 9.0487, 9.0400, 9.0465, 9.0509, 9.0434, 9.0542, 9.0489, 9.0269, 9.0583, 9.0472, 9.0467, 9.0443, 9.0466, 9.0473, 9.0404, 9.0528, 9.0501, 9.0475, 9.0268, 9.0511, 9.0502, 9.0718, 9.0531, 9.0468, 9.0437, 9.0479, 9.0473, 9.0429, 9.0490, 9.0487, 9.0700, 9.0383, 9.0469, 9.0527, 9.0641, 9.0418, 9.0552, 9.0476, 9.0640, 9.0601, 9.0546, 9.0507, 9.0289, 9.0342, 9.0382, 9.0462, 9.0546, 9.0403, 9.0361, 9.0526, 9.0442, 9.0464, 9.0482, 9.0327, 9.0476, 9.0436, 9.0429, 9.0457, 9.0622, 9.0449, 9.0500, 9.0337, 9.0464, 9.0393, 9.0622, 9.0578, 9.0549, 9.0508, 9.0414, 9.0473, 9.0476, 9.0573, 9.0424, 9.0476, 9.0507, 9.0591, 9.0409, 9.0423, 9.0312, 9.0385, 9.0527, 9.0498, 9.0664, 9.0763, 9.0458, 9.0421, 9.0501, 9.0574, 9.0445, 9.0740, 9.0425, 9.0557, 9.0554, 9.0447, 9.0369, 9.0432, 9.0645, 9.0557, 9.0554, 9.0435, 9.0458, 9.0357, 9.0409, 9.0471, 9.0337, 9.0238, 9.0524, 9.0368, 9.0312
     mean rt (s): 9.0221
   stddev rt (s): 0.0338
       95% ci rt: 0.0046 -> [9.0175, 9.0266]
     coeff ci rt: 0.0005091750461698697
━━━━━━━━━━━━━━━━━━━━━━━━━━━━━━━━━━━━━━━━━━━━━━━━━━━━━━━━━━━━━━━━━━━━━━━━━━━━━━━━━━━━━━━━━━━━━━━━━━━━
━━━━━━━━━━━━━━━━━━━━━━━━━━━━━━━━━━━━━━━━━━━━━━━━━━━━━━━━━━━━━━━━━━━━━━━━━━━━━━━━━━━━━━━━━━━━━━━━━━━━
      test count: 212
          rt (s): 8.9784, 8.9810, 8.9903, 8.9757, 8.9538, 8.9420, 8.9582, 8.9766, 8.9948, 8.9872, 9.0245, 8.9752, 8.9796, 8.9806, 8.9912, 8.9809, 8.9810, 8.9752, 8.9837, 8.9790, 8.9787, 8.9811, 8.9872, 8.9830, 9.0059, 9.0011, 8.9888, 8.9767, 8.9721, 8.9777, 8.9778, 8.9807, 8.9841, 8.9797, 9.0261, 8.9769, 8.9843, 8.9757, 8.9719, 8.9798, 8.9790, 8.9859, 9.0004, 8.9959, 8.9848, 8.9890, 8.9984, 8.9974, 8.9726, 8.9874, 8.9762, 8.9800, 8.9801, 8.9831, 8.9829, 8.9809, 8.9867, 8.9793, 9.0029, 8.9789, 8.9753, 8.9792, 8.9946, 9.0023, 8.9694, 8.9709, 8.9816, 8.9929, 8.9931, 8.9804, 8.9956, 8.9836, 8.9713, 8.9769, 8.9713, 8.9691, 8.9771, 8.9955, 8.9725, 8.9734, 8.9806, 8.9803, 9.0173, 8.9814, 8.9902, 9.0444, 9.0387, 9.0503, 9.0446, 9.0572, 9.0455, 9.0489, 9.0542, 9.0441, 9.0505, 9.0400, 9.0437, 9.0401, 9.0624, 9.0635, 9.0681, 9.0803, 9.0487, 9.0400, 9.0465, 9.0509, 9.0434, 9.0542, 9.0489, 9.0269, 9.0583, 9.0472, 9.0467, 9.0443, 9.0466, 9.0473, 9.0404, 9.0528, 9.0501, 9.0475, 9.0268, 9.0511, 9.0502, 9.0718, 9.0531, 9.0468, 9.0437, 9.0479, 9.0473, 9.0429, 9.0490, 9.0487, 9.0700, 9.0383, 9.0469, 9.0527, 9.0641, 9.0418, 9.0552, 9.0476, 9.0640, 9.0601, 9.0546, 9.0507, 9.0289, 9.0342, 9.0382, 9.0462, 9.0546, 9.0403, 9.0361, 9.0526, 9.0442, 9.0464, 9.0482, 9.0327, 9.0476, 9.0436, 9.0429, 9.0457, 9.0622, 9.0449, 9.0500, 9.0337, 9.0464, 9.0393, 9.0622, 9.0578, 9.0549, 9.0508, 9.0414, 9.0473, 9.0476, 9.0573, 9.0424, 9.0476, 9.0507, 9.0591, 9.0409, 9.0423, 9.0312, 9.0385, 9.0527, 9.0498, 9.0664, 9.0763, 9.0458, 9.0421, 9.0501, 9.0574, 9.0445, 9.0740, 9.0425, 9.0557, 9.0554, 9.0447, 9.0369, 9.0432, 9.0645, 9.0557, 9.0554, 9.0435, 9.0458, 9.0357, 9.0409, 9.0471, 9.0337, 9.0238, 9.0524, 9.0368, 9.0312, 9.0538
     mean rt (s): 9.0222
   stddev rt (s): 0.0338
       95% ci rt: 0.0046 -> [9.0176, 9.0268]
     coeff ci rt: 0.0005078004365526849
━━━━━━━━━━━━━━━━━━━━━━━━━━━━━━━━━━━━━━━━━━━━━━━━━━━━━━━━━━━━━━━━━━━━━━━━━━━━━━━━━━━━━━━━━━━━━━━━━━━━
━━━━━━━━━━━━━━━━━━━━━━━━━━━━━━━━━━━━━━━━━━━━━━━━━━━━━━━━━━━━━━━━━━━━━━━━━━━━━━━━━━━━━━━━━━━━━━━━━━━━
      test count: 213
          rt (s): 8.9784, 8.9810, 8.9903, 8.9757, 8.9538, 8.9420, 8.9582, 8.9766, 8.9948, 8.9872, 9.0245, 8.9752, 8.9796, 8.9806, 8.9912, 8.9809, 8.9810, 8.9752, 8.9837, 8.9790, 8.9787, 8.9811, 8.9872, 8.9830, 9.0059, 9.0011, 8.9888, 8.9767, 8.9721, 8.9777, 8.9778, 8.9807, 8.9841, 8.9797, 9.0261, 8.9769, 8.9843, 8.9757, 8.9719, 8.9798, 8.9790, 8.9859, 9.0004, 8.9959, 8.9848, 8.9890, 8.9984, 8.9974, 8.9726, 8.9874, 8.9762, 8.9800, 8.9801, 8.9831, 8.9829, 8.9809, 8.9867, 8.9793, 9.0029, 8.9789, 8.9753, 8.9792, 8.9946, 9.0023, 8.9694, 8.9709, 8.9816, 8.9929, 8.9931, 8.9804, 8.9956, 8.9836, 8.9713, 8.9769, 8.9713, 8.9691, 8.9771, 8.9955, 8.9725, 8.9734, 8.9806, 8.9803, 9.0173, 8.9814, 8.9902, 9.0444, 9.0387, 9.0503, 9.0446, 9.0572, 9.0455, 9.0489, 9.0542, 9.0441, 9.0505, 9.0400, 9.0437, 9.0401, 9.0624, 9.0635, 9.0681, 9.0803, 9.0487, 9.0400, 9.0465, 9.0509, 9.0434, 9.0542, 9.0489, 9.0269, 9.0583, 9.0472, 9.0467, 9.0443, 9.0466, 9.0473, 9.0404, 9.0528, 9.0501, 9.0475, 9.0268, 9.0511, 9.0502, 9.0718, 9.0531, 9.0468, 9.0437, 9.0479, 9.0473, 9.0429, 9.0490, 9.0487, 9.0700, 9.0383, 9.0469, 9.0527, 9.0641, 9.0418, 9.0552, 9.0476, 9.0640, 9.0601, 9.0546, 9.0507, 9.0289, 9.0342, 9.0382, 9.0462, 9.0546, 9.0403, 9.0361, 9.0526, 9.0442, 9.0464, 9.0482, 9.0327, 9.0476, 9.0436, 9.0429, 9.0457, 9.0622, 9.0449, 9.0500, 9.0337, 9.0464, 9.0393, 9.0622, 9.0578, 9.0549, 9.0508, 9.0414, 9.0473, 9.0476, 9.0573, 9.0424, 9.0476, 9.0507, 9.0591, 9.0409, 9.0423, 9.0312, 9.0385, 9.0527, 9.0498, 9.0664, 9.0763, 9.0458, 9.0421, 9.0501, 9.0574, 9.0445, 9.0740, 9.0425, 9.0557, 9.0554, 9.0447, 9.0369, 9.0432, 9.0645, 9.0557, 9.0554, 9.0435, 9.0458, 9.0357, 9.0409, 9.0471, 9.0337, 9.0238, 9.0524, 9.0368, 9.0312, 9.0538, 9.0554
     mean rt (s): 9.0224
   stddev rt (s): 0.0338
       95% ci rt: 0.0046 -> [9.0178, 9.0269]
     coeff ci rt: 0.0005065341338674516
━━━━━━━━━━━━━━━━━━━━━━━━━━━━━━━━━━━━━━━━━━━━━━━━━━━━━━━━━━━━━━━━━━━━━━━━━━━━━━━━━━━━━━━━━━━━━━━━━━━━
━━━━━━━━━━━━━━━━━━━━━━━━━━━━━━━━━━━━━━━━━━━━━━━━━━━━━━━━━━━━━━━━━━━━━━━━━━━━━━━━━━━━━━━━━━━━━━━━━━━━
      test count: 214
          rt (s): 8.9784, 8.9810, 8.9903, 8.9757, 8.9538, 8.9420, 8.9582, 8.9766, 8.9948, 8.9872, 9.0245, 8.9752, 8.9796, 8.9806, 8.9912, 8.9809, 8.9810, 8.9752, 8.9837, 8.9790, 8.9787, 8.9811, 8.9872, 8.9830, 9.0059, 9.0011, 8.9888, 8.9767, 8.9721, 8.9777, 8.9778, 8.9807, 8.9841, 8.9797, 9.0261, 8.9769, 8.9843, 8.9757, 8.9719, 8.9798, 8.9790, 8.9859, 9.0004, 8.9959, 8.9848, 8.9890, 8.9984, 8.9974, 8.9726, 8.9874, 8.9762, 8.9800, 8.9801, 8.9831, 8.9829, 8.9809, 8.9867, 8.9793, 9.0029, 8.9789, 8.9753, 8.9792, 8.9946, 9.0023, 8.9694, 8.9709, 8.9816, 8.9929, 8.9931, 8.9804, 8.9956, 8.9836, 8.9713, 8.9769, 8.9713, 8.9691, 8.9771, 8.9955, 8.9725, 8.9734, 8.9806, 8.9803, 9.0173, 8.9814, 8.9902, 9.0444, 9.0387, 9.0503, 9.0446, 9.0572, 9.0455, 9.0489, 9.0542, 9.0441, 9.0505, 9.0400, 9.0437, 9.0401, 9.0624, 9.0635, 9.0681, 9.0803, 9.0487, 9.0400, 9.0465, 9.0509, 9.0434, 9.0542, 9.0489, 9.0269, 9.0583, 9.0472, 9.0467, 9.0443, 9.0466, 9.0473, 9.0404, 9.0528, 9.0501, 9.0475, 9.0268, 9.0511, 9.0502, 9.0718, 9.0531, 9.0468, 9.0437, 9.0479, 9.0473, 9.0429, 9.0490, 9.0487, 9.0700, 9.0383, 9.0469, 9.0527, 9.0641, 9.0418, 9.0552, 9.0476, 9.0640, 9.0601, 9.0546, 9.0507, 9.0289, 9.0342, 9.0382, 9.0462, 9.0546, 9.0403, 9.0361, 9.0526, 9.0442, 9.0464, 9.0482, 9.0327, 9.0476, 9.0436, 9.0429, 9.0457, 9.0622, 9.0449, 9.0500, 9.0337, 9.0464, 9.0393, 9.0622, 9.0578, 9.0549, 9.0508, 9.0414, 9.0473, 9.0476, 9.0573, 9.0424, 9.0476, 9.0507, 9.0591, 9.0409, 9.0423, 9.0312, 9.0385, 9.0527, 9.0498, 9.0664, 9.0763, 9.0458, 9.0421, 9.0501, 9.0574, 9.0445, 9.0740, 9.0425, 9.0557, 9.0554, 9.0447, 9.0369, 9.0432, 9.0645, 9.0557, 9.0554, 9.0435, 9.0458, 9.0357, 9.0409, 9.0471, 9.0337, 9.0238, 9.0524, 9.0368, 9.0312, 9.0538, 9.0554, 9.0404
     mean rt (s): 9.0224
   stddev rt (s): 0.0337
       95% ci rt: 0.0046 -> [9.0179, 9.0270]
     coeff ci rt: 0.0005044796359453711
━━━━━━━━━━━━━━━━━━━━━━━━━━━━━━━━━━━━━━━━━━━━━━━━━━━━━━━━━━━━━━━━━━━━━━━━━━━━━━━━━━━━━━━━━━━━━━━━━━━━
━━━━━━━━━━━━━━━━━━━━━━━━━━━━━━━━━━━━━━━━━━━━━━━━━━━━━━━━━━━━━━━━━━━━━━━━━━━━━━━━━━━━━━━━━━━━━━━━━━━━
      test count: 215
          rt (s): 8.9784, 8.9810, 8.9903, 8.9757, 8.9538, 8.9420, 8.9582, 8.9766, 8.9948, 8.9872, 9.0245, 8.9752, 8.9796, 8.9806, 8.9912, 8.9809, 8.9810, 8.9752, 8.9837, 8.9790, 8.9787, 8.9811, 8.9872, 8.9830, 9.0059, 9.0011, 8.9888, 8.9767, 8.9721, 8.9777, 8.9778, 8.9807, 8.9841, 8.9797, 9.0261, 8.9769, 8.9843, 8.9757, 8.9719, 8.9798, 8.9790, 8.9859, 9.0004, 8.9959, 8.9848, 8.9890, 8.9984, 8.9974, 8.9726, 8.9874, 8.9762, 8.9800, 8.9801, 8.9831, 8.9829, 8.9809, 8.9867, 8.9793, 9.0029, 8.9789, 8.9753, 8.9792, 8.9946, 9.0023, 8.9694, 8.9709, 8.9816, 8.9929, 8.9931, 8.9804, 8.9956, 8.9836, 8.9713, 8.9769, 8.9713, 8.9691, 8.9771, 8.9955, 8.9725, 8.9734, 8.9806, 8.9803, 9.0173, 8.9814, 8.9902, 9.0444, 9.0387, 9.0503, 9.0446, 9.0572, 9.0455, 9.0489, 9.0542, 9.0441, 9.0505, 9.0400, 9.0437, 9.0401, 9.0624, 9.0635, 9.0681, 9.0803, 9.0487, 9.0400, 9.0465, 9.0509, 9.0434, 9.0542, 9.0489, 9.0269, 9.0583, 9.0472, 9.0467, 9.0443, 9.0466, 9.0473, 9.0404, 9.0528, 9.0501, 9.0475, 9.0268, 9.0511, 9.0502, 9.0718, 9.0531, 9.0468, 9.0437, 9.0479, 9.0473, 9.0429, 9.0490, 9.0487, 9.0700, 9.0383, 9.0469, 9.0527, 9.0641, 9.0418, 9.0552, 9.0476, 9.0640, 9.0601, 9.0546, 9.0507, 9.0289, 9.0342, 9.0382, 9.0462, 9.0546, 9.0403, 9.0361, 9.0526, 9.0442, 9.0464, 9.0482, 9.0327, 9.0476, 9.0436, 9.0429, 9.0457, 9.0622, 9.0449, 9.0500, 9.0337, 9.0464, 9.0393, 9.0622, 9.0578, 9.0549, 9.0508, 9.0414, 9.0473, 9.0476, 9.0573, 9.0424, 9.0476, 9.0507, 9.0591, 9.0409, 9.0423, 9.0312, 9.0385, 9.0527, 9.0498, 9.0664, 9.0763, 9.0458, 9.0421, 9.0501, 9.0574, 9.0445, 9.0740, 9.0425, 9.0557, 9.0554, 9.0447, 9.0369, 9.0432, 9.0645, 9.0557, 9.0554, 9.0435, 9.0458, 9.0357, 9.0409, 9.0471, 9.0337, 9.0238, 9.0524, 9.0368, 9.0312, 9.0538, 9.0554, 9.0404, 9.0445
     mean rt (s): 9.0225
   stddev rt (s): 0.0337
       95% ci rt: 0.0045 -> [9.0180, 9.0271]
     coeff ci rt: 0.0005026085827518691
━━━━━━━━━━━━━━━━━━━━━━━━━━━━━━━━━━━━━━━━━━━━━━━━━━━━━━━━━━━━━━━━━━━━━━━━━━━━━━━━━━━━━━━━━━━━━━━━━━━━
━━━━━━━━━━━━━━━━━━━━━━━━━━━━━━━━━━━━━━━━━━━━━━━━━━━━━━━━━━━━━━━━━━━━━━━━━━━━━━━━━━━━━━━━━━━━━━━━━━━━
      test count: 216
          rt (s): 8.9784, 8.9810, 8.9903, 8.9757, 8.9538, 8.9420, 8.9582, 8.9766, 8.9948, 8.9872, 9.0245, 8.9752, 8.9796, 8.9806, 8.9912, 8.9809, 8.9810, 8.9752, 8.9837, 8.9790, 8.9787, 8.9811, 8.9872, 8.9830, 9.0059, 9.0011, 8.9888, 8.9767, 8.9721, 8.9777, 8.9778, 8.9807, 8.9841, 8.9797, 9.0261, 8.9769, 8.9843, 8.9757, 8.9719, 8.9798, 8.9790, 8.9859, 9.0004, 8.9959, 8.9848, 8.9890, 8.9984, 8.9974, 8.9726, 8.9874, 8.9762, 8.9800, 8.9801, 8.9831, 8.9829, 8.9809, 8.9867, 8.9793, 9.0029, 8.9789, 8.9753, 8.9792, 8.9946, 9.0023, 8.9694, 8.9709, 8.9816, 8.9929, 8.9931, 8.9804, 8.9956, 8.9836, 8.9713, 8.9769, 8.9713, 8.9691, 8.9771, 8.9955, 8.9725, 8.9734, 8.9806, 8.9803, 9.0173, 8.9814, 8.9902, 9.0444, 9.0387, 9.0503, 9.0446, 9.0572, 9.0455, 9.0489, 9.0542, 9.0441, 9.0505, 9.0400, 9.0437, 9.0401, 9.0624, 9.0635, 9.0681, 9.0803, 9.0487, 9.0400, 9.0465, 9.0509, 9.0434, 9.0542, 9.0489, 9.0269, 9.0583, 9.0472, 9.0467, 9.0443, 9.0466, 9.0473, 9.0404, 9.0528, 9.0501, 9.0475, 9.0268, 9.0511, 9.0502, 9.0718, 9.0531, 9.0468, 9.0437, 9.0479, 9.0473, 9.0429, 9.0490, 9.0487, 9.0700, 9.0383, 9.0469, 9.0527, 9.0641, 9.0418, 9.0552, 9.0476, 9.0640, 9.0601, 9.0546, 9.0507, 9.0289, 9.0342, 9.0382, 9.0462, 9.0546, 9.0403, 9.0361, 9.0526, 9.0442, 9.0464, 9.0482, 9.0327, 9.0476, 9.0436, 9.0429, 9.0457, 9.0622, 9.0449, 9.0500, 9.0337, 9.0464, 9.0393, 9.0622, 9.0578, 9.0549, 9.0508, 9.0414, 9.0473, 9.0476, 9.0573, 9.0424, 9.0476, 9.0507, 9.0591, 9.0409, 9.0423, 9.0312, 9.0385, 9.0527, 9.0498, 9.0664, 9.0763, 9.0458, 9.0421, 9.0501, 9.0574, 9.0445, 9.0740, 9.0425, 9.0557, 9.0554, 9.0447, 9.0369, 9.0432, 9.0645, 9.0557, 9.0554, 9.0435, 9.0458, 9.0357, 9.0409, 9.0471, 9.0337, 9.0238, 9.0524, 9.0368, 9.0312, 9.0538, 9.0554, 9.0404, 9.0445, 9.0286
     mean rt (s): 9.0226
   stddev rt (s): 0.0336
       95% ci rt: 0.0045 -> [9.0181, 9.0271]
     coeff ci rt: 0.000500298967627055
━━━━━━━━━━━━━━━━━━━━━━━━━━━━━━━━━━━━━━━━━━━━━━━━━━━━━━━━━━━━━━━━━━━━━━━━━━━━━━━━━━━━━━━━━━━━━━━━━━━━
━━━━━━━━━━━━━━━━━━━━━━━━━━━━━━━━━━━━━━━━━━━━━━━━━━━━━━━━━━━━━━━━━━━━━━━━━━━━━━━━━━━━━━━━━━━━━━━━━━━━
      test count: 217
          rt (s): 8.9784, 8.9810, 8.9903, 8.9757, 8.9538, 8.9420, 8.9582, 8.9766, 8.9948, 8.9872, 9.0245, 8.9752, 8.9796, 8.9806, 8.9912, 8.9809, 8.9810, 8.9752, 8.9837, 8.9790, 8.9787, 8.9811, 8.9872, 8.9830, 9.0059, 9.0011, 8.9888, 8.9767, 8.9721, 8.9777, 8.9778, 8.9807, 8.9841, 8.9797, 9.0261, 8.9769, 8.9843, 8.9757, 8.9719, 8.9798, 8.9790, 8.9859, 9.0004, 8.9959, 8.9848, 8.9890, 8.9984, 8.9974, 8.9726, 8.9874, 8.9762, 8.9800, 8.9801, 8.9831, 8.9829, 8.9809, 8.9867, 8.9793, 9.0029, 8.9789, 8.9753, 8.9792, 8.9946, 9.0023, 8.9694, 8.9709, 8.9816, 8.9929, 8.9931, 8.9804, 8.9956, 8.9836, 8.9713, 8.9769, 8.9713, 8.9691, 8.9771, 8.9955, 8.9725, 8.9734, 8.9806, 8.9803, 9.0173, 8.9814, 8.9902, 9.0444, 9.0387, 9.0503, 9.0446, 9.0572, 9.0455, 9.0489, 9.0542, 9.0441, 9.0505, 9.0400, 9.0437, 9.0401, 9.0624, 9.0635, 9.0681, 9.0803, 9.0487, 9.0400, 9.0465, 9.0509, 9.0434, 9.0542, 9.0489, 9.0269, 9.0583, 9.0472, 9.0467, 9.0443, 9.0466, 9.0473, 9.0404, 9.0528, 9.0501, 9.0475, 9.0268, 9.0511, 9.0502, 9.0718, 9.0531, 9.0468, 9.0437, 9.0479, 9.0473, 9.0429, 9.0490, 9.0487, 9.0700, 9.0383, 9.0469, 9.0527, 9.0641, 9.0418, 9.0552, 9.0476, 9.0640, 9.0601, 9.0546, 9.0507, 9.0289, 9.0342, 9.0382, 9.0462, 9.0546, 9.0403, 9.0361, 9.0526, 9.0442, 9.0464, 9.0482, 9.0327, 9.0476, 9.0436, 9.0429, 9.0457, 9.0622, 9.0449, 9.0500, 9.0337, 9.0464, 9.0393, 9.0622, 9.0578, 9.0549, 9.0508, 9.0414, 9.0473, 9.0476, 9.0573, 9.0424, 9.0476, 9.0507, 9.0591, 9.0409, 9.0423, 9.0312, 9.0385, 9.0527, 9.0498, 9.0664, 9.0763, 9.0458, 9.0421, 9.0501, 9.0574, 9.0445, 9.0740, 9.0425, 9.0557, 9.0554, 9.0447, 9.0369, 9.0432, 9.0645, 9.0557, 9.0554, 9.0435, 9.0458, 9.0357, 9.0409, 9.0471, 9.0337, 9.0238, 9.0524, 9.0368, 9.0312, 9.0538, 9.0554, 9.0404, 9.0445, 9.0286, 9.0429
     mean rt (s): 9.0227
   stddev rt (s): 0.0335
       95% ci rt: 0.0045 -> [9.0182, 9.0272]
     coeff ci rt: 0.0004983901205088782
━━━━━━━━━━━━━━━━━━━━━━━━━━━━━━━━━━━━━━━━━━━━━━━━━━━━━━━━━━━━━━━━━━━━━━━━━━━━━━━━━━━━━━━━━━━━━━━━━━━━
━━━━━━━━━━━━━━━━━━━━━━━━━━━━━━━━━━━━━━━━━━━━━━━━━━━━━━━━━━━━━━━━━━━━━━━━━━━━━━━━━━━━━━━━━━━━━━━━━━━━
      test count: 218
          rt (s): 8.9784, 8.9810, 8.9903, 8.9757, 8.9538, 8.9420, 8.9582, 8.9766, 8.9948, 8.9872, 9.0245, 8.9752, 8.9796, 8.9806, 8.9912, 8.9809, 8.9810, 8.9752, 8.9837, 8.9790, 8.9787, 8.9811, 8.9872, 8.9830, 9.0059, 9.0011, 8.9888, 8.9767, 8.9721, 8.9777, 8.9778, 8.9807, 8.9841, 8.9797, 9.0261, 8.9769, 8.9843, 8.9757, 8.9719, 8.9798, 8.9790, 8.9859, 9.0004, 8.9959, 8.9848, 8.9890, 8.9984, 8.9974, 8.9726, 8.9874, 8.9762, 8.9800, 8.9801, 8.9831, 8.9829, 8.9809, 8.9867, 8.9793, 9.0029, 8.9789, 8.9753, 8.9792, 8.9946, 9.0023, 8.9694, 8.9709, 8.9816, 8.9929, 8.9931, 8.9804, 8.9956, 8.9836, 8.9713, 8.9769, 8.9713, 8.9691, 8.9771, 8.9955, 8.9725, 8.9734, 8.9806, 8.9803, 9.0173, 8.9814, 8.9902, 9.0444, 9.0387, 9.0503, 9.0446, 9.0572, 9.0455, 9.0489, 9.0542, 9.0441, 9.0505, 9.0400, 9.0437, 9.0401, 9.0624, 9.0635, 9.0681, 9.0803, 9.0487, 9.0400, 9.0465, 9.0509, 9.0434, 9.0542, 9.0489, 9.0269, 9.0583, 9.0472, 9.0467, 9.0443, 9.0466, 9.0473, 9.0404, 9.0528, 9.0501, 9.0475, 9.0268, 9.0511, 9.0502, 9.0718, 9.0531, 9.0468, 9.0437, 9.0479, 9.0473, 9.0429, 9.0490, 9.0487, 9.0700, 9.0383, 9.0469, 9.0527, 9.0641, 9.0418, 9.0552, 9.0476, 9.0640, 9.0601, 9.0546, 9.0507, 9.0289, 9.0342, 9.0382, 9.0462, 9.0546, 9.0403, 9.0361, 9.0526, 9.0442, 9.0464, 9.0482, 9.0327, 9.0476, 9.0436, 9.0429, 9.0457, 9.0622, 9.0449, 9.0500, 9.0337, 9.0464, 9.0393, 9.0622, 9.0578, 9.0549, 9.0508, 9.0414, 9.0473, 9.0476, 9.0573, 9.0424, 9.0476, 9.0507, 9.0591, 9.0409, 9.0423, 9.0312, 9.0385, 9.0527, 9.0498, 9.0664, 9.0763, 9.0458, 9.0421, 9.0501, 9.0574, 9.0445, 9.0740, 9.0425, 9.0557, 9.0554, 9.0447, 9.0369, 9.0432, 9.0645, 9.0557, 9.0554, 9.0435, 9.0458, 9.0357, 9.0409, 9.0471, 9.0337, 9.0238, 9.0524, 9.0368, 9.0312, 9.0538, 9.0554, 9.0404, 9.0445, 9.0286, 9.0429, 9.0552
     mean rt (s): 9.0228
   stddev rt (s): 0.0335
       95% ci rt: 0.0045 -> [9.0183, 9.0273]
     coeff ci rt: 0.0004971474910786288
━━━━━━━━━━━━━━━━━━━━━━━━━━━━━━━━━━━━━━━━━━━━━━━━━━━━━━━━━━━━━━━━━━━━━━━━━━━━━━━━━━━━━━━━━━━━━━━━━━━━
━━━━━━━━━━━━━━━━━━━━━━━━━━━━━━━━━━━━━━━━━━━━━━━━━━━━━━━━━━━━━━━━━━━━━━━━━━━━━━━━━━━━━━━━━━━━━━━━━━━━
      test count: 219
          rt (s): 8.9784, 8.9810, 8.9903, 8.9757, 8.9538, 8.9420, 8.9582, 8.9766, 8.9948, 8.9872, 9.0245, 8.9752, 8.9796, 8.9806, 8.9912, 8.9809, 8.9810, 8.9752, 8.9837, 8.9790, 8.9787, 8.9811, 8.9872, 8.9830, 9.0059, 9.0011, 8.9888, 8.9767, 8.9721, 8.9777, 8.9778, 8.9807, 8.9841, 8.9797, 9.0261, 8.9769, 8.9843, 8.9757, 8.9719, 8.9798, 8.9790, 8.9859, 9.0004, 8.9959, 8.9848, 8.9890, 8.9984, 8.9974, 8.9726, 8.9874, 8.9762, 8.9800, 8.9801, 8.9831, 8.9829, 8.9809, 8.9867, 8.9793, 9.0029, 8.9789, 8.9753, 8.9792, 8.9946, 9.0023, 8.9694, 8.9709, 8.9816, 8.9929, 8.9931, 8.9804, 8.9956, 8.9836, 8.9713, 8.9769, 8.9713, 8.9691, 8.9771, 8.9955, 8.9725, 8.9734, 8.9806, 8.9803, 9.0173, 8.9814, 8.9902, 9.0444, 9.0387, 9.0503, 9.0446, 9.0572, 9.0455, 9.0489, 9.0542, 9.0441, 9.0505, 9.0400, 9.0437, 9.0401, 9.0624, 9.0635, 9.0681, 9.0803, 9.0487, 9.0400, 9.0465, 9.0509, 9.0434, 9.0542, 9.0489, 9.0269, 9.0583, 9.0472, 9.0467, 9.0443, 9.0466, 9.0473, 9.0404, 9.0528, 9.0501, 9.0475, 9.0268, 9.0511, 9.0502, 9.0718, 9.0531, 9.0468, 9.0437, 9.0479, 9.0473, 9.0429, 9.0490, 9.0487, 9.0700, 9.0383, 9.0469, 9.0527, 9.0641, 9.0418, 9.0552, 9.0476, 9.0640, 9.0601, 9.0546, 9.0507, 9.0289, 9.0342, 9.0382, 9.0462, 9.0546, 9.0403, 9.0361, 9.0526, 9.0442, 9.0464, 9.0482, 9.0327, 9.0476, 9.0436, 9.0429, 9.0457, 9.0622, 9.0449, 9.0500, 9.0337, 9.0464, 9.0393, 9.0622, 9.0578, 9.0549, 9.0508, 9.0414, 9.0473, 9.0476, 9.0573, 9.0424, 9.0476, 9.0507, 9.0591, 9.0409, 9.0423, 9.0312, 9.0385, 9.0527, 9.0498, 9.0664, 9.0763, 9.0458, 9.0421, 9.0501, 9.0574, 9.0445, 9.0740, 9.0425, 9.0557, 9.0554, 9.0447, 9.0369, 9.0432, 9.0645, 9.0557, 9.0554, 9.0435, 9.0458, 9.0357, 9.0409, 9.0471, 9.0337, 9.0238, 9.0524, 9.0368, 9.0312, 9.0538, 9.0554, 9.0404, 9.0445, 9.0286, 9.0429, 9.0552, 9.0416
     mean rt (s): 9.0229
   stddev rt (s): 0.0335
       95% ci rt: 0.0045 -> [9.0184, 9.0274]
     coeff ci rt: 0.0004952092902487286
━━━━━━━━━━━━━━━━━━━━━━━━━━━━━━━━━━━━━━━━━━━━━━━━━━━━━━━━━━━━━━━━━━━━━━━━━━━━━━━━━━━━━━━━━━━━━━━━━━━━
━━━━━━━━━━━━━━━━━━━━━━━━━━━━━━━━━━━━━━━━━━━━━━━━━━━━━━━━━━━━━━━━━━━━━━━━━━━━━━━━━━━━━━━━━━━━━━━━━━━━
      test count: 220
          rt (s): 8.9784, 8.9810, 8.9903, 8.9757, 8.9538, 8.9420, 8.9582, 8.9766, 8.9948, 8.9872, 9.0245, 8.9752, 8.9796, 8.9806, 8.9912, 8.9809, 8.9810, 8.9752, 8.9837, 8.9790, 8.9787, 8.9811, 8.9872, 8.9830, 9.0059, 9.0011, 8.9888, 8.9767, 8.9721, 8.9777, 8.9778, 8.9807, 8.9841, 8.9797, 9.0261, 8.9769, 8.9843, 8.9757, 8.9719, 8.9798, 8.9790, 8.9859, 9.0004, 8.9959, 8.9848, 8.9890, 8.9984, 8.9974, 8.9726, 8.9874, 8.9762, 8.9800, 8.9801, 8.9831, 8.9829, 8.9809, 8.9867, 8.9793, 9.0029, 8.9789, 8.9753, 8.9792, 8.9946, 9.0023, 8.9694, 8.9709, 8.9816, 8.9929, 8.9931, 8.9804, 8.9956, 8.9836, 8.9713, 8.9769, 8.9713, 8.9691, 8.9771, 8.9955, 8.9725, 8.9734, 8.9806, 8.9803, 9.0173, 8.9814, 8.9902, 9.0444, 9.0387, 9.0503, 9.0446, 9.0572, 9.0455, 9.0489, 9.0542, 9.0441, 9.0505, 9.0400, 9.0437, 9.0401, 9.0624, 9.0635, 9.0681, 9.0803, 9.0487, 9.0400, 9.0465, 9.0509, 9.0434, 9.0542, 9.0489, 9.0269, 9.0583, 9.0472, 9.0467, 9.0443, 9.0466, 9.0473, 9.0404, 9.0528, 9.0501, 9.0475, 9.0268, 9.0511, 9.0502, 9.0718, 9.0531, 9.0468, 9.0437, 9.0479, 9.0473, 9.0429, 9.0490, 9.0487, 9.0700, 9.0383, 9.0469, 9.0527, 9.0641, 9.0418, 9.0552, 9.0476, 9.0640, 9.0601, 9.0546, 9.0507, 9.0289, 9.0342, 9.0382, 9.0462, 9.0546, 9.0403, 9.0361, 9.0526, 9.0442, 9.0464, 9.0482, 9.0327, 9.0476, 9.0436, 9.0429, 9.0457, 9.0622, 9.0449, 9.0500, 9.0337, 9.0464, 9.0393, 9.0622, 9.0578, 9.0549, 9.0508, 9.0414, 9.0473, 9.0476, 9.0573, 9.0424, 9.0476, 9.0507, 9.0591, 9.0409, 9.0423, 9.0312, 9.0385, 9.0527, 9.0498, 9.0664, 9.0763, 9.0458, 9.0421, 9.0501, 9.0574, 9.0445, 9.0740, 9.0425, 9.0557, 9.0554, 9.0447, 9.0369, 9.0432, 9.0645, 9.0557, 9.0554, 9.0435, 9.0458, 9.0357, 9.0409, 9.0471, 9.0337, 9.0238, 9.0524, 9.0368, 9.0312, 9.0538, 9.0554, 9.0404, 9.0445, 9.0286, 9.0429, 9.0552, 9.0416, 9.0418
     mean rt (s): 9.0230
   stddev rt (s): 0.0334
       95% ci rt: 0.0045 -> [9.0185, 9.0274]
     coeff ci rt: 0.0004932928902024517
━━━━━━━━━━━━━━━━━━━━━━━━━━━━━━━━━━━━━━━━━━━━━━━━━━━━━━━━━━━━━━━━━━━━━━━━━━━━━━━━━━━━━━━━━━━━━━━━━━━━
━━━━━━━━━━━━━━━━━━━━━━━━━━━━━━━━━━━━━━━━━━━━━━━━━━━━━━━━━━━━━━━━━━━━━━━━━━━━━━━━━━━━━━━━━━━━━━━━━━━━
      test count: 221
          rt (s): 8.9784, 8.9810, 8.9903, 8.9757, 8.9538, 8.9420, 8.9582, 8.9766, 8.9948, 8.9872, 9.0245, 8.9752, 8.9796, 8.9806, 8.9912, 8.9809, 8.9810, 8.9752, 8.9837, 8.9790, 8.9787, 8.9811, 8.9872, 8.9830, 9.0059, 9.0011, 8.9888, 8.9767, 8.9721, 8.9777, 8.9778, 8.9807, 8.9841, 8.9797, 9.0261, 8.9769, 8.9843, 8.9757, 8.9719, 8.9798, 8.9790, 8.9859, 9.0004, 8.9959, 8.9848, 8.9890, 8.9984, 8.9974, 8.9726, 8.9874, 8.9762, 8.9800, 8.9801, 8.9831, 8.9829, 8.9809, 8.9867, 8.9793, 9.0029, 8.9789, 8.9753, 8.9792, 8.9946, 9.0023, 8.9694, 8.9709, 8.9816, 8.9929, 8.9931, 8.9804, 8.9956, 8.9836, 8.9713, 8.9769, 8.9713, 8.9691, 8.9771, 8.9955, 8.9725, 8.9734, 8.9806, 8.9803, 9.0173, 8.9814, 8.9902, 9.0444, 9.0387, 9.0503, 9.0446, 9.0572, 9.0455, 9.0489, 9.0542, 9.0441, 9.0505, 9.0400, 9.0437, 9.0401, 9.0624, 9.0635, 9.0681, 9.0803, 9.0487, 9.0400, 9.0465, 9.0509, 9.0434, 9.0542, 9.0489, 9.0269, 9.0583, 9.0472, 9.0467, 9.0443, 9.0466, 9.0473, 9.0404, 9.0528, 9.0501, 9.0475, 9.0268, 9.0511, 9.0502, 9.0718, 9.0531, 9.0468, 9.0437, 9.0479, 9.0473, 9.0429, 9.0490, 9.0487, 9.0700, 9.0383, 9.0469, 9.0527, 9.0641, 9.0418, 9.0552, 9.0476, 9.0640, 9.0601, 9.0546, 9.0507, 9.0289, 9.0342, 9.0382, 9.0462, 9.0546, 9.0403, 9.0361, 9.0526, 9.0442, 9.0464, 9.0482, 9.0327, 9.0476, 9.0436, 9.0429, 9.0457, 9.0622, 9.0449, 9.0500, 9.0337, 9.0464, 9.0393, 9.0622, 9.0578, 9.0549, 9.0508, 9.0414, 9.0473, 9.0476, 9.0573, 9.0424, 9.0476, 9.0507, 9.0591, 9.0409, 9.0423, 9.0312, 9.0385, 9.0527, 9.0498, 9.0664, 9.0763, 9.0458, 9.0421, 9.0501, 9.0574, 9.0445, 9.0740, 9.0425, 9.0557, 9.0554, 9.0447, 9.0369, 9.0432, 9.0645, 9.0557, 9.0554, 9.0435, 9.0458, 9.0357, 9.0409, 9.0471, 9.0337, 9.0238, 9.0524, 9.0368, 9.0312, 9.0538, 9.0554, 9.0404, 9.0445, 9.0286, 9.0429, 9.0552, 9.0416, 9.0418, 9.0381
     mean rt (s): 9.0231
   stddev rt (s): 0.0334
       95% ci rt: 0.0044 -> [9.0186, 9.0275]
     coeff ci rt: 0.0004912666813508128
━━━━━━━━━━━━━━━━━━━━━━━━━━━━━━━━━━━━━━━━━━━━━━━━━━━━━━━━━━━━━━━━━━━━━━━━━━━━━━━━━━━━━━━━━━━━━━━━━━━━
━━━━━━━━━━━━━━━━━━━━━━━━━━━━━━━━━━━━━━━━━━━━━━━━━━━━━━━━━━━━━━━━━━━━━━━━━━━━━━━━━━━━━━━━━━━━━━━━━━━━
      test count: 222
          rt (s): 8.9784, 8.9810, 8.9903, 8.9757, 8.9538, 8.9420, 8.9582, 8.9766, 8.9948, 8.9872, 9.0245, 8.9752, 8.9796, 8.9806, 8.9912, 8.9809, 8.9810, 8.9752, 8.9837, 8.9790, 8.9787, 8.9811, 8.9872, 8.9830, 9.0059, 9.0011, 8.9888, 8.9767, 8.9721, 8.9777, 8.9778, 8.9807, 8.9841, 8.9797, 9.0261, 8.9769, 8.9843, 8.9757, 8.9719, 8.9798, 8.9790, 8.9859, 9.0004, 8.9959, 8.9848, 8.9890, 8.9984, 8.9974, 8.9726, 8.9874, 8.9762, 8.9800, 8.9801, 8.9831, 8.9829, 8.9809, 8.9867, 8.9793, 9.0029, 8.9789, 8.9753, 8.9792, 8.9946, 9.0023, 8.9694, 8.9709, 8.9816, 8.9929, 8.9931, 8.9804, 8.9956, 8.9836, 8.9713, 8.9769, 8.9713, 8.9691, 8.9771, 8.9955, 8.9725, 8.9734, 8.9806, 8.9803, 9.0173, 8.9814, 8.9902, 9.0444, 9.0387, 9.0503, 9.0446, 9.0572, 9.0455, 9.0489, 9.0542, 9.0441, 9.0505, 9.0400, 9.0437, 9.0401, 9.0624, 9.0635, 9.0681, 9.0803, 9.0487, 9.0400, 9.0465, 9.0509, 9.0434, 9.0542, 9.0489, 9.0269, 9.0583, 9.0472, 9.0467, 9.0443, 9.0466, 9.0473, 9.0404, 9.0528, 9.0501, 9.0475, 9.0268, 9.0511, 9.0502, 9.0718, 9.0531, 9.0468, 9.0437, 9.0479, 9.0473, 9.0429, 9.0490, 9.0487, 9.0700, 9.0383, 9.0469, 9.0527, 9.0641, 9.0418, 9.0552, 9.0476, 9.0640, 9.0601, 9.0546, 9.0507, 9.0289, 9.0342, 9.0382, 9.0462, 9.0546, 9.0403, 9.0361, 9.0526, 9.0442, 9.0464, 9.0482, 9.0327, 9.0476, 9.0436, 9.0429, 9.0457, 9.0622, 9.0449, 9.0500, 9.0337, 9.0464, 9.0393, 9.0622, 9.0578, 9.0549, 9.0508, 9.0414, 9.0473, 9.0476, 9.0573, 9.0424, 9.0476, 9.0507, 9.0591, 9.0409, 9.0423, 9.0312, 9.0385, 9.0527, 9.0498, 9.0664, 9.0763, 9.0458, 9.0421, 9.0501, 9.0574, 9.0445, 9.0740, 9.0425, 9.0557, 9.0554, 9.0447, 9.0369, 9.0432, 9.0645, 9.0557, 9.0554, 9.0435, 9.0458, 9.0357, 9.0409, 9.0471, 9.0337, 9.0238, 9.0524, 9.0368, 9.0312, 9.0538, 9.0554, 9.0404, 9.0445, 9.0286, 9.0429, 9.0552, 9.0416, 9.0418, 9.0381, 9.0495
     mean rt (s): 9.0232
   stddev rt (s): 0.0333
       95% ci rt: 0.0044 -> [9.0188, 9.0276]
     coeff ci rt: 0.0004897215864203032
━━━━━━━━━━━━━━━━━━━━━━━━━━━━━━━━━━━━━━━━━━━━━━━━━━━━━━━━━━━━━━━━━━━━━━━━━━━━━━━━━━━━━━━━━━━━━━━━━━━━
━━━━━━━━━━━━━━━━━━━━━━━━━━━━━━━━━━━━━━━━━━━━━━━━━━━━━━━━━━━━━━━━━━━━━━━━━━━━━━━━━━━━━━━━━━━━━━━━━━━━
      test count: 223
          rt (s): 8.9784, 8.9810, 8.9903, 8.9757, 8.9538, 8.9420, 8.9582, 8.9766, 8.9948, 8.9872, 9.0245, 8.9752, 8.9796, 8.9806, 8.9912, 8.9809, 8.9810, 8.9752, 8.9837, 8.9790, 8.9787, 8.9811, 8.9872, 8.9830, 9.0059, 9.0011, 8.9888, 8.9767, 8.9721, 8.9777, 8.9778, 8.9807, 8.9841, 8.9797, 9.0261, 8.9769, 8.9843, 8.9757, 8.9719, 8.9798, 8.9790, 8.9859, 9.0004, 8.9959, 8.9848, 8.9890, 8.9984, 8.9974, 8.9726, 8.9874, 8.9762, 8.9800, 8.9801, 8.9831, 8.9829, 8.9809, 8.9867, 8.9793, 9.0029, 8.9789, 8.9753, 8.9792, 8.9946, 9.0023, 8.9694, 8.9709, 8.9816, 8.9929, 8.9931, 8.9804, 8.9956, 8.9836, 8.9713, 8.9769, 8.9713, 8.9691, 8.9771, 8.9955, 8.9725, 8.9734, 8.9806, 8.9803, 9.0173, 8.9814, 8.9902, 9.0444, 9.0387, 9.0503, 9.0446, 9.0572, 9.0455, 9.0489, 9.0542, 9.0441, 9.0505, 9.0400, 9.0437, 9.0401, 9.0624, 9.0635, 9.0681, 9.0803, 9.0487, 9.0400, 9.0465, 9.0509, 9.0434, 9.0542, 9.0489, 9.0269, 9.0583, 9.0472, 9.0467, 9.0443, 9.0466, 9.0473, 9.0404, 9.0528, 9.0501, 9.0475, 9.0268, 9.0511, 9.0502, 9.0718, 9.0531, 9.0468, 9.0437, 9.0479, 9.0473, 9.0429, 9.0490, 9.0487, 9.0700, 9.0383, 9.0469, 9.0527, 9.0641, 9.0418, 9.0552, 9.0476, 9.0640, 9.0601, 9.0546, 9.0507, 9.0289, 9.0342, 9.0382, 9.0462, 9.0546, 9.0403, 9.0361, 9.0526, 9.0442, 9.0464, 9.0482, 9.0327, 9.0476, 9.0436, 9.0429, 9.0457, 9.0622, 9.0449, 9.0500, 9.0337, 9.0464, 9.0393, 9.0622, 9.0578, 9.0549, 9.0508, 9.0414, 9.0473, 9.0476, 9.0573, 9.0424, 9.0476, 9.0507, 9.0591, 9.0409, 9.0423, 9.0312, 9.0385, 9.0527, 9.0498, 9.0664, 9.0763, 9.0458, 9.0421, 9.0501, 9.0574, 9.0445, 9.0740, 9.0425, 9.0557, 9.0554, 9.0447, 9.0369, 9.0432, 9.0645, 9.0557, 9.0554, 9.0435, 9.0458, 9.0357, 9.0409, 9.0471, 9.0337, 9.0238, 9.0524, 9.0368, 9.0312, 9.0538, 9.0554, 9.0404, 9.0445, 9.0286, 9.0429, 9.0552, 9.0416, 9.0418, 9.0381, 9.0495, 9.0400
     mean rt (s): 9.0233
   stddev rt (s): 0.0333
       95% ci rt: 0.0044 -> [9.0188, 9.0277]
     coeff ci rt: 0.000487782801056273
━━━━━━━━━━━━━━━━━━━━━━━━━━━━━━━━━━━━━━━━━━━━━━━━━━━━━━━━━━━━━━━━━━━━━━━━━━━━━━━━━━━━━━━━━━━━━━━━━━━━
━━━━━━━━━━━━━━━━━━━━━━━━━━━━━━━━━━━━━━━━━━━━━━━━━━━━━━━━━━━━━━━━━━━━━━━━━━━━━━━━━━━━━━━━━━━━━━━━━━━━
      test count: 224
          rt (s): 8.9784, 8.9810, 8.9903, 8.9757, 8.9538, 8.9420, 8.9582, 8.9766, 8.9948, 8.9872, 9.0245, 8.9752, 8.9796, 8.9806, 8.9912, 8.9809, 8.9810, 8.9752, 8.9837, 8.9790, 8.9787, 8.9811, 8.9872, 8.9830, 9.0059, 9.0011, 8.9888, 8.9767, 8.9721, 8.9777, 8.9778, 8.9807, 8.9841, 8.9797, 9.0261, 8.9769, 8.9843, 8.9757, 8.9719, 8.9798, 8.9790, 8.9859, 9.0004, 8.9959, 8.9848, 8.9890, 8.9984, 8.9974, 8.9726, 8.9874, 8.9762, 8.9800, 8.9801, 8.9831, 8.9829, 8.9809, 8.9867, 8.9793, 9.0029, 8.9789, 8.9753, 8.9792, 8.9946, 9.0023, 8.9694, 8.9709, 8.9816, 8.9929, 8.9931, 8.9804, 8.9956, 8.9836, 8.9713, 8.9769, 8.9713, 8.9691, 8.9771, 8.9955, 8.9725, 8.9734, 8.9806, 8.9803, 9.0173, 8.9814, 8.9902, 9.0444, 9.0387, 9.0503, 9.0446, 9.0572, 9.0455, 9.0489, 9.0542, 9.0441, 9.0505, 9.0400, 9.0437, 9.0401, 9.0624, 9.0635, 9.0681, 9.0803, 9.0487, 9.0400, 9.0465, 9.0509, 9.0434, 9.0542, 9.0489, 9.0269, 9.0583, 9.0472, 9.0467, 9.0443, 9.0466, 9.0473, 9.0404, 9.0528, 9.0501, 9.0475, 9.0268, 9.0511, 9.0502, 9.0718, 9.0531, 9.0468, 9.0437, 9.0479, 9.0473, 9.0429, 9.0490, 9.0487, 9.0700, 9.0383, 9.0469, 9.0527, 9.0641, 9.0418, 9.0552, 9.0476, 9.0640, 9.0601, 9.0546, 9.0507, 9.0289, 9.0342, 9.0382, 9.0462, 9.0546, 9.0403, 9.0361, 9.0526, 9.0442, 9.0464, 9.0482, 9.0327, 9.0476, 9.0436, 9.0429, 9.0457, 9.0622, 9.0449, 9.0500, 9.0337, 9.0464, 9.0393, 9.0622, 9.0578, 9.0549, 9.0508, 9.0414, 9.0473, 9.0476, 9.0573, 9.0424, 9.0476, 9.0507, 9.0591, 9.0409, 9.0423, 9.0312, 9.0385, 9.0527, 9.0498, 9.0664, 9.0763, 9.0458, 9.0421, 9.0501, 9.0574, 9.0445, 9.0740, 9.0425, 9.0557, 9.0554, 9.0447, 9.0369, 9.0432, 9.0645, 9.0557, 9.0554, 9.0435, 9.0458, 9.0357, 9.0409, 9.0471, 9.0337, 9.0238, 9.0524, 9.0368, 9.0312, 9.0538, 9.0554, 9.0404, 9.0445, 9.0286, 9.0429, 9.0552, 9.0416, 9.0418, 9.0381, 9.0495, 9.0400, 9.0475
     mean rt (s): 9.0234
   stddev rt (s): 0.0332
       95% ci rt: 0.0044 -> [9.0190, 9.0277]
     coeff ci rt: 0.00048615776251728957
━━━━━━━━━━━━━━━━━━━━━━━━━━━━━━━━━━━━━━━━━━━━━━━━━━━━━━━━━━━━━━━━━━━━━━━━━━━━━━━━━━━━━━━━━━━━━━━━━━━━
━━━━━━━━━━━━━━━━━━━━━━━━━━━━━━━━━━━━━━━━━━━━━━━━━━━━━━━━━━━━━━━━━━━━━━━━━━━━━━━━━━━━━━━━━━━━━━━━━━━━
      test count: 225
          rt (s): 8.9784, 8.9810, 8.9903, 8.9757, 8.9538, 8.9420, 8.9582, 8.9766, 8.9948, 8.9872, 9.0245, 8.9752, 8.9796, 8.9806, 8.9912, 8.9809, 8.9810, 8.9752, 8.9837, 8.9790, 8.9787, 8.9811, 8.9872, 8.9830, 9.0059, 9.0011, 8.9888, 8.9767, 8.9721, 8.9777, 8.9778, 8.9807, 8.9841, 8.9797, 9.0261, 8.9769, 8.9843, 8.9757, 8.9719, 8.9798, 8.9790, 8.9859, 9.0004, 8.9959, 8.9848, 8.9890, 8.9984, 8.9974, 8.9726, 8.9874, 8.9762, 8.9800, 8.9801, 8.9831, 8.9829, 8.9809, 8.9867, 8.9793, 9.0029, 8.9789, 8.9753, 8.9792, 8.9946, 9.0023, 8.9694, 8.9709, 8.9816, 8.9929, 8.9931, 8.9804, 8.9956, 8.9836, 8.9713, 8.9769, 8.9713, 8.9691, 8.9771, 8.9955, 8.9725, 8.9734, 8.9806, 8.9803, 9.0173, 8.9814, 8.9902, 9.0444, 9.0387, 9.0503, 9.0446, 9.0572, 9.0455, 9.0489, 9.0542, 9.0441, 9.0505, 9.0400, 9.0437, 9.0401, 9.0624, 9.0635, 9.0681, 9.0803, 9.0487, 9.0400, 9.0465, 9.0509, 9.0434, 9.0542, 9.0489, 9.0269, 9.0583, 9.0472, 9.0467, 9.0443, 9.0466, 9.0473, 9.0404, 9.0528, 9.0501, 9.0475, 9.0268, 9.0511, 9.0502, 9.0718, 9.0531, 9.0468, 9.0437, 9.0479, 9.0473, 9.0429, 9.0490, 9.0487, 9.0700, 9.0383, 9.0469, 9.0527, 9.0641, 9.0418, 9.0552, 9.0476, 9.0640, 9.0601, 9.0546, 9.0507, 9.0289, 9.0342, 9.0382, 9.0462, 9.0546, 9.0403, 9.0361, 9.0526, 9.0442, 9.0464, 9.0482, 9.0327, 9.0476, 9.0436, 9.0429, 9.0457, 9.0622, 9.0449, 9.0500, 9.0337, 9.0464, 9.0393, 9.0622, 9.0578, 9.0549, 9.0508, 9.0414, 9.0473, 9.0476, 9.0573, 9.0424, 9.0476, 9.0507, 9.0591, 9.0409, 9.0423, 9.0312, 9.0385, 9.0527, 9.0498, 9.0664, 9.0763, 9.0458, 9.0421, 9.0501, 9.0574, 9.0445, 9.0740, 9.0425, 9.0557, 9.0554, 9.0447, 9.0369, 9.0432, 9.0645, 9.0557, 9.0554, 9.0435, 9.0458, 9.0357, 9.0409, 9.0471, 9.0337, 9.0238, 9.0524, 9.0368, 9.0312, 9.0538, 9.0554, 9.0404, 9.0445, 9.0286, 9.0429, 9.0552, 9.0416, 9.0418, 9.0381, 9.0495, 9.0400, 9.0475, 9.0553
     mean rt (s): 9.0235
   stddev rt (s): 0.0332
       95% ci rt: 0.0044 -> [9.0191, 9.0279]
     coeff ci rt: 0.0004849647577827653
━━━━━━━━━━━━━━━━━━━━━━━━━━━━━━━━━━━━━━━━━━━━━━━━━━━━━━━━━━━━━━━━━━━━━━━━━━━━━━━━━━━━━━━━━━━━━━━━━━━━
━━━━━━━━━━━━━━━━━━━━━━━━━━━━━━━━━━━━━━━━━━━━━━━━━━━━━━━━━━━━━━━━━━━━━━━━━━━━━━━━━━━━━━━━━━━━━━━━━━━━
      test count: 226
          rt (s): 8.9784, 8.9810, 8.9903, 8.9757, 8.9538, 8.9420, 8.9582, 8.9766, 8.9948, 8.9872, 9.0245, 8.9752, 8.9796, 8.9806, 8.9912, 8.9809, 8.9810, 8.9752, 8.9837, 8.9790, 8.9787, 8.9811, 8.9872, 8.9830, 9.0059, 9.0011, 8.9888, 8.9767, 8.9721, 8.9777, 8.9778, 8.9807, 8.9841, 8.9797, 9.0261, 8.9769, 8.9843, 8.9757, 8.9719, 8.9798, 8.9790, 8.9859, 9.0004, 8.9959, 8.9848, 8.9890, 8.9984, 8.9974, 8.9726, 8.9874, 8.9762, 8.9800, 8.9801, 8.9831, 8.9829, 8.9809, 8.9867, 8.9793, 9.0029, 8.9789, 8.9753, 8.9792, 8.9946, 9.0023, 8.9694, 8.9709, 8.9816, 8.9929, 8.9931, 8.9804, 8.9956, 8.9836, 8.9713, 8.9769, 8.9713, 8.9691, 8.9771, 8.9955, 8.9725, 8.9734, 8.9806, 8.9803, 9.0173, 8.9814, 8.9902, 9.0444, 9.0387, 9.0503, 9.0446, 9.0572, 9.0455, 9.0489, 9.0542, 9.0441, 9.0505, 9.0400, 9.0437, 9.0401, 9.0624, 9.0635, 9.0681, 9.0803, 9.0487, 9.0400, 9.0465, 9.0509, 9.0434, 9.0542, 9.0489, 9.0269, 9.0583, 9.0472, 9.0467, 9.0443, 9.0466, 9.0473, 9.0404, 9.0528, 9.0501, 9.0475, 9.0268, 9.0511, 9.0502, 9.0718, 9.0531, 9.0468, 9.0437, 9.0479, 9.0473, 9.0429, 9.0490, 9.0487, 9.0700, 9.0383, 9.0469, 9.0527, 9.0641, 9.0418, 9.0552, 9.0476, 9.0640, 9.0601, 9.0546, 9.0507, 9.0289, 9.0342, 9.0382, 9.0462, 9.0546, 9.0403, 9.0361, 9.0526, 9.0442, 9.0464, 9.0482, 9.0327, 9.0476, 9.0436, 9.0429, 9.0457, 9.0622, 9.0449, 9.0500, 9.0337, 9.0464, 9.0393, 9.0622, 9.0578, 9.0549, 9.0508, 9.0414, 9.0473, 9.0476, 9.0573, 9.0424, 9.0476, 9.0507, 9.0591, 9.0409, 9.0423, 9.0312, 9.0385, 9.0527, 9.0498, 9.0664, 9.0763, 9.0458, 9.0421, 9.0501, 9.0574, 9.0445, 9.0740, 9.0425, 9.0557, 9.0554, 9.0447, 9.0369, 9.0432, 9.0645, 9.0557, 9.0554, 9.0435, 9.0458, 9.0357, 9.0409, 9.0471, 9.0337, 9.0238, 9.0524, 9.0368, 9.0312, 9.0538, 9.0554, 9.0404, 9.0445, 9.0286, 9.0429, 9.0552, 9.0416, 9.0418, 9.0381, 9.0495, 9.0400, 9.0475, 9.0553, 9.0317
     mean rt (s): 9.0235
   stddev rt (s): 0.0332
       95% ci rt: 0.0044 -> [9.0192, 9.0279]
     coeff ci rt: 0.000482865524688705
━━━━━━━━━━━━━━━━━━━━━━━━━━━━━━━━━━━━━━━━━━━━━━━━━━━━━━━━━━━━━━━━━━━━━━━━━━━━━━━━━━━━━━━━━━━━━━━━━━━━
━━━━━━━━━━━━━━━━━━━━━━━━━━━━━━━━━━━━━━━━━━━━━━━━━━━━━━━━━━━━━━━━━━━━━━━━━━━━━━━━━━━━━━━━━━━━━━━━━━━━
      test count: 227
          rt (s): 8.9784, 8.9810, 8.9903, 8.9757, 8.9538, 8.9420, 8.9582, 8.9766, 8.9948, 8.9872, 9.0245, 8.9752, 8.9796, 8.9806, 8.9912, 8.9809, 8.9810, 8.9752, 8.9837, 8.9790, 8.9787, 8.9811, 8.9872, 8.9830, 9.0059, 9.0011, 8.9888, 8.9767, 8.9721, 8.9777, 8.9778, 8.9807, 8.9841, 8.9797, 9.0261, 8.9769, 8.9843, 8.9757, 8.9719, 8.9798, 8.9790, 8.9859, 9.0004, 8.9959, 8.9848, 8.9890, 8.9984, 8.9974, 8.9726, 8.9874, 8.9762, 8.9800, 8.9801, 8.9831, 8.9829, 8.9809, 8.9867, 8.9793, 9.0029, 8.9789, 8.9753, 8.9792, 8.9946, 9.0023, 8.9694, 8.9709, 8.9816, 8.9929, 8.9931, 8.9804, 8.9956, 8.9836, 8.9713, 8.9769, 8.9713, 8.9691, 8.9771, 8.9955, 8.9725, 8.9734, 8.9806, 8.9803, 9.0173, 8.9814, 8.9902, 9.0444, 9.0387, 9.0503, 9.0446, 9.0572, 9.0455, 9.0489, 9.0542, 9.0441, 9.0505, 9.0400, 9.0437, 9.0401, 9.0624, 9.0635, 9.0681, 9.0803, 9.0487, 9.0400, 9.0465, 9.0509, 9.0434, 9.0542, 9.0489, 9.0269, 9.0583, 9.0472, 9.0467, 9.0443, 9.0466, 9.0473, 9.0404, 9.0528, 9.0501, 9.0475, 9.0268, 9.0511, 9.0502, 9.0718, 9.0531, 9.0468, 9.0437, 9.0479, 9.0473, 9.0429, 9.0490, 9.0487, 9.0700, 9.0383, 9.0469, 9.0527, 9.0641, 9.0418, 9.0552, 9.0476, 9.0640, 9.0601, 9.0546, 9.0507, 9.0289, 9.0342, 9.0382, 9.0462, 9.0546, 9.0403, 9.0361, 9.0526, 9.0442, 9.0464, 9.0482, 9.0327, 9.0476, 9.0436, 9.0429, 9.0457, 9.0622, 9.0449, 9.0500, 9.0337, 9.0464, 9.0393, 9.0622, 9.0578, 9.0549, 9.0508, 9.0414, 9.0473, 9.0476, 9.0573, 9.0424, 9.0476, 9.0507, 9.0591, 9.0409, 9.0423, 9.0312, 9.0385, 9.0527, 9.0498, 9.0664, 9.0763, 9.0458, 9.0421, 9.0501, 9.0574, 9.0445, 9.0740, 9.0425, 9.0557, 9.0554, 9.0447, 9.0369, 9.0432, 9.0645, 9.0557, 9.0554, 9.0435, 9.0458, 9.0357, 9.0409, 9.0471, 9.0337, 9.0238, 9.0524, 9.0368, 9.0312, 9.0538, 9.0554, 9.0404, 9.0445, 9.0286, 9.0429, 9.0552, 9.0416, 9.0418, 9.0381, 9.0495, 9.0400, 9.0475, 9.0553, 9.0317, 9.0501
     mean rt (s): 9.0237
   stddev rt (s): 0.0331
       95% ci rt: 0.0043 -> [9.0193, 9.0280]
     coeff ci rt: 0.0004813945825661806
━━━━━━━━━━━━━━━━━━━━━━━━━━━━━━━━━━━━━━━━━━━━━━━━━━━━━━━━━━━━━━━━━━━━━━━━━━━━━━━━━━━━━━━━━━━━━━━━━━━━
━━━━━━━━━━━━━━━━━━━━━━━━━━━━━━━━━━━━━━━━━━━━━━━━━━━━━━━━━━━━━━━━━━━━━━━━━━━━━━━━━━━━━━━━━━━━━━━━━━━━
      test count: 228
          rt (s): 8.9784, 8.9810, 8.9903, 8.9757, 8.9538, 8.9420, 8.9582, 8.9766, 8.9948, 8.9872, 9.0245, 8.9752, 8.9796, 8.9806, 8.9912, 8.9809, 8.9810, 8.9752, 8.9837, 8.9790, 8.9787, 8.9811, 8.9872, 8.9830, 9.0059, 9.0011, 8.9888, 8.9767, 8.9721, 8.9777, 8.9778, 8.9807, 8.9841, 8.9797, 9.0261, 8.9769, 8.9843, 8.9757, 8.9719, 8.9798, 8.9790, 8.9859, 9.0004, 8.9959, 8.9848, 8.9890, 8.9984, 8.9974, 8.9726, 8.9874, 8.9762, 8.9800, 8.9801, 8.9831, 8.9829, 8.9809, 8.9867, 8.9793, 9.0029, 8.9789, 8.9753, 8.9792, 8.9946, 9.0023, 8.9694, 8.9709, 8.9816, 8.9929, 8.9931, 8.9804, 8.9956, 8.9836, 8.9713, 8.9769, 8.9713, 8.9691, 8.9771, 8.9955, 8.9725, 8.9734, 8.9806, 8.9803, 9.0173, 8.9814, 8.9902, 9.0444, 9.0387, 9.0503, 9.0446, 9.0572, 9.0455, 9.0489, 9.0542, 9.0441, 9.0505, 9.0400, 9.0437, 9.0401, 9.0624, 9.0635, 9.0681, 9.0803, 9.0487, 9.0400, 9.0465, 9.0509, 9.0434, 9.0542, 9.0489, 9.0269, 9.0583, 9.0472, 9.0467, 9.0443, 9.0466, 9.0473, 9.0404, 9.0528, 9.0501, 9.0475, 9.0268, 9.0511, 9.0502, 9.0718, 9.0531, 9.0468, 9.0437, 9.0479, 9.0473, 9.0429, 9.0490, 9.0487, 9.0700, 9.0383, 9.0469, 9.0527, 9.0641, 9.0418, 9.0552, 9.0476, 9.0640, 9.0601, 9.0546, 9.0507, 9.0289, 9.0342, 9.0382, 9.0462, 9.0546, 9.0403, 9.0361, 9.0526, 9.0442, 9.0464, 9.0482, 9.0327, 9.0476, 9.0436, 9.0429, 9.0457, 9.0622, 9.0449, 9.0500, 9.0337, 9.0464, 9.0393, 9.0622, 9.0578, 9.0549, 9.0508, 9.0414, 9.0473, 9.0476, 9.0573, 9.0424, 9.0476, 9.0507, 9.0591, 9.0409, 9.0423, 9.0312, 9.0385, 9.0527, 9.0498, 9.0664, 9.0763, 9.0458, 9.0421, 9.0501, 9.0574, 9.0445, 9.0740, 9.0425, 9.0557, 9.0554, 9.0447, 9.0369, 9.0432, 9.0645, 9.0557, 9.0554, 9.0435, 9.0458, 9.0357, 9.0409, 9.0471, 9.0337, 9.0238, 9.0524, 9.0368, 9.0312, 9.0538, 9.0554, 9.0404, 9.0445, 9.0286, 9.0429, 9.0552, 9.0416, 9.0418, 9.0381, 9.0495, 9.0400, 9.0475, 9.0553, 9.0317, 9.0501, 9.0406
     mean rt (s): 9.0237
   stddev rt (s): 0.0331
       95% ci rt: 0.0043 -> [9.0194, 9.0281]
     coeff ci rt: 0.00047953794698656017
━━━━━━━━━━━━━━━━━━━━━━━━━━━━━━━━━━━━━━━━━━━━━━━━━━━━━━━━━━━━━━━━━━━━━━━━━━━━━━━━━━━━━━━━━━━━━━━━━━━━
━━━━━━━━━━━━━━━━━━━━━━━━━━━━━━━━━━━━━━━━━━━━━━━━━━━━━━━━━━━━━━━━━━━━━━━━━━━━━━━━━━━━━━━━━━━━━━━━━━━━
      test count: 229
          rt (s): 8.9784, 8.9810, 8.9903, 8.9757, 8.9538, 8.9420, 8.9582, 8.9766, 8.9948, 8.9872, 9.0245, 8.9752, 8.9796, 8.9806, 8.9912, 8.9809, 8.9810, 8.9752, 8.9837, 8.9790, 8.9787, 8.9811, 8.9872, 8.9830, 9.0059, 9.0011, 8.9888, 8.9767, 8.9721, 8.9777, 8.9778, 8.9807, 8.9841, 8.9797, 9.0261, 8.9769, 8.9843, 8.9757, 8.9719, 8.9798, 8.9790, 8.9859, 9.0004, 8.9959, 8.9848, 8.9890, 8.9984, 8.9974, 8.9726, 8.9874, 8.9762, 8.9800, 8.9801, 8.9831, 8.9829, 8.9809, 8.9867, 8.9793, 9.0029, 8.9789, 8.9753, 8.9792, 8.9946, 9.0023, 8.9694, 8.9709, 8.9816, 8.9929, 8.9931, 8.9804, 8.9956, 8.9836, 8.9713, 8.9769, 8.9713, 8.9691, 8.9771, 8.9955, 8.9725, 8.9734, 8.9806, 8.9803, 9.0173, 8.9814, 8.9902, 9.0444, 9.0387, 9.0503, 9.0446, 9.0572, 9.0455, 9.0489, 9.0542, 9.0441, 9.0505, 9.0400, 9.0437, 9.0401, 9.0624, 9.0635, 9.0681, 9.0803, 9.0487, 9.0400, 9.0465, 9.0509, 9.0434, 9.0542, 9.0489, 9.0269, 9.0583, 9.0472, 9.0467, 9.0443, 9.0466, 9.0473, 9.0404, 9.0528, 9.0501, 9.0475, 9.0268, 9.0511, 9.0502, 9.0718, 9.0531, 9.0468, 9.0437, 9.0479, 9.0473, 9.0429, 9.0490, 9.0487, 9.0700, 9.0383, 9.0469, 9.0527, 9.0641, 9.0418, 9.0552, 9.0476, 9.0640, 9.0601, 9.0546, 9.0507, 9.0289, 9.0342, 9.0382, 9.0462, 9.0546, 9.0403, 9.0361, 9.0526, 9.0442, 9.0464, 9.0482, 9.0327, 9.0476, 9.0436, 9.0429, 9.0457, 9.0622, 9.0449, 9.0500, 9.0337, 9.0464, 9.0393, 9.0622, 9.0578, 9.0549, 9.0508, 9.0414, 9.0473, 9.0476, 9.0573, 9.0424, 9.0476, 9.0507, 9.0591, 9.0409, 9.0423, 9.0312, 9.0385, 9.0527, 9.0498, 9.0664, 9.0763, 9.0458, 9.0421, 9.0501, 9.0574, 9.0445, 9.0740, 9.0425, 9.0557, 9.0554, 9.0447, 9.0369, 9.0432, 9.0645, 9.0557, 9.0554, 9.0435, 9.0458, 9.0357, 9.0409, 9.0471, 9.0337, 9.0238, 9.0524, 9.0368, 9.0312, 9.0538, 9.0554, 9.0404, 9.0445, 9.0286, 9.0429, 9.0552, 9.0416, 9.0418, 9.0381, 9.0495, 9.0400, 9.0475, 9.0553, 9.0317, 9.0501, 9.0406, 9.0390
     mean rt (s): 9.0238
   stddev rt (s): 0.0330
       95% ci rt: 0.0043 -> [9.0195, 9.0281]
     coeff ci rt: 0.0004776465612852856
━━━━━━━━━━━━━━━━━━━━━━━━━━━━━━━━━━━━━━━━━━━━━━━━━━━━━━━━━━━━━━━━━━━━━━━━━━━━━━━━━━━━━━━━━━━━━━━━━━━━
━━━━━━━━━━━━━━━━━━━━━━━━━━━━━━━━━━━━━━━━━━━━━━━━━━━━━━━━━━━━━━━━━━━━━━━━━━━━━━━━━━━━━━━━━━━━━━━━━━━━
      test count: 230
          rt (s): 8.9784, 8.9810, 8.9903, 8.9757, 8.9538, 8.9420, 8.9582, 8.9766, 8.9948, 8.9872, 9.0245, 8.9752, 8.9796, 8.9806, 8.9912, 8.9809, 8.9810, 8.9752, 8.9837, 8.9790, 8.9787, 8.9811, 8.9872, 8.9830, 9.0059, 9.0011, 8.9888, 8.9767, 8.9721, 8.9777, 8.9778, 8.9807, 8.9841, 8.9797, 9.0261, 8.9769, 8.9843, 8.9757, 8.9719, 8.9798, 8.9790, 8.9859, 9.0004, 8.9959, 8.9848, 8.9890, 8.9984, 8.9974, 8.9726, 8.9874, 8.9762, 8.9800, 8.9801, 8.9831, 8.9829, 8.9809, 8.9867, 8.9793, 9.0029, 8.9789, 8.9753, 8.9792, 8.9946, 9.0023, 8.9694, 8.9709, 8.9816, 8.9929, 8.9931, 8.9804, 8.9956, 8.9836, 8.9713, 8.9769, 8.9713, 8.9691, 8.9771, 8.9955, 8.9725, 8.9734, 8.9806, 8.9803, 9.0173, 8.9814, 8.9902, 9.0444, 9.0387, 9.0503, 9.0446, 9.0572, 9.0455, 9.0489, 9.0542, 9.0441, 9.0505, 9.0400, 9.0437, 9.0401, 9.0624, 9.0635, 9.0681, 9.0803, 9.0487, 9.0400, 9.0465, 9.0509, 9.0434, 9.0542, 9.0489, 9.0269, 9.0583, 9.0472, 9.0467, 9.0443, 9.0466, 9.0473, 9.0404, 9.0528, 9.0501, 9.0475, 9.0268, 9.0511, 9.0502, 9.0718, 9.0531, 9.0468, 9.0437, 9.0479, 9.0473, 9.0429, 9.0490, 9.0487, 9.0700, 9.0383, 9.0469, 9.0527, 9.0641, 9.0418, 9.0552, 9.0476, 9.0640, 9.0601, 9.0546, 9.0507, 9.0289, 9.0342, 9.0382, 9.0462, 9.0546, 9.0403, 9.0361, 9.0526, 9.0442, 9.0464, 9.0482, 9.0327, 9.0476, 9.0436, 9.0429, 9.0457, 9.0622, 9.0449, 9.0500, 9.0337, 9.0464, 9.0393, 9.0622, 9.0578, 9.0549, 9.0508, 9.0414, 9.0473, 9.0476, 9.0573, 9.0424, 9.0476, 9.0507, 9.0591, 9.0409, 9.0423, 9.0312, 9.0385, 9.0527, 9.0498, 9.0664, 9.0763, 9.0458, 9.0421, 9.0501, 9.0574, 9.0445, 9.0740, 9.0425, 9.0557, 9.0554, 9.0447, 9.0369, 9.0432, 9.0645, 9.0557, 9.0554, 9.0435, 9.0458, 9.0357, 9.0409, 9.0471, 9.0337, 9.0238, 9.0524, 9.0368, 9.0312, 9.0538, 9.0554, 9.0404, 9.0445, 9.0286, 9.0429, 9.0552, 9.0416, 9.0418, 9.0381, 9.0495, 9.0400, 9.0475, 9.0553, 9.0317, 9.0501, 9.0406, 9.0390, 9.0434
     mean rt (s): 9.0239
   stddev rt (s): 0.0330
       95% ci rt: 0.0043 -> [9.0196, 9.0282]
     coeff ci rt: 0.0004759137874806913
━━━━━━━━━━━━━━━━━━━━━━━━━━━━━━━━━━━━━━━━━━━━━━━━━━━━━━━━━━━━━━━━━━━━━━━━━━━━━━━━━━━━━━━━━━━━━━━━━━━━
━━━━━━━━━━━━━━━━━━━━━━━━━━━━━━━━━━━━━━━━━━━━━━━━━━━━━━━━━━━━━━━━━━━━━━━━━━━━━━━━━━━━━━━━━━━━━━━━━━━━
      test count: 231
          rt (s): 8.9784, 8.9810, 8.9903, 8.9757, 8.9538, 8.9420, 8.9582, 8.9766, 8.9948, 8.9872, 9.0245, 8.9752, 8.9796, 8.9806, 8.9912, 8.9809, 8.9810, 8.9752, 8.9837, 8.9790, 8.9787, 8.9811, 8.9872, 8.9830, 9.0059, 9.0011, 8.9888, 8.9767, 8.9721, 8.9777, 8.9778, 8.9807, 8.9841, 8.9797, 9.0261, 8.9769, 8.9843, 8.9757, 8.9719, 8.9798, 8.9790, 8.9859, 9.0004, 8.9959, 8.9848, 8.9890, 8.9984, 8.9974, 8.9726, 8.9874, 8.9762, 8.9800, 8.9801, 8.9831, 8.9829, 8.9809, 8.9867, 8.9793, 9.0029, 8.9789, 8.9753, 8.9792, 8.9946, 9.0023, 8.9694, 8.9709, 8.9816, 8.9929, 8.9931, 8.9804, 8.9956, 8.9836, 8.9713, 8.9769, 8.9713, 8.9691, 8.9771, 8.9955, 8.9725, 8.9734, 8.9806, 8.9803, 9.0173, 8.9814, 8.9902, 9.0444, 9.0387, 9.0503, 9.0446, 9.0572, 9.0455, 9.0489, 9.0542, 9.0441, 9.0505, 9.0400, 9.0437, 9.0401, 9.0624, 9.0635, 9.0681, 9.0803, 9.0487, 9.0400, 9.0465, 9.0509, 9.0434, 9.0542, 9.0489, 9.0269, 9.0583, 9.0472, 9.0467, 9.0443, 9.0466, 9.0473, 9.0404, 9.0528, 9.0501, 9.0475, 9.0268, 9.0511, 9.0502, 9.0718, 9.0531, 9.0468, 9.0437, 9.0479, 9.0473, 9.0429, 9.0490, 9.0487, 9.0700, 9.0383, 9.0469, 9.0527, 9.0641, 9.0418, 9.0552, 9.0476, 9.0640, 9.0601, 9.0546, 9.0507, 9.0289, 9.0342, 9.0382, 9.0462, 9.0546, 9.0403, 9.0361, 9.0526, 9.0442, 9.0464, 9.0482, 9.0327, 9.0476, 9.0436, 9.0429, 9.0457, 9.0622, 9.0449, 9.0500, 9.0337, 9.0464, 9.0393, 9.0622, 9.0578, 9.0549, 9.0508, 9.0414, 9.0473, 9.0476, 9.0573, 9.0424, 9.0476, 9.0507, 9.0591, 9.0409, 9.0423, 9.0312, 9.0385, 9.0527, 9.0498, 9.0664, 9.0763, 9.0458, 9.0421, 9.0501, 9.0574, 9.0445, 9.0740, 9.0425, 9.0557, 9.0554, 9.0447, 9.0369, 9.0432, 9.0645, 9.0557, 9.0554, 9.0435, 9.0458, 9.0357, 9.0409, 9.0471, 9.0337, 9.0238, 9.0524, 9.0368, 9.0312, 9.0538, 9.0554, 9.0404, 9.0445, 9.0286, 9.0429, 9.0552, 9.0416, 9.0418, 9.0381, 9.0495, 9.0400, 9.0475, 9.0553, 9.0317, 9.0501, 9.0406, 9.0390, 9.0434, 9.0490
     mean rt (s): 9.0240
   stddev rt (s): 0.0330
       95% ci rt: 0.0043 -> [9.0197, 9.0283]
     coeff ci rt: 0.00047442690476532084
━━━━━━━━━━━━━━━━━━━━━━━━━━━━━━━━━━━━━━━━━━━━━━━━━━━━━━━━━━━━━━━━━━━━━━━━━━━━━━━━━━━━━━━━━━━━━━━━━━━━
━━━━━━━━━━━━━━━━━━━━━━━━━━━━━━━━━━━━━━━━━━━━━━━━━━━━━━━━━━━━━━━━━━━━━━━━━━━━━━━━━━━━━━━━━━━━━━━━━━━━
      test count: 232
          rt (s): 8.9784, 8.9810, 8.9903, 8.9757, 8.9538, 8.9420, 8.9582, 8.9766, 8.9948, 8.9872, 9.0245, 8.9752, 8.9796, 8.9806, 8.9912, 8.9809, 8.9810, 8.9752, 8.9837, 8.9790, 8.9787, 8.9811, 8.9872, 8.9830, 9.0059, 9.0011, 8.9888, 8.9767, 8.9721, 8.9777, 8.9778, 8.9807, 8.9841, 8.9797, 9.0261, 8.9769, 8.9843, 8.9757, 8.9719, 8.9798, 8.9790, 8.9859, 9.0004, 8.9959, 8.9848, 8.9890, 8.9984, 8.9974, 8.9726, 8.9874, 8.9762, 8.9800, 8.9801, 8.9831, 8.9829, 8.9809, 8.9867, 8.9793, 9.0029, 8.9789, 8.9753, 8.9792, 8.9946, 9.0023, 8.9694, 8.9709, 8.9816, 8.9929, 8.9931, 8.9804, 8.9956, 8.9836, 8.9713, 8.9769, 8.9713, 8.9691, 8.9771, 8.9955, 8.9725, 8.9734, 8.9806, 8.9803, 9.0173, 8.9814, 8.9902, 9.0444, 9.0387, 9.0503, 9.0446, 9.0572, 9.0455, 9.0489, 9.0542, 9.0441, 9.0505, 9.0400, 9.0437, 9.0401, 9.0624, 9.0635, 9.0681, 9.0803, 9.0487, 9.0400, 9.0465, 9.0509, 9.0434, 9.0542, 9.0489, 9.0269, 9.0583, 9.0472, 9.0467, 9.0443, 9.0466, 9.0473, 9.0404, 9.0528, 9.0501, 9.0475, 9.0268, 9.0511, 9.0502, 9.0718, 9.0531, 9.0468, 9.0437, 9.0479, 9.0473, 9.0429, 9.0490, 9.0487, 9.0700, 9.0383, 9.0469, 9.0527, 9.0641, 9.0418, 9.0552, 9.0476, 9.0640, 9.0601, 9.0546, 9.0507, 9.0289, 9.0342, 9.0382, 9.0462, 9.0546, 9.0403, 9.0361, 9.0526, 9.0442, 9.0464, 9.0482, 9.0327, 9.0476, 9.0436, 9.0429, 9.0457, 9.0622, 9.0449, 9.0500, 9.0337, 9.0464, 9.0393, 9.0622, 9.0578, 9.0549, 9.0508, 9.0414, 9.0473, 9.0476, 9.0573, 9.0424, 9.0476, 9.0507, 9.0591, 9.0409, 9.0423, 9.0312, 9.0385, 9.0527, 9.0498, 9.0664, 9.0763, 9.0458, 9.0421, 9.0501, 9.0574, 9.0445, 9.0740, 9.0425, 9.0557, 9.0554, 9.0447, 9.0369, 9.0432, 9.0645, 9.0557, 9.0554, 9.0435, 9.0458, 9.0357, 9.0409, 9.0471, 9.0337, 9.0238, 9.0524, 9.0368, 9.0312, 9.0538, 9.0554, 9.0404, 9.0445, 9.0286, 9.0429, 9.0552, 9.0416, 9.0418, 9.0381, 9.0495, 9.0400, 9.0475, 9.0553, 9.0317, 9.0501, 9.0406, 9.0390, 9.0434, 9.0490, 9.0777
     mean rt (s): 9.0242
   stddev rt (s): 0.0331
       95% ci rt: 0.0043 -> [9.0199, 9.0285]
     coeff ci rt: 0.0004750513707103542
━━━━━━━━━━━━━━━━━━━━━━━━━━━━━━━━━━━━━━━━━━━━━━━━━━━━━━━━━━━━━━━━━━━━━━━━━━━━━━━━━━━━━━━━━━━━━━━━━━━━
━━━━━━━━━━━━━━━━━━━━━━━━━━━━━━━━━━━━━━━━━━━━━━━━━━━━━━━━━━━━━━━━━━━━━━━━━━━━━━━━━━━━━━━━━━━━━━━━━━━━
      test count: 233
          rt (s): 8.9784, 8.9810, 8.9903, 8.9757, 8.9538, 8.9420, 8.9582, 8.9766, 8.9948, 8.9872, 9.0245, 8.9752, 8.9796, 8.9806, 8.9912, 8.9809, 8.9810, 8.9752, 8.9837, 8.9790, 8.9787, 8.9811, 8.9872, 8.9830, 9.0059, 9.0011, 8.9888, 8.9767, 8.9721, 8.9777, 8.9778, 8.9807, 8.9841, 8.9797, 9.0261, 8.9769, 8.9843, 8.9757, 8.9719, 8.9798, 8.9790, 8.9859, 9.0004, 8.9959, 8.9848, 8.9890, 8.9984, 8.9974, 8.9726, 8.9874, 8.9762, 8.9800, 8.9801, 8.9831, 8.9829, 8.9809, 8.9867, 8.9793, 9.0029, 8.9789, 8.9753, 8.9792, 8.9946, 9.0023, 8.9694, 8.9709, 8.9816, 8.9929, 8.9931, 8.9804, 8.9956, 8.9836, 8.9713, 8.9769, 8.9713, 8.9691, 8.9771, 8.9955, 8.9725, 8.9734, 8.9806, 8.9803, 9.0173, 8.9814, 8.9902, 9.0444, 9.0387, 9.0503, 9.0446, 9.0572, 9.0455, 9.0489, 9.0542, 9.0441, 9.0505, 9.0400, 9.0437, 9.0401, 9.0624, 9.0635, 9.0681, 9.0803, 9.0487, 9.0400, 9.0465, 9.0509, 9.0434, 9.0542, 9.0489, 9.0269, 9.0583, 9.0472, 9.0467, 9.0443, 9.0466, 9.0473, 9.0404, 9.0528, 9.0501, 9.0475, 9.0268, 9.0511, 9.0502, 9.0718, 9.0531, 9.0468, 9.0437, 9.0479, 9.0473, 9.0429, 9.0490, 9.0487, 9.0700, 9.0383, 9.0469, 9.0527, 9.0641, 9.0418, 9.0552, 9.0476, 9.0640, 9.0601, 9.0546, 9.0507, 9.0289, 9.0342, 9.0382, 9.0462, 9.0546, 9.0403, 9.0361, 9.0526, 9.0442, 9.0464, 9.0482, 9.0327, 9.0476, 9.0436, 9.0429, 9.0457, 9.0622, 9.0449, 9.0500, 9.0337, 9.0464, 9.0393, 9.0622, 9.0578, 9.0549, 9.0508, 9.0414, 9.0473, 9.0476, 9.0573, 9.0424, 9.0476, 9.0507, 9.0591, 9.0409, 9.0423, 9.0312, 9.0385, 9.0527, 9.0498, 9.0664, 9.0763, 9.0458, 9.0421, 9.0501, 9.0574, 9.0445, 9.0740, 9.0425, 9.0557, 9.0554, 9.0447, 9.0369, 9.0432, 9.0645, 9.0557, 9.0554, 9.0435, 9.0458, 9.0357, 9.0409, 9.0471, 9.0337, 9.0238, 9.0524, 9.0368, 9.0312, 9.0538, 9.0554, 9.0404, 9.0445, 9.0286, 9.0429, 9.0552, 9.0416, 9.0418, 9.0381, 9.0495, 9.0400, 9.0475, 9.0553, 9.0317, 9.0501, 9.0406, 9.0390, 9.0434, 9.0490, 9.0777, 9.0485
     mean rt (s): 9.0243
   stddev rt (s): 0.0330
       95% ci rt: 0.0043 -> [9.0201, 9.0286]
     coeff ci rt: 0.00047353872104420516
━━━━━━━━━━━━━━━━━━━━━━━━━━━━━━━━━━━━━━━━━━━━━━━━━━━━━━━━━━━━━━━━━━━━━━━━━━━━━━━━━━━━━━━━━━━━━━━━━━━━
━━━━━━━━━━━━━━━━━━━━━━━━━━━━━━━━━━━━━━━━━━━━━━━━━━━━━━━━━━━━━━━━━━━━━━━━━━━━━━━━━━━━━━━━━━━━━━━━━━━━
      test count: 234
          rt (s): 8.9784, 8.9810, 8.9903, 8.9757, 8.9538, 8.9420, 8.9582, 8.9766, 8.9948, 8.9872, 9.0245, 8.9752, 8.9796, 8.9806, 8.9912, 8.9809, 8.9810, 8.9752, 8.9837, 8.9790, 8.9787, 8.9811, 8.9872, 8.9830, 9.0059, 9.0011, 8.9888, 8.9767, 8.9721, 8.9777, 8.9778, 8.9807, 8.9841, 8.9797, 9.0261, 8.9769, 8.9843, 8.9757, 8.9719, 8.9798, 8.9790, 8.9859, 9.0004, 8.9959, 8.9848, 8.9890, 8.9984, 8.9974, 8.9726, 8.9874, 8.9762, 8.9800, 8.9801, 8.9831, 8.9829, 8.9809, 8.9867, 8.9793, 9.0029, 8.9789, 8.9753, 8.9792, 8.9946, 9.0023, 8.9694, 8.9709, 8.9816, 8.9929, 8.9931, 8.9804, 8.9956, 8.9836, 8.9713, 8.9769, 8.9713, 8.9691, 8.9771, 8.9955, 8.9725, 8.9734, 8.9806, 8.9803, 9.0173, 8.9814, 8.9902, 9.0444, 9.0387, 9.0503, 9.0446, 9.0572, 9.0455, 9.0489, 9.0542, 9.0441, 9.0505, 9.0400, 9.0437, 9.0401, 9.0624, 9.0635, 9.0681, 9.0803, 9.0487, 9.0400, 9.0465, 9.0509, 9.0434, 9.0542, 9.0489, 9.0269, 9.0583, 9.0472, 9.0467, 9.0443, 9.0466, 9.0473, 9.0404, 9.0528, 9.0501, 9.0475, 9.0268, 9.0511, 9.0502, 9.0718, 9.0531, 9.0468, 9.0437, 9.0479, 9.0473, 9.0429, 9.0490, 9.0487, 9.0700, 9.0383, 9.0469, 9.0527, 9.0641, 9.0418, 9.0552, 9.0476, 9.0640, 9.0601, 9.0546, 9.0507, 9.0289, 9.0342, 9.0382, 9.0462, 9.0546, 9.0403, 9.0361, 9.0526, 9.0442, 9.0464, 9.0482, 9.0327, 9.0476, 9.0436, 9.0429, 9.0457, 9.0622, 9.0449, 9.0500, 9.0337, 9.0464, 9.0393, 9.0622, 9.0578, 9.0549, 9.0508, 9.0414, 9.0473, 9.0476, 9.0573, 9.0424, 9.0476, 9.0507, 9.0591, 9.0409, 9.0423, 9.0312, 9.0385, 9.0527, 9.0498, 9.0664, 9.0763, 9.0458, 9.0421, 9.0501, 9.0574, 9.0445, 9.0740, 9.0425, 9.0557, 9.0554, 9.0447, 9.0369, 9.0432, 9.0645, 9.0557, 9.0554, 9.0435, 9.0458, 9.0357, 9.0409, 9.0471, 9.0337, 9.0238, 9.0524, 9.0368, 9.0312, 9.0538, 9.0554, 9.0404, 9.0445, 9.0286, 9.0429, 9.0552, 9.0416, 9.0418, 9.0381, 9.0495, 9.0400, 9.0475, 9.0553, 9.0317, 9.0501, 9.0406, 9.0390, 9.0434, 9.0490, 9.0777, 9.0485, 9.0409
     mean rt (s): 9.0244
   stddev rt (s): 0.0330
       95% ci rt: 0.0043 -> [9.0201, 9.0287]
     coeff ci rt: 0.000471749919822387
━━━━━━━━━━━━━━━━━━━━━━━━━━━━━━━━━━━━━━━━━━━━━━━━━━━━━━━━━━━━━━━━━━━━━━━━━━━━━━━━━━━━━━━━━━━━━━━━━━━━
━━━━━━━━━━━━━━━━━━━━━━━━━━━━━━━━━━━━━━━━━━━━━━━━━━━━━━━━━━━━━━━━━━━━━━━━━━━━━━━━━━━━━━━━━━━━━━━━━━━━
      test count: 235
          rt (s): 8.9784, 8.9810, 8.9903, 8.9757, 8.9538, 8.9420, 8.9582, 8.9766, 8.9948, 8.9872, 9.0245, 8.9752, 8.9796, 8.9806, 8.9912, 8.9809, 8.9810, 8.9752, 8.9837, 8.9790, 8.9787, 8.9811, 8.9872, 8.9830, 9.0059, 9.0011, 8.9888, 8.9767, 8.9721, 8.9777, 8.9778, 8.9807, 8.9841, 8.9797, 9.0261, 8.9769, 8.9843, 8.9757, 8.9719, 8.9798, 8.9790, 8.9859, 9.0004, 8.9959, 8.9848, 8.9890, 8.9984, 8.9974, 8.9726, 8.9874, 8.9762, 8.9800, 8.9801, 8.9831, 8.9829, 8.9809, 8.9867, 8.9793, 9.0029, 8.9789, 8.9753, 8.9792, 8.9946, 9.0023, 8.9694, 8.9709, 8.9816, 8.9929, 8.9931, 8.9804, 8.9956, 8.9836, 8.9713, 8.9769, 8.9713, 8.9691, 8.9771, 8.9955, 8.9725, 8.9734, 8.9806, 8.9803, 9.0173, 8.9814, 8.9902, 9.0444, 9.0387, 9.0503, 9.0446, 9.0572, 9.0455, 9.0489, 9.0542, 9.0441, 9.0505, 9.0400, 9.0437, 9.0401, 9.0624, 9.0635, 9.0681, 9.0803, 9.0487, 9.0400, 9.0465, 9.0509, 9.0434, 9.0542, 9.0489, 9.0269, 9.0583, 9.0472, 9.0467, 9.0443, 9.0466, 9.0473, 9.0404, 9.0528, 9.0501, 9.0475, 9.0268, 9.0511, 9.0502, 9.0718, 9.0531, 9.0468, 9.0437, 9.0479, 9.0473, 9.0429, 9.0490, 9.0487, 9.0700, 9.0383, 9.0469, 9.0527, 9.0641, 9.0418, 9.0552, 9.0476, 9.0640, 9.0601, 9.0546, 9.0507, 9.0289, 9.0342, 9.0382, 9.0462, 9.0546, 9.0403, 9.0361, 9.0526, 9.0442, 9.0464, 9.0482, 9.0327, 9.0476, 9.0436, 9.0429, 9.0457, 9.0622, 9.0449, 9.0500, 9.0337, 9.0464, 9.0393, 9.0622, 9.0578, 9.0549, 9.0508, 9.0414, 9.0473, 9.0476, 9.0573, 9.0424, 9.0476, 9.0507, 9.0591, 9.0409, 9.0423, 9.0312, 9.0385, 9.0527, 9.0498, 9.0664, 9.0763, 9.0458, 9.0421, 9.0501, 9.0574, 9.0445, 9.0740, 9.0425, 9.0557, 9.0554, 9.0447, 9.0369, 9.0432, 9.0645, 9.0557, 9.0554, 9.0435, 9.0458, 9.0357, 9.0409, 9.0471, 9.0337, 9.0238, 9.0524, 9.0368, 9.0312, 9.0538, 9.0554, 9.0404, 9.0445, 9.0286, 9.0429, 9.0552, 9.0416, 9.0418, 9.0381, 9.0495, 9.0400, 9.0475, 9.0553, 9.0317, 9.0501, 9.0406, 9.0390, 9.0434, 9.0490, 9.0777, 9.0485, 9.0409, 9.0392
     mean rt (s): 9.0245
   stddev rt (s): 0.0329
       95% ci rt: 0.0042 -> [9.0202, 9.0287]
     coeff ci rt: 0.0004699257068892182
━━━━━━━━━━━━━━━━━━━━━━━━━━━━━━━━━━━━━━━━━━━━━━━━━━━━━━━━━━━━━━━━━━━━━━━━━━━━━━━━━━━━━━━━━━━━━━━━━━━━
━━━━━━━━━━━━━━━━━━━━━━━━━━━━━━━━━━━━━━━━━━━━━━━━━━━━━━━━━━━━━━━━━━━━━━━━━━━━━━━━━━━━━━━━━━━━━━━━━━━━
      test count: 236
          rt (s): 8.9784, 8.9810, 8.9903, 8.9757, 8.9538, 8.9420, 8.9582, 8.9766, 8.9948, 8.9872, 9.0245, 8.9752, 8.9796, 8.9806, 8.9912, 8.9809, 8.9810, 8.9752, 8.9837, 8.9790, 8.9787, 8.9811, 8.9872, 8.9830, 9.0059, 9.0011, 8.9888, 8.9767, 8.9721, 8.9777, 8.9778, 8.9807, 8.9841, 8.9797, 9.0261, 8.9769, 8.9843, 8.9757, 8.9719, 8.9798, 8.9790, 8.9859, 9.0004, 8.9959, 8.9848, 8.9890, 8.9984, 8.9974, 8.9726, 8.9874, 8.9762, 8.9800, 8.9801, 8.9831, 8.9829, 8.9809, 8.9867, 8.9793, 9.0029, 8.9789, 8.9753, 8.9792, 8.9946, 9.0023, 8.9694, 8.9709, 8.9816, 8.9929, 8.9931, 8.9804, 8.9956, 8.9836, 8.9713, 8.9769, 8.9713, 8.9691, 8.9771, 8.9955, 8.9725, 8.9734, 8.9806, 8.9803, 9.0173, 8.9814, 8.9902, 9.0444, 9.0387, 9.0503, 9.0446, 9.0572, 9.0455, 9.0489, 9.0542, 9.0441, 9.0505, 9.0400, 9.0437, 9.0401, 9.0624, 9.0635, 9.0681, 9.0803, 9.0487, 9.0400, 9.0465, 9.0509, 9.0434, 9.0542, 9.0489, 9.0269, 9.0583, 9.0472, 9.0467, 9.0443, 9.0466, 9.0473, 9.0404, 9.0528, 9.0501, 9.0475, 9.0268, 9.0511, 9.0502, 9.0718, 9.0531, 9.0468, 9.0437, 9.0479, 9.0473, 9.0429, 9.0490, 9.0487, 9.0700, 9.0383, 9.0469, 9.0527, 9.0641, 9.0418, 9.0552, 9.0476, 9.0640, 9.0601, 9.0546, 9.0507, 9.0289, 9.0342, 9.0382, 9.0462, 9.0546, 9.0403, 9.0361, 9.0526, 9.0442, 9.0464, 9.0482, 9.0327, 9.0476, 9.0436, 9.0429, 9.0457, 9.0622, 9.0449, 9.0500, 9.0337, 9.0464, 9.0393, 9.0622, 9.0578, 9.0549, 9.0508, 9.0414, 9.0473, 9.0476, 9.0573, 9.0424, 9.0476, 9.0507, 9.0591, 9.0409, 9.0423, 9.0312, 9.0385, 9.0527, 9.0498, 9.0664, 9.0763, 9.0458, 9.0421, 9.0501, 9.0574, 9.0445, 9.0740, 9.0425, 9.0557, 9.0554, 9.0447, 9.0369, 9.0432, 9.0645, 9.0557, 9.0554, 9.0435, 9.0458, 9.0357, 9.0409, 9.0471, 9.0337, 9.0238, 9.0524, 9.0368, 9.0312, 9.0538, 9.0554, 9.0404, 9.0445, 9.0286, 9.0429, 9.0552, 9.0416, 9.0418, 9.0381, 9.0495, 9.0400, 9.0475, 9.0553, 9.0317, 9.0501, 9.0406, 9.0390, 9.0434, 9.0490, 9.0777, 9.0485, 9.0409, 9.0392, 9.0500
     mean rt (s): 9.0246
   stddev rt (s): 0.0329
       95% ci rt: 0.0042 -> [9.0203, 9.0288]
     coeff ci rt: 0.0004685103741122479
━━━━━━━━━━━━━━━━━━━━━━━━━━━━━━━━━━━━━━━━━━━━━━━━━━━━━━━━━━━━━━━━━━━━━━━━━━━━━━━━━━━━━━━━━━━━━━━━━━━━
━━━━━━━━━━━━━━━━━━━━━━━━━━━━━━━━━━━━━━━━━━━━━━━━━━━━━━━━━━━━━━━━━━━━━━━━━━━━━━━━━━━━━━━━━━━━━━━━━━━━
      test count: 237
          rt (s): 8.9784, 8.9810, 8.9903, 8.9757, 8.9538, 8.9420, 8.9582, 8.9766, 8.9948, 8.9872, 9.0245, 8.9752, 8.9796, 8.9806, 8.9912, 8.9809, 8.9810, 8.9752, 8.9837, 8.9790, 8.9787, 8.9811, 8.9872, 8.9830, 9.0059, 9.0011, 8.9888, 8.9767, 8.9721, 8.9777, 8.9778, 8.9807, 8.9841, 8.9797, 9.0261, 8.9769, 8.9843, 8.9757, 8.9719, 8.9798, 8.9790, 8.9859, 9.0004, 8.9959, 8.9848, 8.9890, 8.9984, 8.9974, 8.9726, 8.9874, 8.9762, 8.9800, 8.9801, 8.9831, 8.9829, 8.9809, 8.9867, 8.9793, 9.0029, 8.9789, 8.9753, 8.9792, 8.9946, 9.0023, 8.9694, 8.9709, 8.9816, 8.9929, 8.9931, 8.9804, 8.9956, 8.9836, 8.9713, 8.9769, 8.9713, 8.9691, 8.9771, 8.9955, 8.9725, 8.9734, 8.9806, 8.9803, 9.0173, 8.9814, 8.9902, 9.0444, 9.0387, 9.0503, 9.0446, 9.0572, 9.0455, 9.0489, 9.0542, 9.0441, 9.0505, 9.0400, 9.0437, 9.0401, 9.0624, 9.0635, 9.0681, 9.0803, 9.0487, 9.0400, 9.0465, 9.0509, 9.0434, 9.0542, 9.0489, 9.0269, 9.0583, 9.0472, 9.0467, 9.0443, 9.0466, 9.0473, 9.0404, 9.0528, 9.0501, 9.0475, 9.0268, 9.0511, 9.0502, 9.0718, 9.0531, 9.0468, 9.0437, 9.0479, 9.0473, 9.0429, 9.0490, 9.0487, 9.0700, 9.0383, 9.0469, 9.0527, 9.0641, 9.0418, 9.0552, 9.0476, 9.0640, 9.0601, 9.0546, 9.0507, 9.0289, 9.0342, 9.0382, 9.0462, 9.0546, 9.0403, 9.0361, 9.0526, 9.0442, 9.0464, 9.0482, 9.0327, 9.0476, 9.0436, 9.0429, 9.0457, 9.0622, 9.0449, 9.0500, 9.0337, 9.0464, 9.0393, 9.0622, 9.0578, 9.0549, 9.0508, 9.0414, 9.0473, 9.0476, 9.0573, 9.0424, 9.0476, 9.0507, 9.0591, 9.0409, 9.0423, 9.0312, 9.0385, 9.0527, 9.0498, 9.0664, 9.0763, 9.0458, 9.0421, 9.0501, 9.0574, 9.0445, 9.0740, 9.0425, 9.0557, 9.0554, 9.0447, 9.0369, 9.0432, 9.0645, 9.0557, 9.0554, 9.0435, 9.0458, 9.0357, 9.0409, 9.0471, 9.0337, 9.0238, 9.0524, 9.0368, 9.0312, 9.0538, 9.0554, 9.0404, 9.0445, 9.0286, 9.0429, 9.0552, 9.0416, 9.0418, 9.0381, 9.0495, 9.0400, 9.0475, 9.0553, 9.0317, 9.0501, 9.0406, 9.0390, 9.0434, 9.0490, 9.0777, 9.0485, 9.0409, 9.0392, 9.0500, 9.0286
     mean rt (s): 9.0246
   stddev rt (s): 0.0328
       95% ci rt: 0.0042 -> [9.0204, 9.0288]
     coeff ci rt: 0.0004665330242207559
━━━━━━━━━━━━━━━━━━━━━━━━━━━━━━━━━━━━━━━━━━━━━━━━━━━━━━━━━━━━━━━━━━━━━━━━━━━━━━━━━━━━━━━━━━━━━━━━━━━━
━━━━━━━━━━━━━━━━━━━━━━━━━━━━━━━━━━━━━━━━━━━━━━━━━━━━━━━━━━━━━━━━━━━━━━━━━━━━━━━━━━━━━━━━━━━━━━━━━━━━
      test count: 238
          rt (s): 8.9784, 8.9810, 8.9903, 8.9757, 8.9538, 8.9420, 8.9582, 8.9766, 8.9948, 8.9872, 9.0245, 8.9752, 8.9796, 8.9806, 8.9912, 8.9809, 8.9810, 8.9752, 8.9837, 8.9790, 8.9787, 8.9811, 8.9872, 8.9830, 9.0059, 9.0011, 8.9888, 8.9767, 8.9721, 8.9777, 8.9778, 8.9807, 8.9841, 8.9797, 9.0261, 8.9769, 8.9843, 8.9757, 8.9719, 8.9798, 8.9790, 8.9859, 9.0004, 8.9959, 8.9848, 8.9890, 8.9984, 8.9974, 8.9726, 8.9874, 8.9762, 8.9800, 8.9801, 8.9831, 8.9829, 8.9809, 8.9867, 8.9793, 9.0029, 8.9789, 8.9753, 8.9792, 8.9946, 9.0023, 8.9694, 8.9709, 8.9816, 8.9929, 8.9931, 8.9804, 8.9956, 8.9836, 8.9713, 8.9769, 8.9713, 8.9691, 8.9771, 8.9955, 8.9725, 8.9734, 8.9806, 8.9803, 9.0173, 8.9814, 8.9902, 9.0444, 9.0387, 9.0503, 9.0446, 9.0572, 9.0455, 9.0489, 9.0542, 9.0441, 9.0505, 9.0400, 9.0437, 9.0401, 9.0624, 9.0635, 9.0681, 9.0803, 9.0487, 9.0400, 9.0465, 9.0509, 9.0434, 9.0542, 9.0489, 9.0269, 9.0583, 9.0472, 9.0467, 9.0443, 9.0466, 9.0473, 9.0404, 9.0528, 9.0501, 9.0475, 9.0268, 9.0511, 9.0502, 9.0718, 9.0531, 9.0468, 9.0437, 9.0479, 9.0473, 9.0429, 9.0490, 9.0487, 9.0700, 9.0383, 9.0469, 9.0527, 9.0641, 9.0418, 9.0552, 9.0476, 9.0640, 9.0601, 9.0546, 9.0507, 9.0289, 9.0342, 9.0382, 9.0462, 9.0546, 9.0403, 9.0361, 9.0526, 9.0442, 9.0464, 9.0482, 9.0327, 9.0476, 9.0436, 9.0429, 9.0457, 9.0622, 9.0449, 9.0500, 9.0337, 9.0464, 9.0393, 9.0622, 9.0578, 9.0549, 9.0508, 9.0414, 9.0473, 9.0476, 9.0573, 9.0424, 9.0476, 9.0507, 9.0591, 9.0409, 9.0423, 9.0312, 9.0385, 9.0527, 9.0498, 9.0664, 9.0763, 9.0458, 9.0421, 9.0501, 9.0574, 9.0445, 9.0740, 9.0425, 9.0557, 9.0554, 9.0447, 9.0369, 9.0432, 9.0645, 9.0557, 9.0554, 9.0435, 9.0458, 9.0357, 9.0409, 9.0471, 9.0337, 9.0238, 9.0524, 9.0368, 9.0312, 9.0538, 9.0554, 9.0404, 9.0445, 9.0286, 9.0429, 9.0552, 9.0416, 9.0418, 9.0381, 9.0495, 9.0400, 9.0475, 9.0553, 9.0317, 9.0501, 9.0406, 9.0390, 9.0434, 9.0490, 9.0777, 9.0485, 9.0409, 9.0392, 9.0500, 9.0286, 9.0449
     mean rt (s): 9.0247
   stddev rt (s): 0.0328
       95% ci rt: 0.0042 -> [9.0205, 9.0289]
     coeff ci rt: 0.0004649277161069911
━━━━━━━━━━━━━━━━━━━━━━━━━━━━━━━━━━━━━━━━━━━━━━━━━━━━━━━━━━━━━━━━━━━━━━━━━━━━━━━━━━━━━━━━━━━━━━━━━━━━
━━━━━━━━━━━━━━━━━━━━━━━━━━━━━━━━━━━━━━━━━━━━━━━━━━━━━━━━━━━━━━━━━━━━━━━━━━━━━━━━━━━━━━━━━━━━━━━━━━━━
      test count: 239
          rt (s): 8.9784, 8.9810, 8.9903, 8.9757, 8.9538, 8.9420, 8.9582, 8.9766, 8.9948, 8.9872, 9.0245, 8.9752, 8.9796, 8.9806, 8.9912, 8.9809, 8.9810, 8.9752, 8.9837, 8.9790, 8.9787, 8.9811, 8.9872, 8.9830, 9.0059, 9.0011, 8.9888, 8.9767, 8.9721, 8.9777, 8.9778, 8.9807, 8.9841, 8.9797, 9.0261, 8.9769, 8.9843, 8.9757, 8.9719, 8.9798, 8.9790, 8.9859, 9.0004, 8.9959, 8.9848, 8.9890, 8.9984, 8.9974, 8.9726, 8.9874, 8.9762, 8.9800, 8.9801, 8.9831, 8.9829, 8.9809, 8.9867, 8.9793, 9.0029, 8.9789, 8.9753, 8.9792, 8.9946, 9.0023, 8.9694, 8.9709, 8.9816, 8.9929, 8.9931, 8.9804, 8.9956, 8.9836, 8.9713, 8.9769, 8.9713, 8.9691, 8.9771, 8.9955, 8.9725, 8.9734, 8.9806, 8.9803, 9.0173, 8.9814, 8.9902, 9.0444, 9.0387, 9.0503, 9.0446, 9.0572, 9.0455, 9.0489, 9.0542, 9.0441, 9.0505, 9.0400, 9.0437, 9.0401, 9.0624, 9.0635, 9.0681, 9.0803, 9.0487, 9.0400, 9.0465, 9.0509, 9.0434, 9.0542, 9.0489, 9.0269, 9.0583, 9.0472, 9.0467, 9.0443, 9.0466, 9.0473, 9.0404, 9.0528, 9.0501, 9.0475, 9.0268, 9.0511, 9.0502, 9.0718, 9.0531, 9.0468, 9.0437, 9.0479, 9.0473, 9.0429, 9.0490, 9.0487, 9.0700, 9.0383, 9.0469, 9.0527, 9.0641, 9.0418, 9.0552, 9.0476, 9.0640, 9.0601, 9.0546, 9.0507, 9.0289, 9.0342, 9.0382, 9.0462, 9.0546, 9.0403, 9.0361, 9.0526, 9.0442, 9.0464, 9.0482, 9.0327, 9.0476, 9.0436, 9.0429, 9.0457, 9.0622, 9.0449, 9.0500, 9.0337, 9.0464, 9.0393, 9.0622, 9.0578, 9.0549, 9.0508, 9.0414, 9.0473, 9.0476, 9.0573, 9.0424, 9.0476, 9.0507, 9.0591, 9.0409, 9.0423, 9.0312, 9.0385, 9.0527, 9.0498, 9.0664, 9.0763, 9.0458, 9.0421, 9.0501, 9.0574, 9.0445, 9.0740, 9.0425, 9.0557, 9.0554, 9.0447, 9.0369, 9.0432, 9.0645, 9.0557, 9.0554, 9.0435, 9.0458, 9.0357, 9.0409, 9.0471, 9.0337, 9.0238, 9.0524, 9.0368, 9.0312, 9.0538, 9.0554, 9.0404, 9.0445, 9.0286, 9.0429, 9.0552, 9.0416, 9.0418, 9.0381, 9.0495, 9.0400, 9.0475, 9.0553, 9.0317, 9.0501, 9.0406, 9.0390, 9.0434, 9.0490, 9.0777, 9.0485, 9.0409, 9.0392, 9.0500, 9.0286, 9.0449, 9.0498
     mean rt (s): 9.0248
   stddev rt (s): 0.0328
       95% ci rt: 0.0042 -> [9.0206, 9.0290]
     coeff ci rt: 0.000463531547196277
━━━━━━━━━━━━━━━━━━━━━━━━━━━━━━━━━━━━━━━━━━━━━━━━━━━━━━━━━━━━━━━━━━━━━━━━━━━━━━━━━━━━━━━━━━━━━━━━━━━━
━━━━━━━━━━━━━━━━━━━━━━━━━━━━━━━━━━━━━━━━━━━━━━━━━━━━━━━━━━━━━━━━━━━━━━━━━━━━━━━━━━━━━━━━━━━━━━━━━━━━
      test count: 240
          rt (s): 8.9784, 8.9810, 8.9903, 8.9757, 8.9538, 8.9420, 8.9582, 8.9766, 8.9948, 8.9872, 9.0245, 8.9752, 8.9796, 8.9806, 8.9912, 8.9809, 8.9810, 8.9752, 8.9837, 8.9790, 8.9787, 8.9811, 8.9872, 8.9830, 9.0059, 9.0011, 8.9888, 8.9767, 8.9721, 8.9777, 8.9778, 8.9807, 8.9841, 8.9797, 9.0261, 8.9769, 8.9843, 8.9757, 8.9719, 8.9798, 8.9790, 8.9859, 9.0004, 8.9959, 8.9848, 8.9890, 8.9984, 8.9974, 8.9726, 8.9874, 8.9762, 8.9800, 8.9801, 8.9831, 8.9829, 8.9809, 8.9867, 8.9793, 9.0029, 8.9789, 8.9753, 8.9792, 8.9946, 9.0023, 8.9694, 8.9709, 8.9816, 8.9929, 8.9931, 8.9804, 8.9956, 8.9836, 8.9713, 8.9769, 8.9713, 8.9691, 8.9771, 8.9955, 8.9725, 8.9734, 8.9806, 8.9803, 9.0173, 8.9814, 8.9902, 9.0444, 9.0387, 9.0503, 9.0446, 9.0572, 9.0455, 9.0489, 9.0542, 9.0441, 9.0505, 9.0400, 9.0437, 9.0401, 9.0624, 9.0635, 9.0681, 9.0803, 9.0487, 9.0400, 9.0465, 9.0509, 9.0434, 9.0542, 9.0489, 9.0269, 9.0583, 9.0472, 9.0467, 9.0443, 9.0466, 9.0473, 9.0404, 9.0528, 9.0501, 9.0475, 9.0268, 9.0511, 9.0502, 9.0718, 9.0531, 9.0468, 9.0437, 9.0479, 9.0473, 9.0429, 9.0490, 9.0487, 9.0700, 9.0383, 9.0469, 9.0527, 9.0641, 9.0418, 9.0552, 9.0476, 9.0640, 9.0601, 9.0546, 9.0507, 9.0289, 9.0342, 9.0382, 9.0462, 9.0546, 9.0403, 9.0361, 9.0526, 9.0442, 9.0464, 9.0482, 9.0327, 9.0476, 9.0436, 9.0429, 9.0457, 9.0622, 9.0449, 9.0500, 9.0337, 9.0464, 9.0393, 9.0622, 9.0578, 9.0549, 9.0508, 9.0414, 9.0473, 9.0476, 9.0573, 9.0424, 9.0476, 9.0507, 9.0591, 9.0409, 9.0423, 9.0312, 9.0385, 9.0527, 9.0498, 9.0664, 9.0763, 9.0458, 9.0421, 9.0501, 9.0574, 9.0445, 9.0740, 9.0425, 9.0557, 9.0554, 9.0447, 9.0369, 9.0432, 9.0645, 9.0557, 9.0554, 9.0435, 9.0458, 9.0357, 9.0409, 9.0471, 9.0337, 9.0238, 9.0524, 9.0368, 9.0312, 9.0538, 9.0554, 9.0404, 9.0445, 9.0286, 9.0429, 9.0552, 9.0416, 9.0418, 9.0381, 9.0495, 9.0400, 9.0475, 9.0553, 9.0317, 9.0501, 9.0406, 9.0390, 9.0434, 9.0490, 9.0777, 9.0485, 9.0409, 9.0392, 9.0500, 9.0286, 9.0449, 9.0498, 9.0386
     mean rt (s): 9.0248
   stddev rt (s): 0.0327
       95% ci rt: 0.0042 -> [9.0207, 9.0290]
     coeff ci rt: 0.0004617545392497574
━━━━━━━━━━━━━━━━━━━━━━━━━━━━━━━━━━━━━━━━━━━━━━━━━━━━━━━━━━━━━━━━━━━━━━━━━━━━━━━━━━━━━━━━━━━━━━━━━━━━
━━━━━━━━━━━━━━━━━━━━━━━━━━━━━━━━━━━━━━━━━━━━━━━━━━━━━━━━━━━━━━━━━━━━━━━━━━━━━━━━━━━━━━━━━━━━━━━━━━━━
      test count: 241
          rt (s): 8.9784, 8.9810, 8.9903, 8.9757, 8.9538, 8.9420, 8.9582, 8.9766, 8.9948, 8.9872, 9.0245, 8.9752, 8.9796, 8.9806, 8.9912, 8.9809, 8.9810, 8.9752, 8.9837, 8.9790, 8.9787, 8.9811, 8.9872, 8.9830, 9.0059, 9.0011, 8.9888, 8.9767, 8.9721, 8.9777, 8.9778, 8.9807, 8.9841, 8.9797, 9.0261, 8.9769, 8.9843, 8.9757, 8.9719, 8.9798, 8.9790, 8.9859, 9.0004, 8.9959, 8.9848, 8.9890, 8.9984, 8.9974, 8.9726, 8.9874, 8.9762, 8.9800, 8.9801, 8.9831, 8.9829, 8.9809, 8.9867, 8.9793, 9.0029, 8.9789, 8.9753, 8.9792, 8.9946, 9.0023, 8.9694, 8.9709, 8.9816, 8.9929, 8.9931, 8.9804, 8.9956, 8.9836, 8.9713, 8.9769, 8.9713, 8.9691, 8.9771, 8.9955, 8.9725, 8.9734, 8.9806, 8.9803, 9.0173, 8.9814, 8.9902, 9.0444, 9.0387, 9.0503, 9.0446, 9.0572, 9.0455, 9.0489, 9.0542, 9.0441, 9.0505, 9.0400, 9.0437, 9.0401, 9.0624, 9.0635, 9.0681, 9.0803, 9.0487, 9.0400, 9.0465, 9.0509, 9.0434, 9.0542, 9.0489, 9.0269, 9.0583, 9.0472, 9.0467, 9.0443, 9.0466, 9.0473, 9.0404, 9.0528, 9.0501, 9.0475, 9.0268, 9.0511, 9.0502, 9.0718, 9.0531, 9.0468, 9.0437, 9.0479, 9.0473, 9.0429, 9.0490, 9.0487, 9.0700, 9.0383, 9.0469, 9.0527, 9.0641, 9.0418, 9.0552, 9.0476, 9.0640, 9.0601, 9.0546, 9.0507, 9.0289, 9.0342, 9.0382, 9.0462, 9.0546, 9.0403, 9.0361, 9.0526, 9.0442, 9.0464, 9.0482, 9.0327, 9.0476, 9.0436, 9.0429, 9.0457, 9.0622, 9.0449, 9.0500, 9.0337, 9.0464, 9.0393, 9.0622, 9.0578, 9.0549, 9.0508, 9.0414, 9.0473, 9.0476, 9.0573, 9.0424, 9.0476, 9.0507, 9.0591, 9.0409, 9.0423, 9.0312, 9.0385, 9.0527, 9.0498, 9.0664, 9.0763, 9.0458, 9.0421, 9.0501, 9.0574, 9.0445, 9.0740, 9.0425, 9.0557, 9.0554, 9.0447, 9.0369, 9.0432, 9.0645, 9.0557, 9.0554, 9.0435, 9.0458, 9.0357, 9.0409, 9.0471, 9.0337, 9.0238, 9.0524, 9.0368, 9.0312, 9.0538, 9.0554, 9.0404, 9.0445, 9.0286, 9.0429, 9.0552, 9.0416, 9.0418, 9.0381, 9.0495, 9.0400, 9.0475, 9.0553, 9.0317, 9.0501, 9.0406, 9.0390, 9.0434, 9.0490, 9.0777, 9.0485, 9.0409, 9.0392, 9.0500, 9.0286, 9.0449, 9.0498, 9.0386, 9.0332
     mean rt (s): 9.0249
   stddev rt (s): 0.0326
       95% ci rt: 0.0042 -> [9.0207, 9.0290]
     coeff ci rt: 0.0004598854814199321
━━━━━━━━━━━━━━━━━━━━━━━━━━━━━━━━━━━━━━━━━━━━━━━━━━━━━━━━━━━━━━━━━━━━━━━━━━━━━━━━━━━━━━━━━━━━━━━━━━━━
━━━━━━━━━━━━━━━━━━━━━━━━━━━━━━━━━━━━━━━━━━━━━━━━━━━━━━━━━━━━━━━━━━━━━━━━━━━━━━━━━━━━━━━━━━━━━━━━━━━━
      test count: 242
          rt (s): 8.9784, 8.9810, 8.9903, 8.9757, 8.9538, 8.9420, 8.9582, 8.9766, 8.9948, 8.9872, 9.0245, 8.9752, 8.9796, 8.9806, 8.9912, 8.9809, 8.9810, 8.9752, 8.9837, 8.9790, 8.9787, 8.9811, 8.9872, 8.9830, 9.0059, 9.0011, 8.9888, 8.9767, 8.9721, 8.9777, 8.9778, 8.9807, 8.9841, 8.9797, 9.0261, 8.9769, 8.9843, 8.9757, 8.9719, 8.9798, 8.9790, 8.9859, 9.0004, 8.9959, 8.9848, 8.9890, 8.9984, 8.9974, 8.9726, 8.9874, 8.9762, 8.9800, 8.9801, 8.9831, 8.9829, 8.9809, 8.9867, 8.9793, 9.0029, 8.9789, 8.9753, 8.9792, 8.9946, 9.0023, 8.9694, 8.9709, 8.9816, 8.9929, 8.9931, 8.9804, 8.9956, 8.9836, 8.9713, 8.9769, 8.9713, 8.9691, 8.9771, 8.9955, 8.9725, 8.9734, 8.9806, 8.9803, 9.0173, 8.9814, 8.9902, 9.0444, 9.0387, 9.0503, 9.0446, 9.0572, 9.0455, 9.0489, 9.0542, 9.0441, 9.0505, 9.0400, 9.0437, 9.0401, 9.0624, 9.0635, 9.0681, 9.0803, 9.0487, 9.0400, 9.0465, 9.0509, 9.0434, 9.0542, 9.0489, 9.0269, 9.0583, 9.0472, 9.0467, 9.0443, 9.0466, 9.0473, 9.0404, 9.0528, 9.0501, 9.0475, 9.0268, 9.0511, 9.0502, 9.0718, 9.0531, 9.0468, 9.0437, 9.0479, 9.0473, 9.0429, 9.0490, 9.0487, 9.0700, 9.0383, 9.0469, 9.0527, 9.0641, 9.0418, 9.0552, 9.0476, 9.0640, 9.0601, 9.0546, 9.0507, 9.0289, 9.0342, 9.0382, 9.0462, 9.0546, 9.0403, 9.0361, 9.0526, 9.0442, 9.0464, 9.0482, 9.0327, 9.0476, 9.0436, 9.0429, 9.0457, 9.0622, 9.0449, 9.0500, 9.0337, 9.0464, 9.0393, 9.0622, 9.0578, 9.0549, 9.0508, 9.0414, 9.0473, 9.0476, 9.0573, 9.0424, 9.0476, 9.0507, 9.0591, 9.0409, 9.0423, 9.0312, 9.0385, 9.0527, 9.0498, 9.0664, 9.0763, 9.0458, 9.0421, 9.0501, 9.0574, 9.0445, 9.0740, 9.0425, 9.0557, 9.0554, 9.0447, 9.0369, 9.0432, 9.0645, 9.0557, 9.0554, 9.0435, 9.0458, 9.0357, 9.0409, 9.0471, 9.0337, 9.0238, 9.0524, 9.0368, 9.0312, 9.0538, 9.0554, 9.0404, 9.0445, 9.0286, 9.0429, 9.0552, 9.0416, 9.0418, 9.0381, 9.0495, 9.0400, 9.0475, 9.0553, 9.0317, 9.0501, 9.0406, 9.0390, 9.0434, 9.0490, 9.0777, 9.0485, 9.0409, 9.0392, 9.0500, 9.0286, 9.0449, 9.0498, 9.0386, 9.0332, 9.0518
     mean rt (s): 9.0250
   stddev rt (s): 0.0326
       95% ci rt: 0.0041 -> [9.0208, 9.0291]
     coeff ci rt: 0.00045860969150510585
━━━━━━━━━━━━━━━━━━━━━━━━━━━━━━━━━━━━━━━━━━━━━━━━━━━━━━━━━━━━━━━━━━━━━━━━━━━━━━━━━━━━━━━━━━━━━━━━━━━━
━━━━━━━━━━━━━━━━━━━━━━━━━━━━━━━━━━━━━━━━━━━━━━━━━━━━━━━━━━━━━━━━━━━━━━━━━━━━━━━━━━━━━━━━━━━━━━━━━━━━
      test count: 243
          rt (s): 8.9784, 8.9810, 8.9903, 8.9757, 8.9538, 8.9420, 8.9582, 8.9766, 8.9948, 8.9872, 9.0245, 8.9752, 8.9796, 8.9806, 8.9912, 8.9809, 8.9810, 8.9752, 8.9837, 8.9790, 8.9787, 8.9811, 8.9872, 8.9830, 9.0059, 9.0011, 8.9888, 8.9767, 8.9721, 8.9777, 8.9778, 8.9807, 8.9841, 8.9797, 9.0261, 8.9769, 8.9843, 8.9757, 8.9719, 8.9798, 8.9790, 8.9859, 9.0004, 8.9959, 8.9848, 8.9890, 8.9984, 8.9974, 8.9726, 8.9874, 8.9762, 8.9800, 8.9801, 8.9831, 8.9829, 8.9809, 8.9867, 8.9793, 9.0029, 8.9789, 8.9753, 8.9792, 8.9946, 9.0023, 8.9694, 8.9709, 8.9816, 8.9929, 8.9931, 8.9804, 8.9956, 8.9836, 8.9713, 8.9769, 8.9713, 8.9691, 8.9771, 8.9955, 8.9725, 8.9734, 8.9806, 8.9803, 9.0173, 8.9814, 8.9902, 9.0444, 9.0387, 9.0503, 9.0446, 9.0572, 9.0455, 9.0489, 9.0542, 9.0441, 9.0505, 9.0400, 9.0437, 9.0401, 9.0624, 9.0635, 9.0681, 9.0803, 9.0487, 9.0400, 9.0465, 9.0509, 9.0434, 9.0542, 9.0489, 9.0269, 9.0583, 9.0472, 9.0467, 9.0443, 9.0466, 9.0473, 9.0404, 9.0528, 9.0501, 9.0475, 9.0268, 9.0511, 9.0502, 9.0718, 9.0531, 9.0468, 9.0437, 9.0479, 9.0473, 9.0429, 9.0490, 9.0487, 9.0700, 9.0383, 9.0469, 9.0527, 9.0641, 9.0418, 9.0552, 9.0476, 9.0640, 9.0601, 9.0546, 9.0507, 9.0289, 9.0342, 9.0382, 9.0462, 9.0546, 9.0403, 9.0361, 9.0526, 9.0442, 9.0464, 9.0482, 9.0327, 9.0476, 9.0436, 9.0429, 9.0457, 9.0622, 9.0449, 9.0500, 9.0337, 9.0464, 9.0393, 9.0622, 9.0578, 9.0549, 9.0508, 9.0414, 9.0473, 9.0476, 9.0573, 9.0424, 9.0476, 9.0507, 9.0591, 9.0409, 9.0423, 9.0312, 9.0385, 9.0527, 9.0498, 9.0664, 9.0763, 9.0458, 9.0421, 9.0501, 9.0574, 9.0445, 9.0740, 9.0425, 9.0557, 9.0554, 9.0447, 9.0369, 9.0432, 9.0645, 9.0557, 9.0554, 9.0435, 9.0458, 9.0357, 9.0409, 9.0471, 9.0337, 9.0238, 9.0524, 9.0368, 9.0312, 9.0538, 9.0554, 9.0404, 9.0445, 9.0286, 9.0429, 9.0552, 9.0416, 9.0418, 9.0381, 9.0495, 9.0400, 9.0475, 9.0553, 9.0317, 9.0501, 9.0406, 9.0390, 9.0434, 9.0490, 9.0777, 9.0485, 9.0409, 9.0392, 9.0500, 9.0286, 9.0449, 9.0498, 9.0386, 9.0332, 9.0518, 9.0572
     mean rt (s): 9.0251
   stddev rt (s): 0.0326
       95% ci rt: 0.0041 -> [9.0210, 9.0292]
     coeff ci rt: 0.00045761833947130466
━━━━━━━━━━━━━━━━━━━━━━━━━━━━━━━━━━━━━━━━━━━━━━━━━━━━━━━━━━━━━━━━━━━━━━━━━━━━━━━━━━━━━━━━━━━━━━━━━━━━
━━━━━━━━━━━━━━━━━━━━━━━━━━━━━━━━━━━━━━━━━━━━━━━━━━━━━━━━━━━━━━━━━━━━━━━━━━━━━━━━━━━━━━━━━━━━━━━━━━━━
      test count: 244
          rt (s): 8.9784, 8.9810, 8.9903, 8.9757, 8.9538, 8.9420, 8.9582, 8.9766, 8.9948, 8.9872, 9.0245, 8.9752, 8.9796, 8.9806, 8.9912, 8.9809, 8.9810, 8.9752, 8.9837, 8.9790, 8.9787, 8.9811, 8.9872, 8.9830, 9.0059, 9.0011, 8.9888, 8.9767, 8.9721, 8.9777, 8.9778, 8.9807, 8.9841, 8.9797, 9.0261, 8.9769, 8.9843, 8.9757, 8.9719, 8.9798, 8.9790, 8.9859, 9.0004, 8.9959, 8.9848, 8.9890, 8.9984, 8.9974, 8.9726, 8.9874, 8.9762, 8.9800, 8.9801, 8.9831, 8.9829, 8.9809, 8.9867, 8.9793, 9.0029, 8.9789, 8.9753, 8.9792, 8.9946, 9.0023, 8.9694, 8.9709, 8.9816, 8.9929, 8.9931, 8.9804, 8.9956, 8.9836, 8.9713, 8.9769, 8.9713, 8.9691, 8.9771, 8.9955, 8.9725, 8.9734, 8.9806, 8.9803, 9.0173, 8.9814, 8.9902, 9.0444, 9.0387, 9.0503, 9.0446, 9.0572, 9.0455, 9.0489, 9.0542, 9.0441, 9.0505, 9.0400, 9.0437, 9.0401, 9.0624, 9.0635, 9.0681, 9.0803, 9.0487, 9.0400, 9.0465, 9.0509, 9.0434, 9.0542, 9.0489, 9.0269, 9.0583, 9.0472, 9.0467, 9.0443, 9.0466, 9.0473, 9.0404, 9.0528, 9.0501, 9.0475, 9.0268, 9.0511, 9.0502, 9.0718, 9.0531, 9.0468, 9.0437, 9.0479, 9.0473, 9.0429, 9.0490, 9.0487, 9.0700, 9.0383, 9.0469, 9.0527, 9.0641, 9.0418, 9.0552, 9.0476, 9.0640, 9.0601, 9.0546, 9.0507, 9.0289, 9.0342, 9.0382, 9.0462, 9.0546, 9.0403, 9.0361, 9.0526, 9.0442, 9.0464, 9.0482, 9.0327, 9.0476, 9.0436, 9.0429, 9.0457, 9.0622, 9.0449, 9.0500, 9.0337, 9.0464, 9.0393, 9.0622, 9.0578, 9.0549, 9.0508, 9.0414, 9.0473, 9.0476, 9.0573, 9.0424, 9.0476, 9.0507, 9.0591, 9.0409, 9.0423, 9.0312, 9.0385, 9.0527, 9.0498, 9.0664, 9.0763, 9.0458, 9.0421, 9.0501, 9.0574, 9.0445, 9.0740, 9.0425, 9.0557, 9.0554, 9.0447, 9.0369, 9.0432, 9.0645, 9.0557, 9.0554, 9.0435, 9.0458, 9.0357, 9.0409, 9.0471, 9.0337, 9.0238, 9.0524, 9.0368, 9.0312, 9.0538, 9.0554, 9.0404, 9.0445, 9.0286, 9.0429, 9.0552, 9.0416, 9.0418, 9.0381, 9.0495, 9.0400, 9.0475, 9.0553, 9.0317, 9.0501, 9.0406, 9.0390, 9.0434, 9.0490, 9.0777, 9.0485, 9.0409, 9.0392, 9.0500, 9.0286, 9.0449, 9.0498, 9.0386, 9.0332, 9.0518, 9.0572, 9.0493
     mean rt (s): 9.0252
   stddev rt (s): 0.0326
       95% ci rt: 0.0041 -> [9.0211, 9.0293]
     coeff ci rt: 0.00045623789058320583
━━━━━━━━━━━━━━━━━━━━━━━━━━━━━━━━━━━━━━━━━━━━━━━━━━━━━━━━━━━━━━━━━━━━━━━━━━━━━━━━━━━━━━━━━━━━━━━━━━━━
━━━━━━━━━━━━━━━━━━━━━━━━━━━━━━━━━━━━━━━━━━━━━━━━━━━━━━━━━━━━━━━━━━━━━━━━━━━━━━━━━━━━━━━━━━━━━━━━━━━━
      test count: 245
          rt (s): 8.9784, 8.9810, 8.9903, 8.9757, 8.9538, 8.9420, 8.9582, 8.9766, 8.9948, 8.9872, 9.0245, 8.9752, 8.9796, 8.9806, 8.9912, 8.9809, 8.9810, 8.9752, 8.9837, 8.9790, 8.9787, 8.9811, 8.9872, 8.9830, 9.0059, 9.0011, 8.9888, 8.9767, 8.9721, 8.9777, 8.9778, 8.9807, 8.9841, 8.9797, 9.0261, 8.9769, 8.9843, 8.9757, 8.9719, 8.9798, 8.9790, 8.9859, 9.0004, 8.9959, 8.9848, 8.9890, 8.9984, 8.9974, 8.9726, 8.9874, 8.9762, 8.9800, 8.9801, 8.9831, 8.9829, 8.9809, 8.9867, 8.9793, 9.0029, 8.9789, 8.9753, 8.9792, 8.9946, 9.0023, 8.9694, 8.9709, 8.9816, 8.9929, 8.9931, 8.9804, 8.9956, 8.9836, 8.9713, 8.9769, 8.9713, 8.9691, 8.9771, 8.9955, 8.9725, 8.9734, 8.9806, 8.9803, 9.0173, 8.9814, 8.9902, 9.0444, 9.0387, 9.0503, 9.0446, 9.0572, 9.0455, 9.0489, 9.0542, 9.0441, 9.0505, 9.0400, 9.0437, 9.0401, 9.0624, 9.0635, 9.0681, 9.0803, 9.0487, 9.0400, 9.0465, 9.0509, 9.0434, 9.0542, 9.0489, 9.0269, 9.0583, 9.0472, 9.0467, 9.0443, 9.0466, 9.0473, 9.0404, 9.0528, 9.0501, 9.0475, 9.0268, 9.0511, 9.0502, 9.0718, 9.0531, 9.0468, 9.0437, 9.0479, 9.0473, 9.0429, 9.0490, 9.0487, 9.0700, 9.0383, 9.0469, 9.0527, 9.0641, 9.0418, 9.0552, 9.0476, 9.0640, 9.0601, 9.0546, 9.0507, 9.0289, 9.0342, 9.0382, 9.0462, 9.0546, 9.0403, 9.0361, 9.0526, 9.0442, 9.0464, 9.0482, 9.0327, 9.0476, 9.0436, 9.0429, 9.0457, 9.0622, 9.0449, 9.0500, 9.0337, 9.0464, 9.0393, 9.0622, 9.0578, 9.0549, 9.0508, 9.0414, 9.0473, 9.0476, 9.0573, 9.0424, 9.0476, 9.0507, 9.0591, 9.0409, 9.0423, 9.0312, 9.0385, 9.0527, 9.0498, 9.0664, 9.0763, 9.0458, 9.0421, 9.0501, 9.0574, 9.0445, 9.0740, 9.0425, 9.0557, 9.0554, 9.0447, 9.0369, 9.0432, 9.0645, 9.0557, 9.0554, 9.0435, 9.0458, 9.0357, 9.0409, 9.0471, 9.0337, 9.0238, 9.0524, 9.0368, 9.0312, 9.0538, 9.0554, 9.0404, 9.0445, 9.0286, 9.0429, 9.0552, 9.0416, 9.0418, 9.0381, 9.0495, 9.0400, 9.0475, 9.0553, 9.0317, 9.0501, 9.0406, 9.0390, 9.0434, 9.0490, 9.0777, 9.0485, 9.0409, 9.0392, 9.0500, 9.0286, 9.0449, 9.0498, 9.0386, 9.0332, 9.0518, 9.0572, 9.0493, 9.0456
     mean rt (s): 9.0253
   stddev rt (s): 0.0325
       95% ci rt: 0.0041 -> [9.0212, 9.0294]
     coeff ci rt: 0.00045472126566302516
━━━━━━━━━━━━━━━━━━━━━━━━━━━━━━━━━━━━━━━━━━━━━━━━━━━━━━━━━━━━━━━━━━━━━━━━━━━━━━━━━━━━━━━━━━━━━━━━━━━━
━━━━━━━━━━━━━━━━━━━━━━━━━━━━━━━━━━━━━━━━━━━━━━━━━━━━━━━━━━━━━━━━━━━━━━━━━━━━━━━━━━━━━━━━━━━━━━━━━━━━
      test count: 246
          rt (s): 8.9784, 8.9810, 8.9903, 8.9757, 8.9538, 8.9420, 8.9582, 8.9766, 8.9948, 8.9872, 9.0245, 8.9752, 8.9796, 8.9806, 8.9912, 8.9809, 8.9810, 8.9752, 8.9837, 8.9790, 8.9787, 8.9811, 8.9872, 8.9830, 9.0059, 9.0011, 8.9888, 8.9767, 8.9721, 8.9777, 8.9778, 8.9807, 8.9841, 8.9797, 9.0261, 8.9769, 8.9843, 8.9757, 8.9719, 8.9798, 8.9790, 8.9859, 9.0004, 8.9959, 8.9848, 8.9890, 8.9984, 8.9974, 8.9726, 8.9874, 8.9762, 8.9800, 8.9801, 8.9831, 8.9829, 8.9809, 8.9867, 8.9793, 9.0029, 8.9789, 8.9753, 8.9792, 8.9946, 9.0023, 8.9694, 8.9709, 8.9816, 8.9929, 8.9931, 8.9804, 8.9956, 8.9836, 8.9713, 8.9769, 8.9713, 8.9691, 8.9771, 8.9955, 8.9725, 8.9734, 8.9806, 8.9803, 9.0173, 8.9814, 8.9902, 9.0444, 9.0387, 9.0503, 9.0446, 9.0572, 9.0455, 9.0489, 9.0542, 9.0441, 9.0505, 9.0400, 9.0437, 9.0401, 9.0624, 9.0635, 9.0681, 9.0803, 9.0487, 9.0400, 9.0465, 9.0509, 9.0434, 9.0542, 9.0489, 9.0269, 9.0583, 9.0472, 9.0467, 9.0443, 9.0466, 9.0473, 9.0404, 9.0528, 9.0501, 9.0475, 9.0268, 9.0511, 9.0502, 9.0718, 9.0531, 9.0468, 9.0437, 9.0479, 9.0473, 9.0429, 9.0490, 9.0487, 9.0700, 9.0383, 9.0469, 9.0527, 9.0641, 9.0418, 9.0552, 9.0476, 9.0640, 9.0601, 9.0546, 9.0507, 9.0289, 9.0342, 9.0382, 9.0462, 9.0546, 9.0403, 9.0361, 9.0526, 9.0442, 9.0464, 9.0482, 9.0327, 9.0476, 9.0436, 9.0429, 9.0457, 9.0622, 9.0449, 9.0500, 9.0337, 9.0464, 9.0393, 9.0622, 9.0578, 9.0549, 9.0508, 9.0414, 9.0473, 9.0476, 9.0573, 9.0424, 9.0476, 9.0507, 9.0591, 9.0409, 9.0423, 9.0312, 9.0385, 9.0527, 9.0498, 9.0664, 9.0763, 9.0458, 9.0421, 9.0501, 9.0574, 9.0445, 9.0740, 9.0425, 9.0557, 9.0554, 9.0447, 9.0369, 9.0432, 9.0645, 9.0557, 9.0554, 9.0435, 9.0458, 9.0357, 9.0409, 9.0471, 9.0337, 9.0238, 9.0524, 9.0368, 9.0312, 9.0538, 9.0554, 9.0404, 9.0445, 9.0286, 9.0429, 9.0552, 9.0416, 9.0418, 9.0381, 9.0495, 9.0400, 9.0475, 9.0553, 9.0317, 9.0501, 9.0406, 9.0390, 9.0434, 9.0490, 9.0777, 9.0485, 9.0409, 9.0392, 9.0500, 9.0286, 9.0449, 9.0498, 9.0386, 9.0332, 9.0518, 9.0572, 9.0493, 9.0456, 9.0625
     mean rt (s): 9.0254
   stddev rt (s): 0.0326
       95% ci rt: 0.0041 -> [9.0213, 9.0295]
     coeff ci rt: 0.00045405357169139317
━━━━━━━━━━━━━━━━━━━━━━━━━━━━━━━━━━━━━━━━━━━━━━━━━━━━━━━━━━━━━━━━━━━━━━━━━━━━━━━━━━━━━━━━━━━━━━━━━━━━
━━━━━━━━━━━━━━━━━━━━━━━━━━━━━━━━━━━━━━━━━━━━━━━━━━━━━━━━━━━━━━━━━━━━━━━━━━━━━━━━━━━━━━━━━━━━━━━━━━━━
      test count: 247
          rt (s): 8.9784, 8.9810, 8.9903, 8.9757, 8.9538, 8.9420, 8.9582, 8.9766, 8.9948, 8.9872, 9.0245, 8.9752, 8.9796, 8.9806, 8.9912, 8.9809, 8.9810, 8.9752, 8.9837, 8.9790, 8.9787, 8.9811, 8.9872, 8.9830, 9.0059, 9.0011, 8.9888, 8.9767, 8.9721, 8.9777, 8.9778, 8.9807, 8.9841, 8.9797, 9.0261, 8.9769, 8.9843, 8.9757, 8.9719, 8.9798, 8.9790, 8.9859, 9.0004, 8.9959, 8.9848, 8.9890, 8.9984, 8.9974, 8.9726, 8.9874, 8.9762, 8.9800, 8.9801, 8.9831, 8.9829, 8.9809, 8.9867, 8.9793, 9.0029, 8.9789, 8.9753, 8.9792, 8.9946, 9.0023, 8.9694, 8.9709, 8.9816, 8.9929, 8.9931, 8.9804, 8.9956, 8.9836, 8.9713, 8.9769, 8.9713, 8.9691, 8.9771, 8.9955, 8.9725, 8.9734, 8.9806, 8.9803, 9.0173, 8.9814, 8.9902, 9.0444, 9.0387, 9.0503, 9.0446, 9.0572, 9.0455, 9.0489, 9.0542, 9.0441, 9.0505, 9.0400, 9.0437, 9.0401, 9.0624, 9.0635, 9.0681, 9.0803, 9.0487, 9.0400, 9.0465, 9.0509, 9.0434, 9.0542, 9.0489, 9.0269, 9.0583, 9.0472, 9.0467, 9.0443, 9.0466, 9.0473, 9.0404, 9.0528, 9.0501, 9.0475, 9.0268, 9.0511, 9.0502, 9.0718, 9.0531, 9.0468, 9.0437, 9.0479, 9.0473, 9.0429, 9.0490, 9.0487, 9.0700, 9.0383, 9.0469, 9.0527, 9.0641, 9.0418, 9.0552, 9.0476, 9.0640, 9.0601, 9.0546, 9.0507, 9.0289, 9.0342, 9.0382, 9.0462, 9.0546, 9.0403, 9.0361, 9.0526, 9.0442, 9.0464, 9.0482, 9.0327, 9.0476, 9.0436, 9.0429, 9.0457, 9.0622, 9.0449, 9.0500, 9.0337, 9.0464, 9.0393, 9.0622, 9.0578, 9.0549, 9.0508, 9.0414, 9.0473, 9.0476, 9.0573, 9.0424, 9.0476, 9.0507, 9.0591, 9.0409, 9.0423, 9.0312, 9.0385, 9.0527, 9.0498, 9.0664, 9.0763, 9.0458, 9.0421, 9.0501, 9.0574, 9.0445, 9.0740, 9.0425, 9.0557, 9.0554, 9.0447, 9.0369, 9.0432, 9.0645, 9.0557, 9.0554, 9.0435, 9.0458, 9.0357, 9.0409, 9.0471, 9.0337, 9.0238, 9.0524, 9.0368, 9.0312, 9.0538, 9.0554, 9.0404, 9.0445, 9.0286, 9.0429, 9.0552, 9.0416, 9.0418, 9.0381, 9.0495, 9.0400, 9.0475, 9.0553, 9.0317, 9.0501, 9.0406, 9.0390, 9.0434, 9.0490, 9.0777, 9.0485, 9.0409, 9.0392, 9.0500, 9.0286, 9.0449, 9.0498, 9.0386, 9.0332, 9.0518, 9.0572, 9.0493, 9.0456, 9.0625, 9.0379
     mean rt (s): 9.0255
   stddev rt (s): 0.0325
       95% ci rt: 0.0041 -> [9.0214, 9.0296]
     coeff ci rt: 0.00045233379392408605
━━━━━━━━━━━━━━━━━━━━━━━━━━━━━━━━━━━━━━━━━━━━━━━━━━━━━━━━━━━━━━━━━━━━━━━━━━━━━━━━━━━━━━━━━━━━━━━━━━━━
━━━━━━━━━━━━━━━━━━━━━━━━━━━━━━━━━━━━━━━━━━━━━━━━━━━━━━━━━━━━━━━━━━━━━━━━━━━━━━━━━━━━━━━━━━━━━━━━━━━━
      test count: 248
          rt (s): 8.9784, 8.9810, 8.9903, 8.9757, 8.9538, 8.9420, 8.9582, 8.9766, 8.9948, 8.9872, 9.0245, 8.9752, 8.9796, 8.9806, 8.9912, 8.9809, 8.9810, 8.9752, 8.9837, 8.9790, 8.9787, 8.9811, 8.9872, 8.9830, 9.0059, 9.0011, 8.9888, 8.9767, 8.9721, 8.9777, 8.9778, 8.9807, 8.9841, 8.9797, 9.0261, 8.9769, 8.9843, 8.9757, 8.9719, 8.9798, 8.9790, 8.9859, 9.0004, 8.9959, 8.9848, 8.9890, 8.9984, 8.9974, 8.9726, 8.9874, 8.9762, 8.9800, 8.9801, 8.9831, 8.9829, 8.9809, 8.9867, 8.9793, 9.0029, 8.9789, 8.9753, 8.9792, 8.9946, 9.0023, 8.9694, 8.9709, 8.9816, 8.9929, 8.9931, 8.9804, 8.9956, 8.9836, 8.9713, 8.9769, 8.9713, 8.9691, 8.9771, 8.9955, 8.9725, 8.9734, 8.9806, 8.9803, 9.0173, 8.9814, 8.9902, 9.0444, 9.0387, 9.0503, 9.0446, 9.0572, 9.0455, 9.0489, 9.0542, 9.0441, 9.0505, 9.0400, 9.0437, 9.0401, 9.0624, 9.0635, 9.0681, 9.0803, 9.0487, 9.0400, 9.0465, 9.0509, 9.0434, 9.0542, 9.0489, 9.0269, 9.0583, 9.0472, 9.0467, 9.0443, 9.0466, 9.0473, 9.0404, 9.0528, 9.0501, 9.0475, 9.0268, 9.0511, 9.0502, 9.0718, 9.0531, 9.0468, 9.0437, 9.0479, 9.0473, 9.0429, 9.0490, 9.0487, 9.0700, 9.0383, 9.0469, 9.0527, 9.0641, 9.0418, 9.0552, 9.0476, 9.0640, 9.0601, 9.0546, 9.0507, 9.0289, 9.0342, 9.0382, 9.0462, 9.0546, 9.0403, 9.0361, 9.0526, 9.0442, 9.0464, 9.0482, 9.0327, 9.0476, 9.0436, 9.0429, 9.0457, 9.0622, 9.0449, 9.0500, 9.0337, 9.0464, 9.0393, 9.0622, 9.0578, 9.0549, 9.0508, 9.0414, 9.0473, 9.0476, 9.0573, 9.0424, 9.0476, 9.0507, 9.0591, 9.0409, 9.0423, 9.0312, 9.0385, 9.0527, 9.0498, 9.0664, 9.0763, 9.0458, 9.0421, 9.0501, 9.0574, 9.0445, 9.0740, 9.0425, 9.0557, 9.0554, 9.0447, 9.0369, 9.0432, 9.0645, 9.0557, 9.0554, 9.0435, 9.0458, 9.0357, 9.0409, 9.0471, 9.0337, 9.0238, 9.0524, 9.0368, 9.0312, 9.0538, 9.0554, 9.0404, 9.0445, 9.0286, 9.0429, 9.0552, 9.0416, 9.0418, 9.0381, 9.0495, 9.0400, 9.0475, 9.0553, 9.0317, 9.0501, 9.0406, 9.0390, 9.0434, 9.0490, 9.0777, 9.0485, 9.0409, 9.0392, 9.0500, 9.0286, 9.0449, 9.0498, 9.0386, 9.0332, 9.0518, 9.0572, 9.0493, 9.0456, 9.0625, 9.0379, 9.0414
     mean rt (s): 9.0256
   stddev rt (s): 0.0325
       95% ci rt: 0.0041 -> [9.0215, 9.0296]
     coeff ci rt: 0.0004507113011802332
━━━━━━━━━━━━━━━━━━━━━━━━━━━━━━━━━━━━━━━━━━━━━━━━━━━━━━━━━━━━━━━━━━━━━━━━━━━━━━━━━━━━━━━━━━━━━━━━━━━━
━━━━━━━━━━━━━━━━━━━━━━━━━━━━━━━━━━━━━━━━━━━━━━━━━━━━━━━━━━━━━━━━━━━━━━━━━━━━━━━━━━━━━━━━━━━━━━━━━━━━
      test count: 249
          rt (s): 8.9784, 8.9810, 8.9903, 8.9757, 8.9538, 8.9420, 8.9582, 8.9766, 8.9948, 8.9872, 9.0245, 8.9752, 8.9796, 8.9806, 8.9912, 8.9809, 8.9810, 8.9752, 8.9837, 8.9790, 8.9787, 8.9811, 8.9872, 8.9830, 9.0059, 9.0011, 8.9888, 8.9767, 8.9721, 8.9777, 8.9778, 8.9807, 8.9841, 8.9797, 9.0261, 8.9769, 8.9843, 8.9757, 8.9719, 8.9798, 8.9790, 8.9859, 9.0004, 8.9959, 8.9848, 8.9890, 8.9984, 8.9974, 8.9726, 8.9874, 8.9762, 8.9800, 8.9801, 8.9831, 8.9829, 8.9809, 8.9867, 8.9793, 9.0029, 8.9789, 8.9753, 8.9792, 8.9946, 9.0023, 8.9694, 8.9709, 8.9816, 8.9929, 8.9931, 8.9804, 8.9956, 8.9836, 8.9713, 8.9769, 8.9713, 8.9691, 8.9771, 8.9955, 8.9725, 8.9734, 8.9806, 8.9803, 9.0173, 8.9814, 8.9902, 9.0444, 9.0387, 9.0503, 9.0446, 9.0572, 9.0455, 9.0489, 9.0542, 9.0441, 9.0505, 9.0400, 9.0437, 9.0401, 9.0624, 9.0635, 9.0681, 9.0803, 9.0487, 9.0400, 9.0465, 9.0509, 9.0434, 9.0542, 9.0489, 9.0269, 9.0583, 9.0472, 9.0467, 9.0443, 9.0466, 9.0473, 9.0404, 9.0528, 9.0501, 9.0475, 9.0268, 9.0511, 9.0502, 9.0718, 9.0531, 9.0468, 9.0437, 9.0479, 9.0473, 9.0429, 9.0490, 9.0487, 9.0700, 9.0383, 9.0469, 9.0527, 9.0641, 9.0418, 9.0552, 9.0476, 9.0640, 9.0601, 9.0546, 9.0507, 9.0289, 9.0342, 9.0382, 9.0462, 9.0546, 9.0403, 9.0361, 9.0526, 9.0442, 9.0464, 9.0482, 9.0327, 9.0476, 9.0436, 9.0429, 9.0457, 9.0622, 9.0449, 9.0500, 9.0337, 9.0464, 9.0393, 9.0622, 9.0578, 9.0549, 9.0508, 9.0414, 9.0473, 9.0476, 9.0573, 9.0424, 9.0476, 9.0507, 9.0591, 9.0409, 9.0423, 9.0312, 9.0385, 9.0527, 9.0498, 9.0664, 9.0763, 9.0458, 9.0421, 9.0501, 9.0574, 9.0445, 9.0740, 9.0425, 9.0557, 9.0554, 9.0447, 9.0369, 9.0432, 9.0645, 9.0557, 9.0554, 9.0435, 9.0458, 9.0357, 9.0409, 9.0471, 9.0337, 9.0238, 9.0524, 9.0368, 9.0312, 9.0538, 9.0554, 9.0404, 9.0445, 9.0286, 9.0429, 9.0552, 9.0416, 9.0418, 9.0381, 9.0495, 9.0400, 9.0475, 9.0553, 9.0317, 9.0501, 9.0406, 9.0390, 9.0434, 9.0490, 9.0777, 9.0485, 9.0409, 9.0392, 9.0500, 9.0286, 9.0449, 9.0498, 9.0386, 9.0332, 9.0518, 9.0572, 9.0493, 9.0456, 9.0625, 9.0379, 9.0414, 9.1098
     mean rt (s): 9.0259
   stddev rt (s): 0.0328
       95% ci rt: 0.0041 -> [9.0218, 9.0300]
     coeff ci rt: 0.00045490228475334555
━━━━━━━━━━━━━━━━━━━━━━━━━━━━━━━━━━━━━━━━━━━━━━━━━━━━━━━━━━━━━━━━━━━━━━━━━━━━━━━━━━━━━━━━━━━━━━━━━━━━
━━━━━━━━━━━━━━━━━━━━━━━━━━━━━━━━━━━━━━━━━━━━━━━━━━━━━━━━━━━━━━━━━━━━━━━━━━━━━━━━━━━━━━━━━━━━━━━━━━━━
      test count: 250
          rt (s): 8.9784, 8.9810, 8.9903, 8.9757, 8.9538, 8.9420, 8.9582, 8.9766, 8.9948, 8.9872, 9.0245, 8.9752, 8.9796, 8.9806, 8.9912, 8.9809, 8.9810, 8.9752, 8.9837, 8.9790, 8.9787, 8.9811, 8.9872, 8.9830, 9.0059, 9.0011, 8.9888, 8.9767, 8.9721, 8.9777, 8.9778, 8.9807, 8.9841, 8.9797, 9.0261, 8.9769, 8.9843, 8.9757, 8.9719, 8.9798, 8.9790, 8.9859, 9.0004, 8.9959, 8.9848, 8.9890, 8.9984, 8.9974, 8.9726, 8.9874, 8.9762, 8.9800, 8.9801, 8.9831, 8.9829, 8.9809, 8.9867, 8.9793, 9.0029, 8.9789, 8.9753, 8.9792, 8.9946, 9.0023, 8.9694, 8.9709, 8.9816, 8.9929, 8.9931, 8.9804, 8.9956, 8.9836, 8.9713, 8.9769, 8.9713, 8.9691, 8.9771, 8.9955, 8.9725, 8.9734, 8.9806, 8.9803, 9.0173, 8.9814, 8.9902, 9.0444, 9.0387, 9.0503, 9.0446, 9.0572, 9.0455, 9.0489, 9.0542, 9.0441, 9.0505, 9.0400, 9.0437, 9.0401, 9.0624, 9.0635, 9.0681, 9.0803, 9.0487, 9.0400, 9.0465, 9.0509, 9.0434, 9.0542, 9.0489, 9.0269, 9.0583, 9.0472, 9.0467, 9.0443, 9.0466, 9.0473, 9.0404, 9.0528, 9.0501, 9.0475, 9.0268, 9.0511, 9.0502, 9.0718, 9.0531, 9.0468, 9.0437, 9.0479, 9.0473, 9.0429, 9.0490, 9.0487, 9.0700, 9.0383, 9.0469, 9.0527, 9.0641, 9.0418, 9.0552, 9.0476, 9.0640, 9.0601, 9.0546, 9.0507, 9.0289, 9.0342, 9.0382, 9.0462, 9.0546, 9.0403, 9.0361, 9.0526, 9.0442, 9.0464, 9.0482, 9.0327, 9.0476, 9.0436, 9.0429, 9.0457, 9.0622, 9.0449, 9.0500, 9.0337, 9.0464, 9.0393, 9.0622, 9.0578, 9.0549, 9.0508, 9.0414, 9.0473, 9.0476, 9.0573, 9.0424, 9.0476, 9.0507, 9.0591, 9.0409, 9.0423, 9.0312, 9.0385, 9.0527, 9.0498, 9.0664, 9.0763, 9.0458, 9.0421, 9.0501, 9.0574, 9.0445, 9.0740, 9.0425, 9.0557, 9.0554, 9.0447, 9.0369, 9.0432, 9.0645, 9.0557, 9.0554, 9.0435, 9.0458, 9.0357, 9.0409, 9.0471, 9.0337, 9.0238, 9.0524, 9.0368, 9.0312, 9.0538, 9.0554, 9.0404, 9.0445, 9.0286, 9.0429, 9.0552, 9.0416, 9.0418, 9.0381, 9.0495, 9.0400, 9.0475, 9.0553, 9.0317, 9.0501, 9.0406, 9.0390, 9.0434, 9.0490, 9.0777, 9.0485, 9.0409, 9.0392, 9.0500, 9.0286, 9.0449, 9.0498, 9.0386, 9.0332, 9.0518, 9.0572, 9.0493, 9.0456, 9.0625, 9.0379, 9.0414, 9.1098, 9.0603
     mean rt (s): 9.0260
   stddev rt (s): 0.0328
       95% ci rt: 0.0041 -> [9.0219, 9.0301]
     coeff ci rt: 0.0004540571476437416
━━━━━━━━━━━━━━━━━━━━━━━━━━━━━━━━━━━━━━━━━━━━━━━━━━━━━━━━━━━━━━━━━━━━━━━━━━━━━━━━━━━━━━━━━━━━━━━━━━━━
━━━━━━━━━━━━━━━━━━━━━━━━━━━━━━━━━━━━━━━━━━━━━━━━━━━━━━━━━━━━━━━━━━━━━━━━━━━━━━━━━━━━━━━━━━━━━━━━━━━━
      test count: 251
          rt (s): 8.9784, 8.9810, 8.9903, 8.9757, 8.9538, 8.9420, 8.9582, 8.9766, 8.9948, 8.9872, 9.0245, 8.9752, 8.9796, 8.9806, 8.9912, 8.9809, 8.9810, 8.9752, 8.9837, 8.9790, 8.9787, 8.9811, 8.9872, 8.9830, 9.0059, 9.0011, 8.9888, 8.9767, 8.9721, 8.9777, 8.9778, 8.9807, 8.9841, 8.9797, 9.0261, 8.9769, 8.9843, 8.9757, 8.9719, 8.9798, 8.9790, 8.9859, 9.0004, 8.9959, 8.9848, 8.9890, 8.9984, 8.9974, 8.9726, 8.9874, 8.9762, 8.9800, 8.9801, 8.9831, 8.9829, 8.9809, 8.9867, 8.9793, 9.0029, 8.9789, 8.9753, 8.9792, 8.9946, 9.0023, 8.9694, 8.9709, 8.9816, 8.9929, 8.9931, 8.9804, 8.9956, 8.9836, 8.9713, 8.9769, 8.9713, 8.9691, 8.9771, 8.9955, 8.9725, 8.9734, 8.9806, 8.9803, 9.0173, 8.9814, 8.9902, 9.0444, 9.0387, 9.0503, 9.0446, 9.0572, 9.0455, 9.0489, 9.0542, 9.0441, 9.0505, 9.0400, 9.0437, 9.0401, 9.0624, 9.0635, 9.0681, 9.0803, 9.0487, 9.0400, 9.0465, 9.0509, 9.0434, 9.0542, 9.0489, 9.0269, 9.0583, 9.0472, 9.0467, 9.0443, 9.0466, 9.0473, 9.0404, 9.0528, 9.0501, 9.0475, 9.0268, 9.0511, 9.0502, 9.0718, 9.0531, 9.0468, 9.0437, 9.0479, 9.0473, 9.0429, 9.0490, 9.0487, 9.0700, 9.0383, 9.0469, 9.0527, 9.0641, 9.0418, 9.0552, 9.0476, 9.0640, 9.0601, 9.0546, 9.0507, 9.0289, 9.0342, 9.0382, 9.0462, 9.0546, 9.0403, 9.0361, 9.0526, 9.0442, 9.0464, 9.0482, 9.0327, 9.0476, 9.0436, 9.0429, 9.0457, 9.0622, 9.0449, 9.0500, 9.0337, 9.0464, 9.0393, 9.0622, 9.0578, 9.0549, 9.0508, 9.0414, 9.0473, 9.0476, 9.0573, 9.0424, 9.0476, 9.0507, 9.0591, 9.0409, 9.0423, 9.0312, 9.0385, 9.0527, 9.0498, 9.0664, 9.0763, 9.0458, 9.0421, 9.0501, 9.0574, 9.0445, 9.0740, 9.0425, 9.0557, 9.0554, 9.0447, 9.0369, 9.0432, 9.0645, 9.0557, 9.0554, 9.0435, 9.0458, 9.0357, 9.0409, 9.0471, 9.0337, 9.0238, 9.0524, 9.0368, 9.0312, 9.0538, 9.0554, 9.0404, 9.0445, 9.0286, 9.0429, 9.0552, 9.0416, 9.0418, 9.0381, 9.0495, 9.0400, 9.0475, 9.0553, 9.0317, 9.0501, 9.0406, 9.0390, 9.0434, 9.0490, 9.0777, 9.0485, 9.0409, 9.0392, 9.0500, 9.0286, 9.0449, 9.0498, 9.0386, 9.0332, 9.0518, 9.0572, 9.0493, 9.0456, 9.0625, 9.0379, 9.0414, 9.1098, 9.0603, 9.0494
     mean rt (s): 9.0261
   stddev rt (s): 0.0328
       95% ci rt: 0.0041 -> [9.0220, 9.0302]
     coeff ci rt: 0.0004526869451023406
━━━━━━━━━━━━━━━━━━━━━━━━━━━━━━━━━━━━━━━━━━━━━━━━━━━━━━━━━━━━━━━━━━━━━━━━━━━━━━━━━━━━━━━━━━━━━━━━━━━━
━━━━━━━━━━━━━━━━━━━━━━━━━━━━━━━━━━━━━━━━━━━━━━━━━━━━━━━━━━━━━━━━━━━━━━━━━━━━━━━━━━━━━━━━━━━━━━━━━━━━
      test count: 252
          rt (s): 8.9784, 8.9810, 8.9903, 8.9757, 8.9538, 8.9420, 8.9582, 8.9766, 8.9948, 8.9872, 9.0245, 8.9752, 8.9796, 8.9806, 8.9912, 8.9809, 8.9810, 8.9752, 8.9837, 8.9790, 8.9787, 8.9811, 8.9872, 8.9830, 9.0059, 9.0011, 8.9888, 8.9767, 8.9721, 8.9777, 8.9778, 8.9807, 8.9841, 8.9797, 9.0261, 8.9769, 8.9843, 8.9757, 8.9719, 8.9798, 8.9790, 8.9859, 9.0004, 8.9959, 8.9848, 8.9890, 8.9984, 8.9974, 8.9726, 8.9874, 8.9762, 8.9800, 8.9801, 8.9831, 8.9829, 8.9809, 8.9867, 8.9793, 9.0029, 8.9789, 8.9753, 8.9792, 8.9946, 9.0023, 8.9694, 8.9709, 8.9816, 8.9929, 8.9931, 8.9804, 8.9956, 8.9836, 8.9713, 8.9769, 8.9713, 8.9691, 8.9771, 8.9955, 8.9725, 8.9734, 8.9806, 8.9803, 9.0173, 8.9814, 8.9902, 9.0444, 9.0387, 9.0503, 9.0446, 9.0572, 9.0455, 9.0489, 9.0542, 9.0441, 9.0505, 9.0400, 9.0437, 9.0401, 9.0624, 9.0635, 9.0681, 9.0803, 9.0487, 9.0400, 9.0465, 9.0509, 9.0434, 9.0542, 9.0489, 9.0269, 9.0583, 9.0472, 9.0467, 9.0443, 9.0466, 9.0473, 9.0404, 9.0528, 9.0501, 9.0475, 9.0268, 9.0511, 9.0502, 9.0718, 9.0531, 9.0468, 9.0437, 9.0479, 9.0473, 9.0429, 9.0490, 9.0487, 9.0700, 9.0383, 9.0469, 9.0527, 9.0641, 9.0418, 9.0552, 9.0476, 9.0640, 9.0601, 9.0546, 9.0507, 9.0289, 9.0342, 9.0382, 9.0462, 9.0546, 9.0403, 9.0361, 9.0526, 9.0442, 9.0464, 9.0482, 9.0327, 9.0476, 9.0436, 9.0429, 9.0457, 9.0622, 9.0449, 9.0500, 9.0337, 9.0464, 9.0393, 9.0622, 9.0578, 9.0549, 9.0508, 9.0414, 9.0473, 9.0476, 9.0573, 9.0424, 9.0476, 9.0507, 9.0591, 9.0409, 9.0423, 9.0312, 9.0385, 9.0527, 9.0498, 9.0664, 9.0763, 9.0458, 9.0421, 9.0501, 9.0574, 9.0445, 9.0740, 9.0425, 9.0557, 9.0554, 9.0447, 9.0369, 9.0432, 9.0645, 9.0557, 9.0554, 9.0435, 9.0458, 9.0357, 9.0409, 9.0471, 9.0337, 9.0238, 9.0524, 9.0368, 9.0312, 9.0538, 9.0554, 9.0404, 9.0445, 9.0286, 9.0429, 9.0552, 9.0416, 9.0418, 9.0381, 9.0495, 9.0400, 9.0475, 9.0553, 9.0317, 9.0501, 9.0406, 9.0390, 9.0434, 9.0490, 9.0777, 9.0485, 9.0409, 9.0392, 9.0500, 9.0286, 9.0449, 9.0498, 9.0386, 9.0332, 9.0518, 9.0572, 9.0493, 9.0456, 9.0625, 9.0379, 9.0414, 9.1098, 9.0603, 9.0494, 9.0418
     mean rt (s): 9.0262
   stddev rt (s): 0.0328
       95% ci rt: 0.0041 -> [9.0221, 9.0303]
     coeff ci rt: 0.0004510792879727806
━━━━━━━━━━━━━━━━━━━━━━━━━━━━━━━━━━━━━━━━━━━━━━━━━━━━━━━━━━━━━━━━━━━━━━━━━━━━━━━━━━━━━━━━━━━━━━━━━━━━
