Timestamp,Capacidad disponible,Capacidad utilizada,% Memoria utilizada
2025-03-01 11:40:04,10149340,2077972,16.994511958147466
2025-03-01 11:40:07,10148336,2078976,17.002723084190542
2025-03-01 11:40:10,10148336,2078976,17.002723084190542
2025-03-01 11:40:13,10148336,2078976,17.002723084190542
2025-03-01 11:40:16,10153880,2073432,16.957381965880973
2025-03-01 11:40:19,10153880,2073432,16.957381965880973
2025-03-01 11:40:22,10153880,2073432,16.957381965880973
2025-03-01 11:40:25,10153880,2073432,16.957381965880973
2025-03-01 11:40:28,10153880,2073432,16.957381965880973
2025-03-01 11:40:31,10153880,2073432,16.957381965880973
2025-03-01 11:40:34,10153880,2073432,16.957381965880973
2025-03-01 11:40:37,10153880,2073432,16.957381965880973
2025-03-01 11:40:40,10156148,2071164,16.93883332657251
2025-03-01 11:40:43,10155896,2071416,16.940894286495674
2025-03-01 11:40:46,10155896,2071416,16.940894286495674
2025-03-01 11:40:49,10155896,2071416,16.940894286495674
2025-03-01 11:40:52,10160440,2066872,16.903731580579606
2025-03-01 11:40:55,10160440,2066872,16.903731580579606
2025-03-01 11:40:58,10160440,2066872,16.903731580579606
2025-03-01 11:41:01,10160440,2066872,16.903731580579606
2025-03-01 11:41:04,10162708,2064604,16.885182941271147
2025-03-01 11:41:07,10161700,2065612,16.893426780963797
2025-03-01 11:41:10,10161448,2065864,16.895487740886956
2025-03-01 11:41:13,10161448,2065864,16.895487740886956
2025-03-01 11:41:16,10159684,2067628,16.909914460349093
2025-03-01 11:41:19,10159684,2067628,16.909914460349093
2025-03-01 11:41:22,10159460,2067852,16.911746424725237
2025-03-01 11:41:25,10159460,2067852,16.911746424725237
2025-03-01 11:41:28,10160752,2066560,16.901179915912834
2025-03-01 11:41:31,10160500,2066812,16.903240875835998
2025-03-01 11:41:34,10160500,2066812,16.903240875835998
2025-03-01 11:41:37,10160500,2066812,16.903240875835998
2025-03-01 11:41:40,10156252,2071060,16.937982771683586
2025-03-01 11:41:43,10156252,2071060,16.937982771683586
2025-03-01 11:41:46,10156252,2071060,16.937982771683586
2025-03-01 11:41:49,10156252,2071060,16.937982771683586
2025-03-01 11:41:52,10156756,2070556,16.933860851837267
2025-03-01 11:41:55,10156756,2070556,16.933860851837267
2025-03-01 11:41:58,10156756,2070556,16.933860851837267
2025-03-01 11:42:01,10156756,2070556,16.933860851837267
2025-03-01 11:42:04,10158520,2068792,16.919434132375127
2025-03-01 11:42:07,10158520,2068792,16.919434132375127
2025-03-01 11:42:10,10158268,2069044,16.92149509229829
2025-03-01 11:42:13,10158044,2069268,16.923327056674434
2025-03-01 11:42:16,10159808,2067504,16.908900337212298
2025-03-01 11:42:19,10159808,2067504,16.908900337212298
2025-03-01 11:42:22,10159808,2067504,16.908900337212298
2025-03-01 11:42:25,10159808,2067504,16.908900337212298
2025-03-01 11:42:28,10156036,2071276,16.939749308760586
2025-03-01 11:42:31,10156036,2071276,16.939749308760586
2025-03-01 11:42:34,10156036,2071276,16.939749308760586
2025-03-01 11:42:37,10156036,2071276,16.939749308760586
2025-03-01 11:42:40,10161580,2065732,16.894408190451017
2025-03-01 11:42:43,10161580,2065732,16.894408190451017
2025-03-01 11:42:46,10161580,2065732,16.894408190451017
2025-03-01 11:42:49,10161580,2065732,16.894408190451017
2025-03-01 11:42:52,10163596,2063716,16.87792051106572
2025-03-01 11:42:55,10163344,2063968,16.87998147098888
2025-03-01 11:42:58,10163344,2063968,16.87998147098888
2025-03-01 11:43:01,10163344,2063968,16.87998147098888
2025-03-01 11:43:04,10158052,2069260,16.923261629375286
2025-03-01 11:43:07,10158052,2069260,16.923261629375286
2025-03-01 11:43:10,10158052,2069260,16.923261629375286
2025-03-01 11:43:13,10158052,2069260,16.923261629375286
2025-03-01 11:43:16,10165108,2062204,16.865554751526744
2025-03-01 11:43:19,10165108,2062204,16.865554751526744
2025-03-01 11:43:22,10165108,2062204,16.865554751526744
2025-03-01 11:43:25,10165108,2062204,16.865554751526744
2025-03-01 11:43:28,10161592,2065720,16.894310049502295
2025-03-01 11:43:31,10161088,2066224,16.898431969348618
2025-03-01 11:43:34,10161088,2066224,16.898431969348618
2025-03-01 11:43:37,10161088,2066224,16.898431969348618
2025-03-01 11:43:40,10164364,2062948,16.87163949034751
2025-03-01 11:43:43,10164364,2062948,16.87163949034751
2025-03-01 11:43:46,10164364,2062948,16.87163949034751
2025-03-01 11:43:49,10164112,2063200,16.873700450270672
2025-03-01 11:43:52,10165624,2061688,16.8613346907317
2025-03-01 11:43:55,10165624,2061688,16.8613346907317
2025-03-01 11:43:58,10165372,2061940,16.863395650654862
2025-03-01 11:44:01,10165372,2061940,16.863395650654862
2025-03-01 11:44:04,10160584,2066728,16.902553889194945
2025-03-01 11:44:07,10160080,2067232,16.906675809041268
2025-03-01 11:44:10,10160080,2067232,16.906675809041268
2025-03-01 11:44:13,10160080,2067232,16.906675809041268
2025-03-01 11:44:16,10160844,2066468,16.900427501972633
2025-03-01 11:44:19,10160592,2066720,16.902488461895796
2025-03-01 11:44:22,10160592,2066720,16.902488461895796
2025-03-01 11:44:25,10160592,2066720,16.902488461895796
2025-03-01 11:44:28,10162384,2064928,16.88783274688664
2025-03-01 11:44:31,10162384,2064928,16.88783274688664
2025-03-01 11:44:34,10162384,2064928,16.88783274688664
2025-03-01 11:44:37,10162384,2064928,16.88783274688664
2025-03-01 11:44:40,10165660,2061652,16.86104026788553
2025-03-01 11:44:43,10165156,2062156,16.86516218773186
2025-03-01 11:44:46,10165156,2062156,16.86516218773186
2025-03-01 11:44:49,10165156,2062156,16.86516218773186
2025-03-01 11:44:52,10171456,2055856,16.813638189652806
2025-03-01 11:44:55,10170952,2056360,16.817760109499126
2025-03-01 11:44:58,10170700,2056612,16.81982106942229
2025-03-01 11:45:01,10170700,2056612,16.81982106942229
2025-03-01 11:45:04,10165156,2062156,16.86516218773186
2025-03-01 11:45:07,10164904,2062408,16.867223147655018
2025-03-01 11:45:10,10164652,2062660,16.869284107578185
2025-03-01 11:45:13,10164652,2062660,16.869284107578185
2025-03-01 11:45:16,10167424,2059888,16.8466135484234
2025-03-01 11:45:19,10167424,2059888,16.8466135484234
2025-03-01 11:45:22,10167424,2059888,16.8466135484234
2025-03-01 11:45:25,10167424,2059888,16.8466135484234
2025-03-01 11:45:28,10167676,2059636,16.844552588500235
2025-03-01 11:45:31,10167452,2059860,16.84638455287638
2025-03-01 11:45:34,10167212,2060100,16.84834737185082
2025-03-01 11:45:37,10167212,2060100,16.84834737185082
2025-03-01 11:45:40,10162928,2064384,16.88338369054458
2025-03-01 11:45:43,10162928,2064384,16.88338369054458
2025-03-01 11:45:46,10162928,2064384,16.88338369054458
2025-03-01 11:45:49,10162928,2064384,16.88338369054458
2025-03-01 11:45:52,10161416,2065896,16.89574945008355
2025-03-01 11:45:55,10161164,2066148,16.897810410006713
2025-03-01 11:45:58,10161164,2066148,16.897810410006713
2025-03-01 11:46:01,10160912,2066400,16.899871369929876
2025-03-01 11:46:04,10155620,2071692,16.94315152831628
2025-03-01 11:46:07,10155620,2071692,16.94315152831628
2025-03-01 11:46:10,10155620,2071692,16.94315152831628
2025-03-01 11:46:13,10155620,2071692,16.94315152831628
2025-03-01 11:46:16,10151336,2075976,16.978187847010037
2025-03-01 11:46:19,10151336,2075976,16.978187847010037
2025-03-01 11:46:22,10151084,2076228,16.9802488069332
2025-03-01 11:46:25,10151084,2076228,16.9802488069332
2025-03-01 11:46:28,10158644,2068668,16.918420009238336
2025-03-01 11:46:31,10158644,2068668,16.918420009238336
2025-03-01 11:46:34,10158644,2068668,16.918420009238336
2025-03-01 11:46:37,10158644,2068668,16.918420009238336
2025-03-01 11:46:40,10157384,2069928,16.928724808854145
2025-03-01 11:46:43,10156628,2070684,16.934907688623632
2025-03-01 11:46:46,10156628,2070684,16.934907688623632
2025-03-01 11:46:49,10156628,2070684,16.934907688623632
2025-03-01 11:46:52,10156124,2071188,16.93902960846996
2025-03-01 11:46:55,10156124,2071188,16.93902960846996
2025-03-01 11:46:58,10156124,2071188,16.93902960846996
2025-03-01 11:47:01,10156124,2071188,16.93902960846996
2025-03-01 11:47:04,10157132,2070180,16.930785768777305
2025-03-01 11:47:07,10157132,2070180,16.930785768777305
2025-03-01 11:47:10,10157132,2070180,16.930785768777305
2025-03-01 11:47:13,10157132,2070180,16.930785768777305
2025-03-01 11:47:16,10153112,2074200,16.963662986599182
2025-03-01 11:47:19,10153112,2074200,16.963662986599182
2025-03-01 11:47:22,10153112,2074200,16.963662986599182
2025-03-01 11:47:25,10153112,2074200,16.963662986599182
2025-03-01 11:47:28,10152104,2075208,16.97190682629183
2025-03-01 11:47:31,10152104,2075208,16.97190682629183
2025-03-01 11:47:34,10152104,2075208,16.97190682629183
2025-03-01 11:47:37,10152104,2075208,16.97190682629183
2025-03-01 11:47:40,10150340,2076972,16.986333545753965
2025-03-01 11:47:43,10149848,2077464,16.990357324651566
2025-03-01 11:47:46,10149848,2077464,16.990357324651566
2025-03-01 11:47:49,10149848,2077464,16.990357324651566
2025-03-01 11:47:52,10155896,2071416,16.940894286495674
2025-03-01 11:47:55,10155644,2071668,16.942955246418837
2025-03-01 11:47:58,10155644,2071668,16.942955246418837
2025-03-01 11:48:01,10155644,2071668,16.942955246418837
2025-03-01 11:48:04,10150856,2076456,16.98211348495892
2025-03-01 11:48:07,10150352,2076960,16.986235404805242
2025-03-01 11:48:10,10150352,2076960,16.986235404805242
2025-03-01 11:48:13,10150352,2076960,16.986235404805242
2025-03-01 11:48:16,10149596,2077716,16.99241828457473
2025-03-01 11:48:19,10149092,2078220,16.996540204421056
2025-03-01 11:48:22,10149092,2078220,16.996540204421056
2025-03-01 11:48:25,10149092,2078220,16.996540204421056
2025-03-01 11:48:28,10154888,2072424,16.949138126188323
2025-03-01 11:48:31,10154888,2072424,16.949138126188323
2025-03-01 11:48:34,10154888,2072424,16.949138126188323
2025-03-01 11:48:37,10154888,2072424,16.949138126188323
2025-03-01 11:48:40,10158416,2068896,16.920284687264054
2025-03-01 11:48:43,10158416,2068896,16.920284687264054
2025-03-01 11:48:46,10158416,2068896,16.920284687264054
2025-03-01 11:48:49,10158416,2068896,16.920284687264054
2025-03-01 11:48:52,10160180,2067132,16.905857967801918
2025-03-01 11:48:55,10160180,2067132,16.905857967801918
2025-03-01 11:48:58,10159956,2067356,16.90768993217806
2025-03-01 11:49:01,10159956,2067356,16.90768993217806
2025-03-01 11:49:04,10158192,2069120,16.9221166516402
2025-03-01 11:49:07,10158192,2069120,16.9221166516402
2025-03-01 11:49:10,10158192,2069120,16.9221166516402
2025-03-01 11:49:13,10158192,2069120,16.9221166516402
2025-03-01 11:49:16,10153152,2074160,16.96333585010344
2025-03-01 11:49:19,10153152,2074160,16.96333585010344
2025-03-01 11:49:22,10153152,2074160,16.96333585010344
2025-03-01 11:49:26,10153152,2074160,16.96333585010344
2025-03-01 11:49:29,10152900,2074412,16.965396810026604
2025-03-01 11:49:32,10152900,2074412,16.965396810026604
2025-03-01 11:49:35,10152900,2074412,16.965396810026604
2025-03-01 11:49:38,10152900,2074412,16.965396810026604
2025-03-01 11:49:41,10151388,2075924,16.977762569565577
2025-03-01 11:49:44,10151388,2075924,16.977762569565577
2025-03-01 11:49:47,10151148,2076164,16.979725388540015
2025-03-01 11:49:50,10151148,2076164,16.979725388540015
2025-03-01 11:49:53,10151652,2075660,16.97560346869369
2025-03-01 11:49:56,10151652,2075660,16.97560346869369
2025-03-01 11:49:59,10151652,2075660,16.97560346869369
2025-03-01 11:50:02,10151652,2075660,16.97560346869369
2025-03-01 11:50:05,10151652,2075660,16.97560346869369
2025-03-01 11:50:08,10151400,2075912,16.977664428616855
2025-03-01 11:50:11,10151400,2075912,16.977664428616855
2025-03-01 11:50:14,10151400,2075912,16.977664428616855
2025-03-01 11:50:17,10153176,2074136,16.963139568205996
2025-03-01 11:50:20,10153176,2074136,16.963139568205996
2025-03-01 11:50:23,10153176,2074136,16.963139568205996
2025-03-01 11:50:26,10153176,2074136,16.963139568205996
2025-03-01 11:50:29,10154940,2072372,16.94871284874386
2025-03-01 11:50:32,10154940,2072372,16.94871284874386
2025-03-01 11:50:35,10154940,2072372,16.94871284874386
2025-03-01 11:50:38,10154940,2072372,16.94871284874386
2025-03-01 11:50:41,10152924,2074388,16.96520052812916
2025-03-01 11:50:44,10152924,2074388,16.96520052812916
2025-03-01 11:50:47,10152672,2074640,16.967261488052323
2025-03-01 11:50:50,10152672,2074640,16.967261488052323
2025-03-01 11:50:53,10146876,2080436,17.01466356628505
2025-03-01 11:50:56,10146876,2080436,17.01466356628505
2025-03-01 11:50:59,10146876,2080436,17.01466356628505
2025-03-01 11:51:02,10146876,2080436,17.01466356628505
2025-03-01 11:51:05,10144860,2082452,17.031151245670348
2025-03-01 11:51:08,10144860,2082452,17.031151245670348
2025-03-01 11:51:11,10144860,2082452,17.031151245670348
2025-03-01 11:51:14,10144860,2082452,17.031151245670348
2025-03-01 11:51:17,10139824,2087488,17.07233773048402
2025-03-01 11:51:20,10139824,2087488,17.07233773048402
2025-03-01 11:51:23,10139824,2087488,17.07233773048402
2025-03-01 11:51:26,10139824,2087488,17.07233773048402
2025-03-01 11:51:29,10141092,2086220,17.061967503569058
2025-03-01 11:51:32,10141092,2086220,17.061967503569058
2025-03-01 11:51:35,10141092,2086220,17.061967503569058
2025-03-01 11:51:38,10141092,2086220,17.061967503569058
2025-03-01 11:51:41,10137060,2090252,17.094942862339654
2025-03-01 11:51:44,10137060,2090252,17.094942862339654
2025-03-01 11:51:47,10137060,2090252,17.094942862339654
2025-03-01 11:51:50,10137060,2090252,17.094942862339654
2025-03-01 11:51:53,10144380,2082932,17.03507688361923
2025-03-01 11:51:56,10144380,2082932,17.03507688361923
2025-03-01 11:51:59,10144380,2082932,17.03507688361923
2025-03-01 11:52:02,10144380,2082932,17.03507688361923
2025-03-01 11:52:05,10149168,2078144,16.995918645079147
2025-03-01 11:52:08,10149168,2078144,16.995918645079147
2025-03-01 11:52:11,10149168,2078144,16.995918645079147
2025-03-01 11:52:14,10149168,2078144,16.995918645079147
2025-03-01 11:52:17,10152696,2074616,16.967065206154878
2025-03-01 11:52:20,10152696,2074616,16.967065206154878
2025-03-01 11:52:23,10152696,2074616,16.967065206154878
2025-03-01 11:52:26,10152696,2074616,16.967065206154878
2025-03-01 11:52:29,10154712,2072600,16.95057752676958
2025-03-01 11:52:32,10154712,2072600,16.95057752676958
2025-03-01 11:52:35,10154712,2072600,16.95057752676958
2025-03-01 11:52:38,10154712,2072600,16.95057752676958
2025-03-01 11:52:41,10156980,2070332,16.93202888746112
2025-03-01 11:52:44,10156476,2070836,16.936150807307442
2025-03-01 11:52:47,10156476,2070836,16.936150807307442
2025-03-01 11:52:50,10156476,2070836,16.936150807307442
2025-03-01 11:52:53,10153956,2073356,16.956760406539065
2025-03-01 11:52:56,10153956,2073356,16.956760406539065
2025-03-01 11:52:59,10153704,2073608,16.958821366462228
2025-03-01 11:53:02,10153704,2073608,16.958821366462228
2025-03-01 11:53:05,10155972,2071340,16.94027272715377
2025-03-01 11:53:08,10155972,2071340,16.94027272715377
2025-03-01 11:53:11,10155972,2071340,16.94027272715377
2025-03-01 11:53:14,10155748,2071564,16.942104691529913
2025-03-01 11:53:17,10150708,2076604,16.98332388999316
2025-03-01 11:53:20,10150204,2077108,16.98744580983948
2025-03-01 11:53:23,10150204,2077108,16.98744580983948
2025-03-01 11:53:26,10150204,2077108,16.98744580983948
2025-03-01 11:53:29,10152220,2075092,16.970958130454182
2025-03-01 11:53:32,10152220,2075092,16.970958130454182
2025-03-01 11:53:35,10152220,2075092,16.970958130454182
2025-03-01 11:53:38,10152220,2075092,16.970958130454182
2025-03-01 11:53:41,10152220,2075092,16.970958130454182
2025-03-01 11:53:44,10152220,2075092,16.970958130454182
2025-03-01 11:53:47,10152220,2075092,16.970958130454182
2025-03-01 11:53:50,10151996,2075316,16.97279009483033
2025-03-01 11:53:53,10150232,2077080,16.987216814292463
2025-03-01 11:53:56,10149728,2077584,16.991338734138786
2025-03-01 11:53:59,10149728,2077584,16.991338734138786
2025-03-01 11:54:02,10149488,2077824,16.993301553113227
2025-03-01 11:54:05,10155032,2072280,16.94796043480366
2025-03-01 11:54:08,10155032,2072280,16.94796043480366
2025-03-01 11:54:11,10155032,2072280,16.94796043480366
2025-03-01 11:54:14,10155032,2072280,16.94796043480366
2025-03-01 11:54:17,10159316,2067996,16.912924116109902
2025-03-01 11:54:20,10159316,2067996,16.912924116109902
2025-03-01 11:54:23,10159316,2067996,16.912924116109902
2025-03-01 11:54:26,10159316,2067996,16.912924116109902
2025-03-01 11:54:29,10158812,2068500,16.917046035956226
2025-03-01 11:54:32,10158812,2068500,16.917046035956226
2025-03-01 11:54:35,10158312,2069000,16.921135242152978
2025-03-01 11:54:38,10158312,2069000,16.921135242152978
2025-03-01 11:54:41,10153272,2074040,16.96235444061622
2025-03-01 11:54:44,10152768,2074544,16.966476360462547
2025-03-01 11:54:47,10152768,2074544,16.966476360462547
2025-03-01 11:54:50,10152768,2074544,16.966476360462547
2025-03-01 11:54:53,10154532,2072780,16.95204964100041
2025-03-01 11:54:56,10154532,2072780,16.95204964100041
2025-03-01 11:54:59,10154532,2072780,16.95204964100041
2025-03-01 11:55:02,10154532,2072780,16.95204964100041
2025-03-01 11:55:05,10157808,2069504,16.9252571619993
2025-03-01 11:55:08,10157808,2069504,16.9252571619993
2025-03-01 11:55:11,10157808,2069504,16.9252571619993
2025-03-01 11:55:14,10157808,2069504,16.9252571619993
2025-03-01 11:55:17,10159068,2068244,16.914952362383488
2025-03-01 11:55:20,10158816,2068496,16.917013322306655
2025-03-01 11:55:23,10158816,2068496,16.917013322306655
2025-03-01 11:55:26,10158816,2068496,16.917013322306655
2025-03-01 11:55:29,10153524,2073788,16.96029348069306
2025-03-01 11:55:32,10153524,2073788,16.96029348069306
2025-03-01 11:55:35,10153524,2073788,16.96029348069306
2025-03-01 11:55:38,10153524,2073788,16.96029348069306
2025-03-01 11:55:41,10155792,2071520,16.941744841384597
2025-03-01 11:55:44,10155288,2072024,16.945866761230924
2025-03-01 11:55:47,10155288,2072024,16.945866761230924
2025-03-01 11:55:50,10155288,2072024,16.945866761230924
2025-03-01 11:55:53,10160328,2066984,16.90464756276768
2025-03-01 11:55:56,10160328,2066984,16.90464756276768
2025-03-01 11:55:59,10160328,2066984,16.90464756276768
2025-03-01 11:56:02,10159836,2067476,16.908671341665283
2025-03-01 11:56:05,10154544,2072768,16.95195150005169
2025-03-01 11:56:08,10154292,2073020,16.954012459974848
2025-03-01 11:56:11,10154292,2073020,16.954012459974848
2025-03-01 11:56:14,10154292,2073020,16.954012459974848
2025-03-01 11:56:17,10148752,2078560,16.999320864634843
2025-03-01 11:56:20,10148500,2078812,17.001381824558006
2025-03-01 11:56:23,10148500,2078812,17.001381824558006
2025-03-01 11:56:26,10148500,2078812,17.001381824558006
2025-03-01 11:56:29,10147240,2080072,17.011686624173816
2025-03-01 11:56:32,10146988,2080324,17.01374758409698
2025-03-01 11:56:35,10146988,2080324,17.01374758409698
2025-03-01 11:56:38,10146988,2080324,17.01374758409698
2025-03-01 11:56:41,10149004,2078308,16.997259904711683
2025-03-01 11:56:44,10148752,2078560,16.999320864634843
2025-03-01 11:56:47,10148752,2078560,16.999320864634843
2025-03-01 11:56:50,10148752,2078560,16.999320864634843
2025-03-01 11:56:53,10143964,2083348,17.038479103174925
2025-03-01 11:56:56,10143208,2084104,17.04466198294441
2025-03-01 11:56:59,10143208,2084104,17.04466198294441
2025-03-01 11:57:02,10143208,2084104,17.04466198294441
2025-03-01 11:57:05,10137664,2089648,17.090003101253977
2025-03-01 11:57:08,10137412,2089900,17.092064061177144
2025-03-01 11:57:11,10137412,2089900,17.092064061177144
2025-03-01 11:57:14,10137160,2090152,17.094125021100304
2025-03-01 11:57:17,10138672,2088640,17.08175926156133
2025-03-01 11:57:20,10138672,2088640,17.08175926156133
2025-03-01 11:57:23,10138672,2088640,17.08175926156133
2025-03-01 11:57:26,10138672,2088640,17.08175926156133
2025-03-01 11:57:29,10140688,2086624,17.065271582176035
2025-03-01 11:57:32,10140688,2086624,17.065271582176035
2025-03-01 11:57:35,10140688,2086624,17.065271582176035
2025-03-01 11:57:38,10140688,2086624,17.065271582176035
2025-03-01 11:57:41,10143964,2083348,17.038479103174925
2025-03-01 11:57:44,10143712,2083600,17.040540063098085
2025-03-01 11:57:47,10143712,2083600,17.040540063098085
2025-03-01 11:57:50,10143712,2083600,17.040540063098085
2025-03-01 11:57:53,10151524,2075788,16.97665030548006
2025-03-01 11:57:56,10151272,2076040,16.97871126540322
2025-03-01 11:57:59,10151272,2076040,16.97871126540322
2025-03-01 11:58:02,10151272,2076040,16.97871126540322
2025-03-01 11:58:05,10148752,2078560,16.999320864634843
2025-03-01 11:58:08,10148260,2079052,17.003344643532444
2025-03-01 11:58:11,10148260,2079052,17.003344643532444
2025-03-01 11:58:14,10148260,2079052,17.003344643532444
2025-03-01 11:58:17,10147508,2079804,17.00949480965236
2025-03-01 11:58:20,10147004,2080308,17.013616729498683
2025-03-01 11:58:23,10147004,2080308,17.013616729498683
2025-03-01 11:58:26,10147004,2080308,17.013616729498683
2025-03-01 11:58:29,10143224,2084088,17.044531128346115
2025-03-01 11:58:32,10143224,2084088,17.044531128346115
2025-03-01 11:58:35,10143224,2084088,17.044531128346115
2025-03-01 11:58:38,10143224,2084088,17.044531128346115
2025-03-01 11:58:41,10148768,2078544,16.999190010036546
2025-03-01 11:58:44,10148768,2078544,16.999190010036546
2025-03-01 11:58:47,10148768,2078544,16.999190010036546
2025-03-01 11:58:50,10148768,2078544,16.999190010036546
2025-03-01 11:58:53,10144484,2082828,17.034226328730302
2025-03-01 11:58:56,10144484,2082828,17.034226328730302
2025-03-01 11:58:59,10144484,2082828,17.034226328730302
2025-03-01 11:59:02,10144484,2082828,17.034226328730302
2025-03-01 11:59:05,10140476,2086836,17.067005405603457
2025-03-01 11:59:08,10140476,2086836,17.067005405603457
2025-03-01 11:59:11,10140476,2086836,17.067005405603457
2025-03-01 11:59:14,10140476,2086836,17.067005405603457
2025-03-01 11:59:17,10139468,2087844,17.075249245296103
2025-03-01 11:59:20,10139216,2088096,17.077310205219266
2025-03-01 11:59:23,10139216,2088096,17.077310205219266
2025-03-01 11:59:26,10139216,2088096,17.077310205219266
2025-03-01 11:59:30,10139468,2087844,17.075249245296103
2025-03-01 11:59:33,10139468,2087844,17.075249245296103
2025-03-01 11:59:36,10139468,2087844,17.075249245296103
2025-03-01 11:59:39,10139468,2087844,17.075249245296103
2025-03-01 11:59:42,10139972,2087340,17.07112732544978
2025-03-01 11:59:45,10139972,2087340,17.07112732544978
2025-03-01 11:59:48,10139972,2087340,17.07112732544978
2025-03-01 11:59:51,10139972,2087340,17.07112732544978
2025-03-01 11:59:54,10143528,2083784,17.04204489097849
2025-03-01 11:59:57,10143528,2083784,17.04204489097849
2025-03-01 12:00:00,10143276,2084036,17.04410585090165
2025-03-01 12:00:03,10143276,2084036,17.04410585090165
2025-03-01 12:00:06,10150836,2076476,16.982277053206786
2025-03-01 12:00:09,10150836,2076476,16.982277053206786
2025-03-01 12:00:12,10150596,2076716,16.984239872181227
2025-03-01 12:00:15,10150596,2076716,16.984239872181227
2025-03-01 12:00:18,10146564,2080748,17.017215230951823
2025-03-01 12:00:21,10146564,2080748,17.017215230951823
2025-03-01 12:00:24,10146312,2081000,17.019276190874987
2025-03-01 12:00:27,10146312,2081000,17.019276190874987
2025-03-01 12:00:30,10148076,2079236,17.00484947141285
2025-03-01 12:00:33,10148076,2079236,17.00484947141285
2025-03-01 12:00:36,10148076,2079236,17.00484947141285
2025-03-01 12:00:39,10148076,2079236,17.00484947141285
2025-03-01 12:00:42,10143036,2084276,17.046068669876092
2025-03-01 12:00:45,10142784,2084528,17.048129629799256
2025-03-01 12:00:48,10142784,2084528,17.048129629799256
2025-03-01 12:00:51,10144344,2082968,17.035371306465393
2025-03-01 12:00:54,10139508,2087804,17.074922108800365
2025-03-01 12:00:57,10139256,2088056,17.076983068723525
2025-03-01 12:01:00,10139256,2088056,17.076983068723525
2025-03-01 12:01:03,10139760,2087552,17.0728611488772
2025-03-01 12:01:06,10137492,2089820,17.091409788185665
2025-03-01 12:01:09,10137492,2089820,17.091409788185665
2025-03-01 12:01:12,10137492,2089820,17.091409788185665
2025-03-01 12:01:15,10137492,2089820,17.091409788185665
2025-03-01 12:01:18,10145052,2082260,17.029580990490796
2025-03-01 12:01:21,10145052,2082260,17.029580990490796
2025-03-01 12:01:24,10145052,2082260,17.029580990490796
2025-03-01 12:01:27,10152852,2074460,16.96578937382149
2025-03-01 12:01:30,10147320,2079992,17.011032351182337
2025-03-01 12:01:33,10147320,2079992,17.011032351182337
2025-03-01 12:01:36,10147320,2079992,17.011032351182337
2025-03-01 12:01:39,10150960,2076352,16.98126293006999
2025-03-01 12:01:42,10145052,2082260,17.029580990490796
2025-03-01 12:01:45,10144800,2082512,17.03164195041396
2025-03-01 12:01:48,10144800,2082512,17.03164195041396
2025-03-01 12:01:51,10146360,2080952,17.018883627080097
2025-03-01 12:01:54,10145556,2081756,17.025459070644473
2025-03-01 12:01:57,10145556,2081756,17.025459070644473
2025-03-01 12:02:00,10145556,2081756,17.025459070644473
2025-03-01 12:02:03,10147376,2079936,17.010574360088302
2025-03-01 12:02:06,10143540,2083772,17.04194675002977
2025-03-01 12:02:09,10143540,2083772,17.04194675002977
2025-03-01 12:02:12,10143068,2084244,17.045806960679503
2025-03-01 12:02:15,10143588,2083724,17.04155418623488
2025-03-01 12:02:18,10138028,2089284,17.087026159142745
2025-03-01 12:02:21,10138028,2089284,17.087026159142745
2025-03-01 12:02:24,10138028,2089284,17.087026159142745
2025-03-01 12:02:27,10141668,2085644,17.057256738030404
2025-03-01 12:02:30,10135508,2091804,17.107635758374368
2025-03-01 12:02:33,10135508,2091804,17.107635758374368
2025-03-01 12:02:36,10135508,2091804,17.107635758374368
2025-03-01 12:02:39,10137072,2090240,17.09484472139093
2025-03-01 12:02:42,10131728,2095584,17.1385501572218
2025-03-01 12:02:45,10131476,2095836,17.140611117144964
2025-03-01 12:02:48,10131476,2095836,17.140611117144964
2025-03-01 12:02:51,10139276,2088036,17.076819500475658
2025-03-01 12:02:54,10137272,2090040,17.09320903891223
2025-03-01 12:02:57,10137272,2090040,17.09320903891223
2025-03-01 12:03:00,10137272,2090040,17.09320903891223
2025-03-01 12:03:03,10139044,2088268,17.07871689215095
2025-03-01 12:03:06,10138288,2089024,17.084899771920437
2025-03-01 12:03:09,10138288,2089024,17.084899771920437
2025-03-01 12:03:12,10138288,2089024,17.084899771920437
2025-03-01 12:03:15,10139824,2087488,17.07233773048402
2025-03-01 12:03:18,10139800,2087512,17.072534012381464
2025-03-01 12:03:21,10139800,2087512,17.072534012381464
2025-03-01 12:03:24,10139800,2087512,17.072534012381464
2025-03-01 12:03:27,10141336,2085976,17.059971970945046
2025-03-01 12:03:30,10135516,2091796,17.10757033107522
2025-03-01 12:03:33,10135516,2091796,17.10757033107522
2025-03-01 12:03:36,10135516,2091796,17.10757033107522
2025-03-01 12:03:39,10138896,2088416,17.079927297185186
2025-03-01 12:03:42,10138288,2089024,17.084899771920437
2025-03-01 12:03:45,10138288,2089024,17.084899771920437
2025-03-01 12:03:48,10138288,2089024,17.084899771920437
2025-03-01 12:03:51,10138544,2088768,17.0828060983477
2025-03-01 12:03:54,10137788,2089524,17.088988978117186
2025-03-01 12:03:57,10137788,2089524,17.088988978117186
2025-03-01 12:04:00,10137788,2089524,17.088988978117186
2025-03-01 12:04:03,10145600,2081712,17.025099220499158
2025-03-01 12:04:06,10143836,2083476,17.03952593996129
2025-03-01 12:04:09,10143584,2083728,17.041586899884457
2025-03-01 12:04:12,10143344,2083968,17.0435497188589
2025-03-01 12:04:15,10145108,2082204,17.02912299939676
2025-03-01 12:04:18,10139564,2087748,17.074464117706327
2025-03-01 12:04:21,10139312,2088000,17.07652507762949
2025-03-01 12:04:24,10139312,2088000,17.07652507762949
2025-03-01 12:04:27,10140096,2087216,17.070113202312985
2025-03-01 12:04:30,10137548,2089764,17.090951797091623
2025-03-01 12:04:33,10137296,2090016,17.09301275701479
2025-03-01 12:04:36,10137296,2090016,17.09301275701479
2025-03-01 12:04:39,10145096,2082216,17.02922114034548
2025-03-01 12:04:42,10139564,2087748,17.074464117706327
2025-03-01 12:04:45,10139312,2088000,17.07652507762949
2025-03-01 12:04:48,10139312,2088000,17.07652507762949
2025-03-01 12:04:51,10147124,2080188,17.012635320011462
2025-03-01 12:04:54,10146872,2080440,17.014696279934626
2025-03-01 12:04:57,10146872,2080440,17.014696279934626
2025-03-01 12:05:00,10146620,2080692,17.01675723985779
2025-03-01 12:05:03,10147376,2079936,17.010574360088302
2025-03-01 12:05:06,10146620,2080692,17.01675723985779
2025-03-01 12:05:09,10146620,2080692,17.01675723985779
2025-03-01 12:05:12,10146396,2080916,17.01858920423393
2025-03-01 12:05:15,10154196,2073116,16.954797587564627
2025-03-01 12:05:18,10150176,2077136,16.987674805386497
2025-03-01 12:05:21,10150176,2077136,16.987674805386497
2025-03-01 12:05:24,10150176,2077136,16.987674805386497
2025-03-01 12:05:27,10150176,2077136,16.987674805386497
2025-03-01 12:05:30,10152192,2075120,16.9711871260012
2025-03-01 12:05:33,10151952,2075360,16.973149944975642
2025-03-01 12:05:36,10151952,2075360,16.973149944975642
2025-03-01 12:05:39,10152708,2074604,16.966967065206155
2025-03-01 12:05:42,10148676,2078636,16.999942423976748
2025-03-01 12:05:45,10148172,2079140,17.004064343823075
2025-03-01 12:05:48,10148172,2079140,17.004064343823075
2025-03-01 12:05:51,10148692,2078620,16.999811569378455
2025-03-01 12:05:54,10144908,2082404,17.03075868187546
2025-03-01 12:05:57,10144656,2082656,17.03281964179862
2025-03-01 12:06:00,10144656,2082656,17.03281964179862
2025-03-01 12:06:03,10145412,2081900,17.026636762029135
2025-03-01 12:06:06,10139368,2087944,17.076067086535453
2025-03-01 12:06:09,10139368,2087944,17.076067086535453
2025-03-01 12:06:12,10139368,2087944,17.076067086535453
2025-03-01 12:06:15,10140376,2086936,17.067823246842806
2025-03-01 12:06:18,10138108,2089204,17.086371886151266
2025-03-01 12:06:21,10138108,2089204,17.086371886151266
2025-03-01 12:06:24,10138108,2089204,17.086371886151266
2025-03-01 12:06:27,10141748,2085564,17.05660246503892
2025-03-01 12:06:30,10140124,2087188,17.069884206765966
2025-03-01 12:06:33,10140124,2087188,17.069884206765966
2025-03-01 12:06:36,10139872,2087440,17.071945166689133
2025-03-01 12:06:39,10140880,2086432,17.06370132699648
2025-03-01 12:06:42,10140880,2086432,17.06370132699648
2025-03-01 12:06:45,10140628,2086684,17.065762286919643
2025-03-01 12:06:48,10140376,2086936,17.067823246842806
2025-03-01 12:06:51,10140124,2087188,17.069884206765966
2025-03-01 12:06:54,10137856,2089456,17.08843284607443
2025-03-01 12:06:57,10137604,2089708,17.09049380599759
2025-03-01 12:07:00,10137604,2089708,17.09049380599759
2025-03-01 12:07:03,10137604,2089708,17.09049380599759
2025-03-01 12:07:06,10137856,2089456,17.08843284607443
2025-03-01 12:07:09,10137856,2089456,17.08843284607443
2025-03-01 12:07:12,10137856,2089456,17.08843284607443
2025-03-01 12:07:15,10137856,2089456,17.08843284607443
2025-03-01 12:07:18,10144408,2082904,17.03484788807221
2025-03-01 12:07:21,10144408,2082904,17.03484788807221
2025-03-01 12:07:24,10144408,2082904,17.03484788807221
2025-03-01 12:07:27,10144408,2082904,17.03484788807221
2025-03-01 12:07:30,10139368,2087944,17.076067086535453
2025-03-01 12:07:33,10139368,2087944,17.076067086535453
2025-03-01 12:07:36,10139368,2087944,17.076067086535453
2025-03-01 12:07:39,10139116,2088196,17.078128046458616
2025-03-01 12:07:42,10133836,2093476,17.1213100638963
2025-03-01 12:07:45,10133836,2093476,17.1213100638963
2025-03-01 12:07:48,10133836,2093476,17.1213100638963
2025-03-01 12:07:51,10133836,2093476,17.1213100638963
2025-03-01 12:07:54,10129328,2097984,17.158178346966203
2025-03-01 12:07:57,10129080,2098232,17.160206593239792
2025-03-01 12:08:00,10129080,2098232,17.160206593239792
2025-03-01 12:08:03,10129080,2098232,17.160206593239792
2025-03-01 12:08:06,10130088,2097224,17.15196275354714
2025-03-01 12:08:09,10130088,2097224,17.15196275354714
2025-03-01 12:08:12,10129848,2097464,17.15392557252158
2025-03-01 12:08:15,10129848,2097464,17.15392557252158
2025-03-01 12:08:18,10125816,2101496,17.186900931292175
2025-03-01 12:08:21,10125816,2101496,17.186900931292175
2025-03-01 12:08:24,10125816,2101496,17.186900931292175
2025-03-01 12:08:27,10125816,2101496,17.186900931292175
2025-03-01 12:08:30,10131360,2095952,17.141559812982607
2025-03-01 12:08:33,10131108,2096204,17.14362077290577
2025-03-01 12:08:36,10131108,2096204,17.14362077290577
2025-03-01 12:08:39,10131108,2096204,17.14362077290577
2025-03-01 12:08:42,10132872,2094440,17.129194053443637
2025-03-01 12:08:45,10132872,2094440,17.129194053443637
2025-03-01 12:08:48,10132872,2094440,17.129194053443637
2025-03-01 12:08:51,10132872,2094440,17.129194053443637
2025-03-01 12:08:54,10138668,2088644,17.081791975210905
2025-03-01 12:08:57,10138416,2088896,17.083852935134068
2025-03-01 12:09:00,10138416,2088896,17.083852935134068
2025-03-01 12:09:03,10138416,2088896,17.083852935134068
2025-03-01 12:09:06,10132872,2094440,17.129194053443637
2025-03-01 12:09:10,10132872,2094440,17.129194053443637
2025-03-01 12:09:13,10132872,2094440,17.129194053443637
2025-03-01 12:09:16,10132872,2094440,17.129194053443637
2025-03-01 12:09:19,10139424,2087888,17.07560909544142
2025-03-01 12:09:22,10139424,2087888,17.07560909544142
2025-03-01 12:09:25,10139424,2087888,17.07560909544142
2025-03-01 12:09:28,10139424,2087888,17.07560909544142
2025-03-01 12:09:31,10134636,2092676,17.1147673339815
2025-03-01 12:09:34,10134384,2092928,17.11682829390466
2025-03-01 12:09:37,10134384,2092928,17.11682829390466
2025-03-01 12:09:40,10134384,2092928,17.11682829390466
2025-03-01 12:09:43,10137912,2089400,17.08797485498039
2025-03-01 12:09:46,10137660,2089652,17.090035814903555
2025-03-01 12:09:49,10137660,2089652,17.090035814903555
2025-03-01 12:09:52,10137660,2089652,17.090035814903555
2025-03-01 12:09:55,10136904,2090408,17.09621869467304
2025-03-01 12:09:58,10136904,2090408,17.09621869467304
2025-03-01 12:10:01,10136652,2090660,17.0982796545962
2025-03-01 12:10:04,10136400,2090912,17.100340614519364
2025-03-01 12:10:07,10131612,2095700,17.139498853059447
2025-03-01 12:10:10,10131612,2095700,17.139498853059447
2025-03-01 12:10:13,10131360,2095952,17.141559812982607
2025-03-01 12:10:16,10131360,2095952,17.141559812982607
2025-03-01 12:10:19,10132884,2094428,17.12909591249491
2025-03-01 12:10:22,10132884,2094428,17.12909591249491
2025-03-01 12:10:25,10132884,2094428,17.12909591249491
2025-03-01 12:10:28,10132884,2094428,17.12909591249491
2025-03-01 12:10:31,10134144,2093168,17.1187911128791
2025-03-01 12:10:34,10134144,2093168,17.1187911128791
2025-03-01 12:10:37,10133892,2093420,17.120852072802265
2025-03-01 12:10:40,10133892,2093420,17.120852072802265
2025-03-01 12:10:43,10135908,2091404,17.10436439341697
2025-03-01 12:10:46,10135908,2091404,17.10436439341697
2025-03-01 12:10:49,10135908,2091404,17.10436439341697
2025-03-01 12:10:52,10135908,2091404,17.10436439341697
2025-03-01 12:10:55,10137924,2089388,17.08787671403167
2025-03-01 12:10:58,10137672,2089640,17.08993767395483
2025-03-01 12:11:01,10137672,2089640,17.08993767395483
2025-03-01 12:11:04,10137672,2089640,17.08993767395483
2025-03-01 12:11:07,10133388,2093924,17.12497399264859
2025-03-01 12:11:10,10133388,2093924,17.12497399264859
2025-03-01 12:11:13,10133388,2093924,17.12497399264859
2025-03-01 12:11:16,10133388,2093924,17.12497399264859
2025-03-01 12:11:19,10128348,2098964,17.16619319111183
2025-03-01 12:11:22,10128348,2098964,17.16619319111183
2025-03-01 12:11:25,10128348,2098964,17.16619319111183
2025-03-01 12:11:28,10128348,2098964,17.16619319111183
2025-03-01 12:11:31,10123560,2103752,17.205351429651913
2025-03-01 12:11:34,10123308,2104004,17.207412389575076
2025-03-01 12:11:37,10123308,2104004,17.207412389575076
2025-03-01 12:11:40,10123308,2104004,17.207412389575076
2025-03-01 12:11:43,10118520,2108792,17.24657062811516
2025-03-01 12:11:46,10118268,2109044,17.248631588038318
2025-03-01 12:11:49,10118268,2109044,17.248631588038318
2025-03-01 12:11:52,10118268,2109044,17.248631588038318
2025-03-01 12:11:55,10118800,2108512,17.244280672644976
2025-03-01 12:11:58,10118800,2108512,17.244280672644976
2025-03-01 12:12:01,10118800,2108512,17.244280672644976
2025-03-01 12:12:04,10118800,2108512,17.244280672644976
2025-03-01 12:12:07,10121068,2106244,17.22573203333652
2025-03-01 12:12:10,10121068,2106244,17.22573203333652
2025-03-01 12:12:13,10121068,2106244,17.22573203333652
2025-03-01 12:12:16,10121068,2106244,17.22573203333652
2025-03-01 12:12:19,10128124,2099188,17.168025155487975
2025-03-01 12:12:22,10128124,2099188,17.168025155487975
2025-03-01 12:12:25,10128124,2099188,17.168025155487975
2025-03-01 12:12:28,10128124,2099188,17.168025155487975
2025-03-01 12:12:31,10126864,2100448,17.178329955103788
2025-03-01 12:12:34,10126864,2100448,17.178329955103788
2025-03-01 12:12:37,10126864,2100448,17.178329955103788
2025-03-01 12:12:40,10126864,2100448,17.178329955103788
2025-03-01 12:12:43,10127368,2099944,17.17420803525746
2025-03-01 12:12:46,10127368,2099944,17.17420803525746
2025-03-01 12:12:49,10127368,2099944,17.17420803525746
2025-03-01 12:12:52,10127368,2099944,17.17420803525746
2025-03-01 12:12:55,10122328,2104984,17.215427233720707
2025-03-01 12:12:58,10122328,2104984,17.215427233720707
2025-03-01 12:13:01,10122328,2104984,17.215427233720707
2025-03-01 12:13:04,10122328,2104984,17.215427233720707
2025-03-01 12:13:07,10125604,2101708,17.188634754719597
2025-03-01 12:13:10,10125604,2101708,17.188634754719597
2025-03-01 12:13:13,10125604,2101708,17.188634754719597
2025-03-01 12:13:16,10125604,2101708,17.188634754719597
2025-03-01 12:13:19,10123840,2103472,17.203061474181734
2025-03-01 12:13:22,10123840,2103472,17.203061474181734
2025-03-01 12:13:25,10123840,2103472,17.203061474181734
2025-03-01 12:13:28,10123588,2103724,17.205122434104897
2025-03-01 12:13:31,10125352,2101960,17.19069571464276
2025-03-01 12:13:34,10125352,2101960,17.19069571464276
2025-03-01 12:13:37,10125352,2101960,17.19069571464276
2025-03-01 12:13:40,10125352,2101960,17.19069571464276
2025-03-01 12:13:43,10129636,2097676,17.155659395949
2025-03-01 12:13:46,10129636,2097676,17.155659395949
2025-03-01 12:13:49,10129636,2097676,17.155659395949
2025-03-01 12:13:52,10129636,2097676,17.155659395949
2025-03-01 12:13:55,10130140,2097172,17.15153747610268
2025-03-01 12:13:58,10130140,2097172,17.15153747610268
2025-03-01 12:14:01,10129888,2097424,17.153598436025842
2025-03-01 12:14:04,10129888,2097424,17.153598436025842
2025-03-01 12:14:07,10131904,2095408,17.137110756640546
2025-03-01 12:14:10,10131904,2095408,17.137110756640546
2025-03-01 12:14:13,10131652,2095660,17.139171716563705
2025-03-01 12:14:16,10131652,2095660,17.139171716563705
2025-03-01 12:14:19,10129888,2097424,17.153598436025842
2025-03-01 12:14:22,10129888,2097424,17.153598436025842
2025-03-01 12:14:25,10129888,2097424,17.153598436025842
2025-03-01 12:14:28,10129888,2097424,17.153598436025842
2025-03-01 12:14:31,10127620,2099692,17.1721470753343
2025-03-01 12:14:34,10127620,2099692,17.1721470753343
2025-03-01 12:14:37,10127368,2099944,17.17420803525746
2025-03-01 12:14:40,10127368,2099944,17.17420803525746
2025-03-01 12:14:43,10129384,2097928,17.157720355872165
2025-03-01 12:14:46,10129384,2097928,17.157720355872165
2025-03-01 12:14:49,10129384,2097928,17.157720355872165
2025-03-01 12:14:52,10129384,2097928,17.157720355872165
2025-03-01 12:14:55,10131400,2095912,17.14123267648687
2025-03-01 12:14:58,10131400,2095912,17.14123267648687
2025-03-01 12:15:01,10131400,2095912,17.14123267648687
2025-03-01 12:15:04,10131400,2095912,17.14123267648687
2025-03-01 12:15:07,10131148,2096164,17.143293636410032
2025-03-01 12:15:10,10131148,2096164,17.143293636410032
2025-03-01 12:15:13,10131148,2096164,17.143293636410032
2025-03-01 12:15:16,10131148,2096164,17.143293636410032
2025-03-01 12:15:19,10127368,2099944,17.17420803525746
2025-03-01 12:15:22,10127116,2100196,17.176268995180624
2025-03-01 12:15:25,10127116,2100196,17.176268995180624
2025-03-01 12:15:28,10127116,2100196,17.176268995180624
2025-03-01 12:15:31,10129384,2097928,17.157720355872165
2025-03-01 12:15:34,10129384,2097928,17.157720355872165
2025-03-01 12:15:37,10129384,2097928,17.157720355872165
2025-03-01 12:15:40,10129384,2097928,17.157720355872165
2025-03-01 12:15:43,10125856,2101456,17.186573794796438
2025-03-01 12:15:46,10125100,2102212,17.192756674565924
2025-03-01 12:15:49,10125100,2102212,17.192756674565924
2025-03-01 12:15:52,10125100,2102212,17.192756674565924
2025-03-01 12:15:55,10127368,2099944,17.17420803525746
2025-03-01 12:15:58,10126864,2100448,17.178329955103788
2025-03-01 12:16:01,10126864,2100448,17.178329955103788
2025-03-01 12:16:04,10126864,2100448,17.178329955103788
2025-03-01 12:16:07,10122832,2104480,17.21130531387438
2025-03-01 12:16:10,10122328,2104984,17.215427233720707
2025-03-01 12:16:13,10122328,2104984,17.215427233720707
2025-03-01 12:16:16,10122328,2104984,17.215427233720707
2025-03-01 12:16:19,10124092,2103220,17.20100051425857
2025-03-01 12:16:22,10124092,2103220,17.20100051425857
2025-03-01 12:16:25,10124092,2103220,17.20100051425857
2025-03-01 12:16:28,10124092,2103220,17.20100051425857
2025-03-01 12:16:31,10119052,2108260,17.242219712721816
2025-03-01 12:16:34,10119052,2108260,17.242219712721816
2025-03-01 12:16:37,10119052,2108260,17.242219712721816
2025-03-01 12:16:40,10119052,2108260,17.242219712721816
2025-03-01 12:16:43,10124596,2102716,17.196878594412247
2025-03-01 12:16:46,10124596,2102716,17.196878594412247
2025-03-01 12:16:49,10124596,2102716,17.196878594412247
2025-03-01 12:16:52,10124596,2102716,17.196878594412247
2025-03-01 12:16:55,10126360,2100952,17.18245187495011
2025-03-01 12:16:58,10126360,2100952,17.18245187495011
2025-03-01 12:17:01,10126360,2100952,17.18245187495011
2025-03-01 12:17:04,10126360,2100952,17.18245187495011
2025-03-01 12:17:07,10122076,2105236,17.217488193643867
2025-03-01 12:17:10,10122076,2105236,17.217488193643867
2025-03-01 12:17:13,10122076,2105236,17.217488193643867
2025-03-01 12:17:16,10122076,2105236,17.217488193643867
2025-03-01 12:17:19,10124344,2102968,17.19893955433541
2025-03-01 12:17:22,10124344,2102968,17.19893955433541
2025-03-01 12:17:25,10124344,2102968,17.19893955433541
2025-03-01 12:17:28,10124344,2102968,17.19893955433541
2025-03-01 12:17:31,10127368,2099944,17.17420803525746
2025-03-01 12:17:34,10127116,2100196,17.176268995180624
2025-03-01 12:17:37,10127116,2100196,17.176268995180624
2025-03-01 12:17:40,10126864,2100448,17.178329955103788
2025-03-01 12:17:43,10124848,2102464,17.194817634489084
2025-03-01 12:17:46,10124848,2102464,17.194817634489084
2025-03-01 12:17:49,10124848,2102464,17.194817634489084
2025-03-01 12:17:52,10124848,2102464,17.194817634489084
2025-03-01 12:17:55,10128880,2098432,17.161842275718488
2025-03-01 12:17:58,10128628,2098684,17.163903235641655
2025-03-01 12:18:01,10128628,2098684,17.163903235641655
2025-03-01 12:18:04,10128628,2098684,17.163903235641655
2025-03-01 12:18:07,10129888,2097424,17.153598436025842
2025-03-01 12:18:10,10129888,2097424,17.153598436025842
2025-03-01 12:18:13,10129888,2097424,17.153598436025842
2025-03-01 12:18:16,10129888,2097424,17.153598436025842
2025-03-01 12:18:19,10135180,2092132,17.110318277639436
2025-03-01 12:18:22,10135180,2092132,17.110318277639436
2025-03-01 12:18:25,10135180,2092132,17.110318277639436
2025-03-01 12:18:28,10135180,2092132,17.110318277639436
2025-03-01 12:18:32,10136440,2090872,17.100013478023623
2025-03-01 12:18:35,10136440,2090872,17.100013478023623
2025-03-01 12:18:38,10136440,2090872,17.100013478023623
2025-03-01 12:18:41,10136440,2090872,17.100013478023623
2025-03-01 12:18:44,10132420,2094892,17.1328906958455
2025-03-01 12:18:47,10132420,2094892,17.1328906958455
2025-03-01 12:18:50,10132420,2094892,17.1328906958455
2025-03-01 12:18:53,10132168,2095144,17.13495165576866
2025-03-01 12:18:56,10132932,2094380,17.128703348700025
2025-03-01 12:18:59,10132932,2094380,17.128703348700025
2025-03-01 12:19:02,10132932,2094380,17.128703348700025
2025-03-01 12:19:05,10132932,2094380,17.128703348700025
2025-03-01 12:19:08,10129152,2098160,17.159617747547458
2025-03-01 12:19:11,10129152,2098160,17.159617747547458
2025-03-01 12:19:14,10129152,2098160,17.159617747547458
2025-03-01 12:19:17,10129152,2098160,17.159617747547458
2025-03-01 12:19:20,10125624,2101688,17.18847118647173
2025-03-01 12:19:23,10125624,2101688,17.18847118647173
2025-03-01 12:19:26,10125624,2101688,17.18847118647173
2025-03-01 12:19:29,10125372,2101940,17.19053214639489
2025-03-01 12:19:32,10124868,2102444,17.194654066241213
2025-03-01 12:19:35,10124616,2102696,17.196715026164377
2025-03-01 12:19:38,10124364,2102948,17.19877598608754
2025-03-01 12:19:41,10124364,2102948,17.19877598608754
2025-03-01 12:19:44,10123356,2103956,17.207019825780186
2025-03-01 12:19:47,10123356,2103956,17.207019825780186
2025-03-01 12:19:50,10123356,2103956,17.207019825780186
2025-03-01 12:19:53,10123356,2103956,17.207019825780186
2025-03-01 12:19:56,10127136,2100176,17.176105426932757
2025-03-01 12:19:59,10127136,2100176,17.176105426932757
2025-03-01 12:20:02,10126884,2100428,17.178166386855917
2025-03-01 12:20:05,10126884,2100428,17.178166386855917
2025-03-01 12:20:08,10121340,2105972,17.223507505165486
2025-03-01 12:20:11,10121340,2105972,17.223507505165486
2025-03-01 12:20:14,10121340,2105972,17.223507505165486
2025-03-01 12:20:17,10121340,2105972,17.223507505165486
2025-03-01 12:20:20,10121844,2105468,17.21938558531916
2025-03-01 12:20:23,10121592,2105720,17.221446545242323
2025-03-01 12:20:26,10121592,2105720,17.221446545242323
2025-03-01 12:20:29,10121592,2105720,17.221446545242323
2025-03-01 12:20:32,10127388,2099924,17.174044467009594
2025-03-01 12:20:35,10127388,2099924,17.174044467009594
2025-03-01 12:20:38,10127388,2099924,17.174044467009594
2025-03-01 12:20:41,10127388,2099924,17.174044467009594
2025-03-01 12:20:44,10130916,2096396,17.14519102808532
2025-03-01 12:20:47,10130916,2096396,17.14519102808532
2025-03-01 12:20:50,10130916,2096396,17.14519102808532
2025-03-01 12:20:53,10130916,2096396,17.14519102808532
2025-03-01 12:20:56,10127640,2099672,17.17198350708643
2025-03-01 12:20:59,10127640,2099672,17.17198350708643
2025-03-01 12:21:02,10127640,2099672,17.17198350708643
2025-03-01 12:21:05,10127640,2099672,17.17198350708643
2025-03-01 12:21:08,10127640,2099672,17.17198350708643
2025-03-01 12:21:11,10127640,2099672,17.17198350708643
2025-03-01 12:21:14,10127640,2099672,17.17198350708643
2025-03-01 12:21:17,10127640,2099672,17.17198350708643
2025-03-01 12:21:20,10125624,2101688,17.18847118647173
2025-03-01 12:21:23,10125624,2101688,17.18847118647173
2025-03-01 12:21:26,10125624,2101688,17.18847118647173
2025-03-01 12:21:29,10125624,2101688,17.18847118647173
2025-03-01 12:21:32,10124112,2103200,17.2008369460107
2025-03-01 12:21:35,10124112,2103200,17.2008369460107
2025-03-01 12:21:38,10124112,2103200,17.2008369460107
2025-03-01 12:21:41,10124112,2103200,17.2008369460107
2025-03-01 12:21:44,10125624,2101688,17.18847118647173
2025-03-01 12:21:47,10125624,2101688,17.18847118647173
2025-03-01 12:21:50,10125624,2101688,17.18847118647173
2025-03-01 12:21:53,10125624,2101688,17.18847118647173
2025-03-01 12:21:56,10131672,2095640,17.139008148315835
2025-03-01 12:21:59,10131672,2095640,17.139008148315835
2025-03-01 12:22:02,10131420,2095892,17.141069108238998
2025-03-01 12:22:05,10131420,2095892,17.141069108238998
2025-03-01 12:22:08,10133184,2094128,17.126642388776865
2025-03-01 12:22:11,10133184,2094128,17.126642388776865
2025-03-01 12:22:14,10133184,2094128,17.126642388776865
2025-03-01 12:22:17,10133184,2094128,17.126642388776865
2025-03-01 12:22:20,10128396,2098916,17.165800627316944
2025-03-01 12:22:23,10128144,2099168,17.167861587240107
2025-03-01 12:22:26,10128144,2099168,17.167861587240107
2025-03-01 12:22:29,10127920,2099392,17.16969355161625
2025-03-01 12:22:32,10124140,2103172,17.200607950463684
2025-03-01 12:22:35,10124140,2103172,17.200607950463684
2025-03-01 12:22:38,10124140,2103172,17.200607950463684
2025-03-01 12:22:41,10124140,2103172,17.200607950463684
2025-03-01 12:22:44,10118848,2108464,17.24388810885009
2025-03-01 12:22:47,10118848,2108464,17.24388810885009
2025-03-01 12:22:50,10118848,2108464,17.24388810885009
2025-03-01 12:22:53,10118848,2108464,17.24388810885009
2025-03-01 12:22:56,10120612,2106700,17.229461389387954
2025-03-01 12:22:59,10120612,2106700,17.229461389387954
2025-03-01 12:23:02,10120612,2106700,17.229461389387954
2025-03-01 12:23:05,10120612,2106700,17.229461389387954
2025-03-01 12:23:08,10122628,2104684,17.212973710002657
2025-03-01 12:23:11,10122628,2104684,17.212973710002657
2025-03-01 12:23:14,10122628,2104684,17.212973710002657
2025-03-01 12:23:17,10122628,2104684,17.212973710002657
2025-03-01 12:23:20,10120864,2106448,17.227400429464794
2025-03-01 12:23:23,10120864,2106448,17.227400429464794
2025-03-01 12:23:26,10120864,2106448,17.227400429464794
2025-03-01 12:23:29,10120864,2106448,17.227400429464794
2025-03-01 12:23:32,10128424,2098888,17.16557163176993
2025-03-01 12:23:35,10128424,2098888,17.16557163176993
2025-03-01 12:23:38,10128424,2098888,17.16557163176993
2025-03-01 12:23:41,10128424,2098888,17.16557163176993
2025-03-01 12:23:44,10127668,2099644,17.171754511539415
2025-03-01 12:23:47,10127416,2099896,17.173815471462575
2025-03-01 12:23:50,10127164,2100148,17.175876431385735
2025-03-01 12:23:53,10127164,2100148,17.175876431385735
2025-03-01 12:23:56,10128424,2098888,17.16557163176993
2025-03-01 12:23:59,10128424,2098888,17.16557163176993
2025-03-01 12:24:02,10128424,2098888,17.16557163176993
2025-03-01 12:24:05,10128424,2098888,17.16557163176993
2025-03-01 12:24:08,10128928,2098384,17.161449711923602
2025-03-01 12:24:11,10128928,2098384,17.161449711923602
2025-03-01 12:24:14,10128928,2098384,17.161449711923602
2025-03-01 12:24:17,10128928,2098384,17.161449711923602
2025-03-01 12:24:20,10125148,2102164,17.192364110771035
2025-03-01 12:24:23,10125148,2102164,17.192364110771035
2025-03-01 12:24:26,10125148,2102164,17.192364110771035
2025-03-01 12:24:29,10125148,2102164,17.192364110771035
2025-03-01 12:24:32,10128676,2098636,17.163510671846762
2025-03-01 12:24:35,10128676,2098636,17.163510671846762
2025-03-01 12:24:38,10128676,2098636,17.163510671846762
2025-03-01 12:24:41,10128676,2098636,17.163510671846762
2025-03-01 12:24:44,10123132,2104180,17.20885179015633
2025-03-01 12:24:47,10123132,2104180,17.20885179015633
2025-03-01 12:24:50,10123132,2104180,17.20885179015633
2025-03-01 12:24:53,10123132,2104180,17.20885179015633
2025-03-01 12:24:56,10121116,2106196,17.225339469541627
2025-03-01 12:24:59,10121116,2106196,17.225339469541627
2025-03-01 12:25:02,10121116,2106196,17.225339469541627
2025-03-01 12:25:05,10121116,2106196,17.225339469541627
2025-03-01 12:25:08,10124896,2102416,17.194425070694198
2025-03-01 12:25:11,10124896,2102416,17.194425070694198
2025-03-01 12:25:14,10124896,2102416,17.194425070694198
2025-03-01 12:25:17,10124896,2102416,17.194425070694198
2025-03-01 12:25:20,10126408,2100904,17.182059311155225
2025-03-01 12:25:23,10126408,2100904,17.182059311155225
2025-03-01 12:25:26,10126408,2100904,17.182059311155225
2025-03-01 12:25:29,10126408,2100904,17.182059311155225
2025-03-01 12:25:32,10128172,2099140,17.16763259169309
2025-03-01 12:25:35,10128172,2099140,17.16763259169309
2025-03-01 12:25:38,10128172,2099140,17.16763259169309
2025-03-01 12:25:41,10128172,2099140,17.16763259169309
2025-03-01 12:25:44,10123888,2103424,17.202668910386844
2025-03-01 12:25:47,10123888,2103424,17.202668910386844
2025-03-01 12:25:50,10123888,2103424,17.202668910386844
2025-03-01 12:25:53,10123888,2103424,17.202668910386844
2025-03-01 12:25:56,10123636,2103676,17.204729870310008
2025-03-01 12:25:59,10123636,2103676,17.204729870310008
2025-03-01 12:26:02,10123636,2103676,17.204729870310008
2025-03-01 12:26:05,10123636,2103676,17.204729870310008
2025-03-01 12:26:08,10125152,2102160,17.19233139712146
2025-03-01 12:26:11,10125152,2102160,17.19233139712146
2025-03-01 12:26:14,10125152,2102160,17.19233139712146
2025-03-01 12:26:17,10125152,2102160,17.19233139712146
2025-03-01 12:26:20,10124652,2102660,17.19642060331821
2025-03-01 12:26:23,10124652,2102660,17.19642060331821
2025-03-01 12:26:26,10124652,2102660,17.19642060331821
2025-03-01 12:26:29,10124652,2102660,17.19642060331821
2025-03-01 12:26:32,10124652,2102660,17.19642060331821
2025-03-01 12:26:35,10124652,2102660,17.19642060331821
2025-03-01 12:26:38,10124652,2102660,17.19642060331821
2025-03-01 12:26:41,10125408,2101904,17.190237723548723
2025-03-01 12:26:44,10125660,2101652,17.188176763625563
2025-03-01 12:26:47,10125408,2101904,17.190237723548723
2025-03-01 12:26:50,10125408,2101904,17.190237723548723
2025-03-01 12:26:53,10129188,2098124,17.15932332470129
2025-03-01 12:26:56,10124904,2102408,17.19435964339505
2025-03-01 12:26:59,10124904,2102408,17.19435964339505
2025-03-01 12:27:02,10124904,2102408,17.19435964339505
2025-03-01 12:27:05,10125172,2102140,17.192167828873593
2025-03-01 12:27:08,10119864,2107448,17.235578841858292
2025-03-01 12:27:11,10119108,2108204,17.24176172162778
2025-03-01 12:27:14,10118856,2108456,17.24382268155094
2025-03-01 12:27:17,10126656,2100656,17.180031064881636
2025-03-01 12:27:20,10126164,2101148,17.184054843779236
2025-03-01 12:27:23,10126164,2101148,17.184054843779236
2025-03-01 12:27:26,10126164,2101148,17.184054843779236
2025-03-01 12:27:29,10127928,2099384,17.1696281243171
2025-03-01 12:27:32,10121628,2105684,17.22115212239616
2025-03-01 12:27:35,10121628,2105684,17.22115212239616
2025-03-01 12:27:38,10121628,2105684,17.22115212239616
2025-03-01 12:27:41,10129440,2097872,17.15726236477813
2025-03-01 12:27:44,10126920,2100392,17.17787196400975
2025-03-01 12:27:47,10126920,2100392,17.17787196400975
2025-03-01 12:27:50,10126668,2100644,17.179932923932913
2025-03-01 12:27:53,10128228,2099084,17.167174600599054
2025-03-01 12:27:56,10122132,2105180,17.217030202549832
2025-03-01 12:27:59,10122132,2105180,17.217030202549832
2025-03-01 12:28:02,10122132,2105180,17.217030202549832
2025-03-01 12:28:05,10122652,2104660,17.212777428105213
2025-03-01 12:28:08,10121124,2106188,17.225274042242482
2025-03-01 12:28:11,10121124,2106188,17.225274042242482
2025-03-01 12:28:14,10121124,2106188,17.225274042242482
2025-03-01 12:28:17,10122436,2104876,17.21454396518221
2025-03-01 12:28:20,10117092,2110220,17.258249401013074
2025-03-01 12:28:23,10117092,2110220,17.258249401013074
2025-03-01 12:28:26,10117092,2110220,17.258249401013074
2025-03-01 12:28:29,10124640,2102672,17.196518744266935
2025-03-01 12:28:32,10119612,2107700,17.237639801781455
2025-03-01 12:28:35,10119612,2107700,17.237639801781455
2025-03-01 12:28:38,10119612,2107700,17.237639801781455
2025-03-01 12:28:41,10123392,2103920,17.206725402934023
2025-03-01 12:28:44,10121880,2105432,17.219091162472992
2025-03-01 12:28:47,10121376,2105936,17.22321308231932
2025-03-01 12:28:50,10121376,2105936,17.22321308231932
2025-03-01 12:28:53,10122888,2104424,17.210847322780346
2025-03-01 12:28:56,10117344,2109968,17.256188441089915
2025-03-01 12:28:59,10117092,2110220,17.258249401013074
2025-03-01 12:29:02,10117092,2110220,17.258249401013074
2025-03-01 12:29:05,10124904,2102408,17.19435964339505
2025-03-01 12:29:08,10122888,2104424,17.210847322780346
2025-03-01 12:29:11,10122888,2104424,17.210847322780346
2025-03-01 12:29:15,10122888,2104424,17.210847322780346
2025-03-01 12:29:18,10124652,2102660,17.19642060331821
2025-03-01 12:29:21,10119108,2108204,17.24176172162778
2025-03-01 12:29:24,10118352,2108960,17.247944601397265
2025-03-01 12:29:27,10118352,2108960,17.247944601397265
2025-03-01 12:29:30,10121992,2105320,17.218175180284923
2025-03-01 12:29:33,10116336,2110976,17.264432280782565
2025-03-01 12:29:36,10116084,2111228,17.266493240705724
2025-03-01 12:29:39,10115844,2111468,17.268456059680165
2025-03-01 12:29:42,10123644,2103668,17.20466444301086
2025-03-01 12:29:45,10120128,2107184,17.23341974098641
2025-03-01 12:29:48,10120128,2107184,17.23341974098641
2025-03-01 12:29:51,10120128,2107184,17.23341974098641
2025-03-01 12:29:54,10123908,2103404,17.202505342138977
2025-03-01 12:29:57,10118112,2109200,17.249907420371706
2025-03-01 12:30:00,10118112,2109200,17.249907420371706
2025-03-01 12:30:03,10118112,2109200,17.249907420371706
2025-03-01 12:30:06,10118868,2108444,17.24372454060222
2025-03-01 12:30:09,10113324,2113988,17.289065658911788
2025-03-01 12:30:12,10113324,2113988,17.289065658911788
2025-03-01 12:30:15,10113324,2113988,17.289065658911788
2025-03-01 12:30:18,10115088,2112224,17.274638939449652
2025-03-01 12:30:21,10109044,2118268,17.32406926395597
2025-03-01 12:30:24,10109044,2118268,17.32406926395597
2025-03-01 12:30:27,10109044,2118268,17.32406926395597
2025-03-01 12:30:30,10112824,2114488,17.293154865108537
2025-03-01 12:30:33,10107280,2120032,17.338495983418106
2025-03-01 12:30:36,10106524,2120788,17.344678863187593
2025-03-01 12:30:39,10106524,2120788,17.344678863187593
2025-03-01 12:30:42,10106524,2120788,17.344678863187593
2025-03-01 12:30:45,10109800,2117512,17.317886384186483
2025-03-01 12:30:48,10109800,2117512,17.317886384186483
2025-03-01 12:30:51,10109800,2117512,17.317886384186483
2025-03-01 12:30:54,10113580,2113732,17.28697198533905
2025-03-01 12:30:57,10107536,2119776,17.33640230984537
2025-03-01 12:31:00,10107536,2119776,17.33640230984537
2025-03-01 12:31:03,10107536,2119776,17.33640230984537
2025-03-01 12:31:06,10115096,2112216,17.274573512150504
2025-03-01 12:31:09,10114844,2112468,17.276634472073667
2025-03-01 12:31:12,10114844,2112468,17.276634472073667
2025-03-01 12:31:15,10114844,2112468,17.276634472073667
2025-03-01 12:31:18,10122656,2104656,17.21274471445564
2025-03-01 12:31:21,10118624,2108688,17.245720073226234
2025-03-01 12:31:24,10118624,2108688,17.245720073226234
2025-03-01 12:31:27,10118624,2108688,17.245720073226234
2025-03-01 12:31:30,10122404,2104908,17.2148056743788
2025-03-01 12:31:33,10118120,2109192,17.249841993072557
2025-03-01 12:31:36,10118120,2109192,17.249841993072557
2025-03-01 12:31:39,10118120,2109192,17.249841993072557
2025-03-01 12:31:42,10125688,2101624,17.187947768078544
2025-03-01 12:31:45,10120396,2106916,17.23122792646495
2025-03-01 12:31:48,10120396,2106916,17.23122792646495
2025-03-01 12:31:51,10120396,2106916,17.23122792646495
2025-03-01 12:31:54,10120396,2106916,17.23122792646495
2025-03-01 12:31:57,10118632,2108680,17.245654645927086
2025-03-01 12:32:00,10118380,2108932,17.247715605850246
2025-03-01 12:32:03,10118380,2108932,17.247715605850246
2025-03-01 12:32:06,10118380,2108932,17.247715605850246
2025-03-01 12:32:09,10120144,2107168,17.233288886388113
2025-03-01 12:32:12,10120144,2107168,17.233288886388113
2025-03-01 12:32:15,10120144,2107168,17.233288886388113
2025-03-01 12:32:18,10119892,2107420,17.235349846311273
2025-03-01 12:32:21,10126192,2101120,17.18382584823222
2025-03-01 12:32:24,10126192,2101120,17.18382584823222
2025-03-01 12:32:27,10126192,2101120,17.18382584823222
2025-03-01 12:32:30,10126192,2101120,17.18382584823222
2025-03-01 12:32:33,10122160,2105152,17.216801207002817
2025-03-01 12:32:36,10122160,2105152,17.216801207002817
2025-03-01 12:32:39,10122160,2105152,17.216801207002817
2025-03-01 12:32:42,10122160,2105152,17.216801207002817
2025-03-01 12:32:45,10116868,2110444,17.260081365389222
2025-03-01 12:32:48,10116868,2110444,17.260081365389222
2025-03-01 12:32:51,10116868,2110444,17.260081365389222
2025-03-01 12:32:54,10116868,2110444,17.260081365389222
2025-03-01 12:32:57,10118884,2108428,17.243593686003923
2025-03-01 12:33:00,10118884,2108428,17.243593686003923
2025-03-01 12:33:03,10118884,2108428,17.243593686003923
2025-03-01 12:33:06,10118884,2108428,17.243593686003923
2025-03-01 12:33:09,10120396,2106916,17.23122792646495
2025-03-01 12:33:12,10120396,2106916,17.23122792646495
2025-03-01 12:33:15,10120396,2106916,17.23122792646495
2025-03-01 12:33:18,10120396,2106916,17.23122792646495
2025-03-01 12:33:21,10116364,2110948,17.264203285235542
2025-03-01 12:33:24,10116364,2110948,17.264203285235542
2025-03-01 12:33:27,10116364,2110948,17.264203285235542
2025-03-01 12:33:30,10116364,2110948,17.264203285235542
2025-03-01 12:33:33,10114852,2112460,17.27656904477452
2025-03-01 12:33:36,10114628,2112684,17.278401009150663
2025-03-01 12:33:39,10114628,2112684,17.278401009150663
2025-03-01 12:33:42,10114628,2112684,17.278401009150663
2025-03-01 12:33:45,10110596,2116716,17.31137636792126
2025-03-01 12:33:48,10110596,2116716,17.31137636792126
2025-03-01 12:33:51,10110596,2116716,17.31137636792126
2025-03-01 12:33:54,10110596,2116716,17.31137636792126
2025-03-01 12:33:57,10113620,2113692,17.28664484884331
2025-03-01 12:34:00,10113620,2113692,17.28664484884331
2025-03-01 12:34:03,10113620,2113692,17.28664484884331
2025-03-01 12:34:06,10113620,2113692,17.28664484884331
2025-03-01 12:34:09,10115384,2111928,17.272218129381177
2025-03-01 12:34:12,10115384,2111928,17.272218129381177
2025-03-01 12:34:15,10115384,2111928,17.272218129381177
2025-03-01 12:34:18,10115384,2111928,17.272218129381177
2025-03-01 12:34:21,10116896,2110416,17.259852369842204
2025-03-01 12:34:24,10116896,2110416,17.259852369842204
2025-03-01 12:34:27,10116896,2110416,17.259852369842204
2025-03-01 12:34:30,10116896,2110416,17.259852369842204
2025-03-01 12:34:33,10118156,2109156,17.249547570226394
2025-03-01 12:34:36,10118156,2109156,17.249547570226394
2025-03-01 12:34:39,10118156,2109156,17.249547570226394
2025-03-01 12:34:42,10118156,2109156,17.249547570226394
2025-03-01 12:34:45,10123448,2103864,17.206267411839985
2025-03-01 12:34:48,10123196,2104116,17.208328371763148
2025-03-01 12:34:51,10123196,2104116,17.208328371763148
2025-03-01 12:34:54,10123196,2104116,17.208328371763148
2025-03-01 12:34:57,10121936,2105376,17.218633171378958
2025-03-01 12:35:00,10120928,2106384,17.226877011071608
2025-03-01 12:35:03,10120928,2106384,17.226877011071608
2025-03-01 12:35:06,10120928,2106384,17.226877011071608
2025-03-01 12:35:09,10115636,2111676,17.270157169458013
2025-03-01 12:35:12,10115636,2111676,17.270157169458013
2025-03-01 12:35:15,10115636,2111676,17.270157169458013
2025-03-01 12:35:18,10115636,2111676,17.270157169458013
2025-03-01 12:35:21,10120424,2106888,17.23099893091793
2025-03-01 12:35:24,10120424,2106888,17.23099893091793
2025-03-01 12:35:27,10120172,2107140,17.233059890841094
2025-03-01 12:35:30,10120172,2107140,17.233059890841094
2025-03-01 12:35:33,10118156,2109156,17.249547570226394
2025-03-01 12:35:36,10118156,2109156,17.249547570226394
2025-03-01 12:35:39,10118156,2109156,17.249547570226394
2025-03-01 12:35:42,10118156,2109156,17.249547570226394
2025-03-01 12:35:45,10121936,2105376,17.218633171378958
2025-03-01 12:35:48,10121936,2105376,17.218633171378958
2025-03-01 12:35:51,10121936,2105376,17.218633171378958
2025-03-01 12:35:54,10121936,2105376,17.218633171378958
2025-03-01 12:35:57,10124456,2102856,17.198023572147335
2025-03-01 12:36:00,10124204,2103108,17.200084532070502
2025-03-01 12:36:03,10123952,2103360,17.20214549199366
2025-03-01 12:36:06,10123952,2103360,17.20214549199366
2025-03-01 12:36:09,10118412,2108900,17.247453896653656
2025-03-01 12:36:12,10118412,2108900,17.247453896653656
2025-03-01 12:36:15,10118412,2108900,17.247453896653656
2025-03-01 12:36:18,10118412,2108900,17.247453896653656
2025-03-01 12:36:21,10112868,2114444,17.29279501496322
2025-03-01 12:36:24,10112868,2114444,17.29279501496322
2025-03-01 12:36:27,10112868,2114444,17.29279501496322
2025-03-01 12:36:30,10112868,2114444,17.29279501496322
2025-03-01 12:36:33,10115136,2112176,17.274246375654766
2025-03-01 12:36:36,10114632,2112680,17.278368295501085
2025-03-01 12:36:39,10114632,2112680,17.278368295501085
2025-03-01 12:36:42,10114632,2112680,17.278368295501085
2025-03-01 12:36:45,10117908,2109404,17.25157581649998
2025-03-01 12:36:48,10117908,2109404,17.25157581649998
2025-03-01 12:36:51,10117908,2109404,17.25157581649998
2025-03-01 12:36:54,10117908,2109404,17.25157581649998
2025-03-01 12:36:57,10112868,2114444,17.29279501496322
2025-03-01 12:37:00,10112392,2114920,17.29668793926253
2025-03-01 12:37:03,10112392,2114920,17.29668793926253
2025-03-01 12:37:06,10112392,2114920,17.29668793926253
2025-03-01 12:37:09,10112644,2114668,17.294626979339366
2025-03-01 12:37:12,10112392,2114920,17.29668793926253
2025-03-01 12:37:15,10112392,2114920,17.29668793926253
2025-03-01 12:37:18,10112392,2114920,17.29668793926253
2025-03-01 12:37:21,10113656,2113656,17.286350425997142
2025-03-01 12:37:24,10113408,2113904,17.28837867227073
2025-03-01 12:37:27,10113408,2113904,17.28837867227073
2025-03-01 12:37:30,10113408,2113904,17.28837867227073
2025-03-01 12:37:33,10119708,2107604,17.23685467419168
2025-03-01 12:37:36,10119708,2107604,17.23685467419168
2025-03-01 12:37:39,10119456,2107856,17.23891563411484
2025-03-01 12:37:42,10119456,2107856,17.23891563411484
2025-03-01 12:37:45,10117188,2110124,17.257464273423302
2025-03-01 12:37:48,10116936,2110376,17.259525233346462
2025-03-01 12:37:51,10116936,2110376,17.259525233346462
2025-03-01 12:37:54,10116936,2110376,17.259525233346462
2025-03-01 12:37:57,10116432,2110880,17.26364715319279
2025-03-01 12:38:00,10116432,2110880,17.26364715319279
2025-03-01 12:38:03,10116432,2110880,17.26364715319279
2025-03-01 12:38:06,10116432,2110880,17.26364715319279
2025-03-01 12:38:09,10111392,2115920,17.30486635165603
2025-03-01 12:38:12,10111140,2116172,17.306927311579194
2025-03-01 12:38:15,10111140,2116172,17.306927311579194
2025-03-01 12:38:18,10111140,2116172,17.306927311579194
2025-03-01 12:38:21,10106100,2121212,17.348146510042437
2025-03-01 12:38:24,10105848,2121464,17.350207469965596
2025-03-01 12:38:27,10105848,2121464,17.350207469965596
2025-03-01 12:38:30,10105848,2121464,17.350207469965596
2025-03-01 12:38:33,9662376,2564936,20.977104370936146
2025-03-01 12:38:36,8971192,3256120,26.629892162725543
2025-03-01 12:38:39,9014740,3212572,26.27373865981337
2025-03-01 12:38:42,8713352,3513960,28.738614014265767
2025-03-01 12:38:45,8590280,3637032,29.74514758435869
2025-03-01 12:38:48,8579608,3647704,29.83242760142213
2025-03-01 12:38:51,8647932,3579380,29.273645753048584
2025-03-01 12:38:54,8647752,3579560,29.275117867279416
2025-03-01 12:38:57,8595028,3632284,29.70631648231435
2025-03-01 12:39:00,8543960,3683352,30.12397164642564
2025-03-01 12:39:03,8558764,3668548,30.00289842935226
2025-03-01 12:39:06,8515092,3712220,30.36006605540122
2025-03-01 12:39:09,8491396,3735916,30.553861715477616
2025-03-01 12:39:12,8488448,3738864,30.577971675213654
2025-03-01 12:39:15,7882220,4345092,35.5359542637008
2025-03-01 12:39:18,6793792,5433520,44.437567308333996
2025-03-01 12:39:21,6705444,5521868,45.160113686475
2025-03-01 12:39:24,6703928,5523384,45.17251215966355
2025-03-01 12:39:27,6624268,5603044,45.824004490929816
2025-03-01 12:39:30,6576920,5650392,46.21123596093729
2025-03-01 12:39:34,6573016,5654296,46.243164482921514
2025-03-01 12:39:37,6712716,5514596,45.100640271549466
2025-03-01 12:39:40,6736280,5491032,44.907924161909015
2025-03-01 12:39:43,6747088,5480224,44.81953188076005
2025-03-01 12:39:46,6727020,5500292,44.98365626067283
2025-03-01 12:39:49,6680820,5546492,45.36149891325256
2025-03-01 12:39:52,6639356,5587956,45.70060860473667
2025-03-01 12:39:55,6665236,5562076,45.488951291992876
2025-03-01 12:39:58,6688620,5538692,45.297707296583255
2025-03-01 12:40:01,6716820,5510492,45.06707606708654
2025-03-01 12:40:04,6710524,5516788,45.11856735151601
2025-03-01 12:40:07,6699048,5528264,45.212422812143835
2025-03-01 12:40:10,6693284,5534028,45.25956318117997
2025-03-01 12:40:13,6674052,5553260,45.41685040833177
2025-03-01 12:40:16,6713948,5513364,45.09056446748067
2025-03-01 12:40:19,6706012,5521300,45.15546834823549
2025-03-01 12:40:22,6695088,5532224,45.24480932522209
2025-03-01 12:40:25,6692244,5535068,45.26806873006921
2025-03-01 12:40:28,6582688,5644624,46.16406287825157
2025-03-01 12:40:31,6584072,5643240,46.15274395549897
2025-03-01 12:40:34,6581184,5646128,46.1763632104914
2025-03-01 12:40:37,6697444,5529868,45.225540985623006
2025-03-01 12:40:40,6689860,5537452,45.287566065215316
2025-03-01 12:40:43,6716588,5510724,45.06897345876183
2025-03-01 12:40:46,6694540,5532772,45.249291095213735
2025-03-01 12:40:49,6657884,5569428,45.54907897990989
2025-03-01 12:40:52,6665508,5561804,45.48672676382184
2025-03-01 12:40:55,6656748,5570564,45.558369656388905
2025-03-01 12:40:58,6632824,5594488,45.75402999449102
2025-03-01 12:41:01,6704356,5522956,45.16901179915913
2025-03-01 12:41:04,6673676,5553636,45.41992549139173
2025-03-01 12:41:07,6661132,5566180,45.5225154964558
2025-03-01 12:41:10,6708468,5518844,45.135382167397054
2025-03-01 12:41:13,6671584,5555728,45.43703473011894
2025-03-01 12:41:16,6640636,5586676,45.69014023687299
2025-03-01 12:41:19,6703596,5523716,45.175227392578186
2025-03-01 12:41:22,6681768,5545544,45.35374577830352
2025-03-01 12:41:25,6664412,5562900,45.49569030380512
2025-03-01 12:41:28,6629116,5598196,45.78435554764612
2025-03-01 12:41:31,6672536,5554776,45.42924888152032
2025-03-01 12:41:34,6631128,5596184,45.767900581910396
2025-03-01 12:41:37,6602708,5624604,46.00033106213369
2025-03-01 12:41:40,6587776,5639536,46.12245111599344
2025-03-01 12:41:43,6573680,5653632,46.23773401709223
2025-03-01 12:41:46,6585208,5642104,46.14345327901995
2025-03-01 12:41:49,6520380,5706932,46.67364339766581
2025-03-01 12:41:52,6642892,5584420,45.67168973851325
2025-03-01 12:41:55,6609576,5617736,45.94416172581512
2025-03-01 12:41:58,6599292,5628020,46.028268518869886
2025-03-01 12:42:01,6599872,5627440,46.02352503968166
2025-03-01 12:42:04,6604736,5622576,45.98374524179967
2025-03-01 12:42:07,6573444,5653868,46.239664122417096
2025-03-01 12:42:10,6708564,5518748,45.134597039807275
2025-03-01 12:42:13,6659892,5567420,45.53265672782374
2025-03-01 12:42:16,6634292,5593020,45.74202408509736
2025-03-01 12:42:19,6593552,5633760,46.075212606008584
2025-03-01 12:42:22,6595700,5631612,46.05764537618734
2025-03-01 12:42:25,6592820,5634492,46.08119920388062
2025-03-01 12:42:28,6585124,5642188,46.14414026566101
2025-03-01 12:42:31,6577056,5650256,46.21012369685177
2025-03-01 12:42:34,6693176,5534136,45.260446449718465
2025-03-01 12:42:37,6638812,5588500,45.70505766107874
2025-03-01 12:42:40,6621964,5605348,45.84284755308444
2025-03-01 12:42:43,6621452,5605860,45.84703490022991
2025-03-01 12:42:46,6610076,5617236,45.940072519618376
2025-03-01 12:42:49,6732208,5495104,44.94122665717535
2025-03-01 12:42:52,6660516,5566796,45.5275533984902
2025-03-01 12:42:55,6676420,5550892,45.397483927783966
2025-03-01 12:42:58,6666956,5560356,45.474884422676055
2025-03-01 12:43:01,6641212,5586100,45.68542947133434
2025-03-01 12:43:04,6645196,5582116,45.652846676358635
2025-03-01 12:43:07,6643320,5583992,45.66818937800884
2025-03-01 12:43:10,6602376,5624936,46.003046295048335
2025-03-01 12:43:13,6694680,5532632,45.24814611747864
2025-03-01 12:43:16,6666844,5560468,45.475800404864124
2025-03-01 12:43:19,6667240,5560072,45.4725617535563
2025-03-01 12:43:22,6659608,5567704,45.5349793969435
2025-03-01 12:43:25,6638768,5588544,45.705417511224056
2025-03-01 12:43:28,6606852,5620460,45.96643972117502
2025-03-01 12:43:31,6566408,5660904,46.297207432017764
2025-03-01 12:43:34,6619012,5608300,45.86699022647006
2025-03-01 12:43:37,6595880,5631432,46.05617326195651
2025-03-01 12:43:40,6597088,5630224,46.04629373978516
2025-03-01 12:43:43,6578608,5648704,46.19743080081706
2025-03-01 12:43:46,6574172,5653140,46.233710238194625
2025-03-01 12:43:49,6540760,5686552,46.50696735308627
2025-03-01 12:43:52,6671984,5555328,45.43376336516153
2025-03-01 12:43:55,6638252,5589060,45.709637572019105
2025-03-01 12:43:58,6599696,5627616,46.02496444026291
2025-03-01 12:44:01,6661488,5565824,45.51960398164372
2025-03-01 12:44:04,6696700,5530612,45.23162572444377
2025-03-01 12:44:07,6680640,5546672,45.36297102748339
2025-03-01 12:44:10,6646628,5580684,45.64113518981114
2025-03-01 12:44:13,6699836,5527476,45.20597822317775
2025-03-01 12:44:16,6696052,5531260,45.23692533567476
2025-03-01 12:44:19,7674392,4552920,37.23565735461727
2025-03-01 12:44:22,8432180,3795132,31.03815458377115
2025-03-01 12:44:25,8421228,3806084,31.12772455630477
2025-03-01 12:44:28,8405000,3822312,31.2604438326265
2025-03-01 12:44:31,8454908,3772404,30.852275626891668
2025-03-01 12:44:34,8476624,3750688,30.674673223354404
2025-03-01 12:44:37,8471864,3755448,30.713602466347467
2025-03-01 12:44:40,8530296,3697016,30.235721473370436
2025-03-01 12:44:43,8431596,3795716,31.042930776608955
2025-03-01 12:44:46,8430148,3797164,31.054773117754745
2025-03-01 12:44:49,8443852,3783460,30.94269615431421
2025-03-01 12:44:52,8439536,3787776,30.97799418220456
2025-03-01 12:44:55,8465608,3761704,30.764766614281207
2025-03-01 12:44:58,8462192,3765120,30.792704071017408
2025-03-01 12:45:01,8523896,3703416,30.28806331268884
2025-03-01 12:45:04,8521276,3706036,30.309490753159814
2025-03-01 12:45:07,8522708,3704604,30.297779266612316
2025-03-01 12:45:10,8532744,3694568,30.215700719831144
2025-03-01 12:45:13,8531288,3696024,30.227608488276083
2025-03-01 12:45:16,8529800,3697512,30.239777965917614
2025-03-01 12:45:19,8530428,3696884,30.23464192293449
2025-03-01 12:45:22,8536520,3690792,30.184819034633286
2025-03-01 12:45:25,8533000,3694312,30.21360704625841
2025-03-01 12:45:28,8532296,3695016,30.219364648583436
2025-03-01 12:45:31,8543136,3684176,30.130710658237884
2025-03-01 12:45:34,8563184,3664128,29.96674984657298
2025-03-01 12:45:37,8559996,3667316,29.992822625283466
2025-03-01 12:45:40,8557972,3669340,30.009375731967907
2025-03-01 12:45:43,8552184,3675128,30.05671238290149
2025-03-01 12:45:46,8558016,3669296,30.00901588182259
2025-03-01 12:45:49,8555604,3671708,30.02874221251572
2025-03-01 12:45:52,8548692,3678620,30.085271398979597
2025-03-01 12:45:55,8547688,3679624,30.09348252502267
2025-03-01 12:45:58,8548392,3678920,30.087724922697646
2025-03-01 12:46:01,8533788,3693524,30.20716245729233
2025-03-01 12:46:04,8530316,3696996,30.23555790512257
2025-03-01 12:46:07,8529556,3697756,30.241773498541626
2025-03-01 12:46:10,8534720,3692592,30.199540176941586
2025-03-01 12:46:13,8531864,3695448,30.222897722737425
2025-03-01 12:46:16,8529968,3697344,30.238403992635504
2025-03-01 12:46:19,8525680,3701632,30.273473024978838
2025-03-01 12:46:22,8530736,3696576,30.232122971917295
2025-03-01 12:46:25,8528636,3698676,30.249297637943645
2025-03-01 12:46:28,8528784,3698528,30.24808723290941
2025-03-01 12:46:31,8529852,3697460,30.239352688473147
2025-03-01 12:46:34,8539744,3687568,30.15845183307664
2025-03-01 12:46:37,8537472,3689840,30.177033186034674
2025-03-01 12:46:40,8551596,3675716,30.06152128938887
2025-03-01 12:46:43,8549468,3677844,30.07892495096224
2025-03-01 12:46:46,8551716,3675596,30.060539879901647
2025-03-01 12:46:49,8548536,3678776,30.08654723131298
2025-03-01 12:46:52,8552356,3674956,30.055305695969807
2025-03-01 12:46:55,8552096,3675216,30.057432083192122
2025-03-01 12:46:58,8548340,3678972,30.08815020014211
2025-03-01 12:47:01,8546604,3680708,30.102347924057227
2025-03-01 12:47:04,8546820,3680492,30.10058138698023
2025-03-01 12:47:07,8547324,3679988,30.096459467133908
2025-03-01 12:47:10,8556616,3670696,30.020465659173496
2025-03-01 12:47:13,8554696,3672616,30.036168210969016
2025-03-01 12:47:16,8553644,3673668,30.044771900806982
2025-03-01 12:47:19,8551980,3675332,30.058380779029765
2025-03-01 12:47:22,8556836,3670476,30.018666408446926
2025-03-01 12:47:25,8559620,3667692,29.99589770834342
2025-03-01 12:47:28,8559624,3667688,29.995864994693843
2025-03-01 12:47:31,8559456,3667856,29.997238967975953
2025-03-01 12:47:34,8568476,3658836,29.92346968818658
2025-03-01 12:47:37,8566436,3660876,29.94015364946932
2025-03-01 12:47:40,8568956,3658356,29.919544050237697
2025-03-01 12:47:43,8563084,3664228,29.967567687812334
2025-03-01 12:47:46,8560872,3666440,29.985658336026756
2025-03-01 12:47:49,8554780,3672532,30.035481224327963
2025-03-01 12:47:52,8555104,3672208,30.03283141871247
2025-03-01 12:47:55,8555064,3672248,30.03315855520821
2025-03-01 12:47:58,8552308,3675004,30.055698259764696
2025-03-01 12:48:01,8552968,3674344,30.050300507584986
2025-03-01 12:48:04,8557676,3669636,30.011796542036386
2025-03-01 12:48:07,8556752,3670560,30.01935339508798
2025-03-01 12:48:10,8560960,3666352,29.984938635736132
2025-03-01 12:48:13,8556416,3670896,30.022101341652196
2025-03-01 12:48:16,8556244,3671068,30.02350802858388
2025-03-01 12:48:19,8559552,3667760,29.996453840386177
2025-03-01 12:48:22,8564224,3663088,29.958244297683745
2025-03-01 12:48:25,8561872,3665440,29.977479923633254
2025-03-01 12:48:28,8555000,3672312,30.033681973601396
2025-03-01 12:48:31,8553548,3673764,30.045557028396757
2025-03-01 12:48:34,8560808,3666504,29.986181754419945
2025-03-01 12:48:37,8556548,3670764,30.021021791216256
2025-03-01 12:48:40,8553904,3673408,30.04264551358467
2025-03-01 12:48:43,8550284,3677028,30.072251366449144
2025-03-01 12:48:46,8550504,3676808,30.070452115722574
2025-03-01 12:48:49,8549476,3677836,30.07885952366309
2025-03-01 12:48:52,8547192,3680120,30.097539017569847
2025-03-01 12:48:55,8545272,3682040,30.113241569365368
2025-03-01 12:48:58,8547556,3679756,30.094562075458615
2025-03-01 12:49:01,8545616,3681696,30.110428195502003
2025-03-01 12:49:04,8544688,3682624,30.118017762203174
2025-03-01 12:49:07,8546908,3680404,30.0998616866896
2025-03-01 12:49:10,8545700,3681612,30.109741208860953
2025-03-01 12:49:13,8543188,3684124,30.130285380793424
2025-03-01 12:49:16,8543008,3684304,30.131757495024253
2025-03-01 12:49:19,8541020,3686292,30.148016178862534
2025-03-01 12:49:22,8546420,3680892,30.10385275193763
2025-03-01 12:49:25,8550056,3677256,30.074116044474863
2025-03-01 12:49:28,8547600,3679712,30.0942022253133
2025-03-01 12:49:31,8548000,3679312,30.090930860355897
2025-03-01 12:49:34,8551656,3675656,30.06103058464526
2025-03-01 12:49:37,8550968,3676344,30.06665733237199
2025-03-01 12:49:40,8555156,3672156,30.03240614126801
2025-03-01 12:49:43,8552796,3674516,30.05170719451667
2025-03-01 12:49:46,8552812,3674500,30.051576339918373
2025-03-01 12:49:49,8552088,3675224,30.057497510491267
2025-03-01 12:49:52,8547012,3680300,30.09901113180068
2025-03-01 12:49:55,8545272,3682040,30.113241569365368
2025-03-01 12:49:58,8548632,3678680,30.08576210372321
2025-03-01 12:50:01,8548140,3679172,30.089785882620806
2025-03-01 12:50:04,8548588,3678724,30.08612195386852
2025-03-01 12:50:08,8544676,3682636,30.118115903151892
2025-03-01 12:50:11,8545080,3682232,30.11481182454492
2025-03-01 12:50:14,8544272,3683040,30.12141998175887
2025-03-01 12:50:17,8541444,3685868,30.144548532007686
2025-03-01 12:50:20,8539848,3687464,30.15760127818772
2025-03-01 12:50:23,8543856,3683456,30.124822201314565
2025-03-01 12:50:26,8545424,3681888,30.111998450681554
2025-03-01 12:50:29,8544204,3683108,30.12197611380163
2025-03-01 12:50:32,8542304,3685008,30.137515097349276
2025-03-01 12:50:35,8539260,3688052,30.162410184675092
2025-03-01 12:50:38,8536968,3690344,30.181155105880997
2025-03-01 12:50:41,8537656,3689656,30.175528358154267
2025-03-01 12:50:44,8536668,3690644,30.183608629599046
2025-03-01 12:50:47,8538384,3688928,30.169574473931803
2025-03-01 12:50:50,8538276,3689036,30.170457742470298
2025-03-01 12:50:53,8537540,3689772,30.176477053991917
2025-03-01 12:50:56,8536508,3690804,30.18491717558201
2025-03-01 12:50:59,8536500,3690812,30.184982602881156
2025-03-01 12:51:02,8536224,3691088,30.187239844701764
2025-03-01 12:51:05,8536488,3690824,30.18508074382988
2025-03-01 12:51:08,8535756,3691556,30.19106734170192
2025-03-01 12:51:11,8532672,3694640,30.21628956552348
2025-03-01 12:51:14,8532424,3694888,30.218317811797064
2025-03-01 12:51:17,8531488,3695824,30.22597280579738
2025-03-01 12:51:20,8536024,3691288,30.188875527180464
2025-03-01 12:51:23,8542152,3685160,30.13875821603309
2025-03-01 12:51:26,8540656,3686656,30.15099312097377
2025-03-01 12:51:29,8540292,3687020,30.153970063085
2025-03-01 12:51:32,8537560,3689752,30.176313485744043
2025-03-01 12:51:35,8540292,3687020,30.153970063085
2025-03-01 12:51:38,8538472,3688840,30.168854773641172
2025-03-01 12:51:41,8539456,3687856,30.16080721584597
2025-03-01 12:51:44,8539500,3687812,30.160447365700655
2025-03-01 12:51:47,8541228,3686084,30.146315069084682
2025-03-01 12:51:50,8536364,3690948,30.186094866966673
2025-03-01 12:51:53,8536596,3690716,30.18419747529138
2025-03-01 12:51:56,8536640,3690672,30.183837625146065
2025-03-01 12:51:59,8540564,3686748,30.15174553491397
2025-03-01 12:52:02,8540732,3686580,30.15037156163186
2025-03-01 12:52:05,8537564,3689748,30.176280772094472
2025-03-01 12:52:08,8536592,3690720,30.18423018894095
2025-03-01 12:52:11,8540800,3686512,30.149815429589104
2025-03-01 12:52:14,8537072,3690240,30.180304550992076
2025-03-01 12:52:17,8541352,3685960,30.145300945947888
2025-03-01 12:52:20,8541012,3686300,30.148081606161682
2025-03-01 12:52:23,8540836,3686476,30.149521006742937
2025-03-01 12:52:26,8536908,3690404,30.18164581062461
2025-03-01 12:52:29,8536864,3690448,30.182005660769924
2025-03-01 12:52:32,8536036,3691276,30.18877738623174
2025-03-01 12:52:35,8534440,3692872,30.201830132411768
2025-03-01 12:52:38,8534200,3693112,30.20379295138621
2025-03-01 12:52:41,8536628,3690684,30.183935766094788
2025-03-01 12:52:44,8530172,3697140,30.23673559650723
2025-03-01 12:52:47,8532208,3695104,30.22008434887406
2025-03-01 12:52:50,8531668,3695644,30.224500691566554
2025-03-01 12:52:53,8531388,3695924,30.226790647036733
2025-03-01 12:52:56,8529412,3697900,30.242951189926288
2025-03-01 12:52:59,8535304,3692008,30.194763984103783
2025-03-01 12:53:02,8532836,3694476,30.214948305890942
2025-03-01 12:53:05,8531880,3695432,30.22276686813913
2025-03-01 12:53:08,8529460,3697852,30.242558626131398
2025-03-01 12:53:11,8537552,3689760,30.176378913043195
2025-03-01 12:53:14,8536548,3690764,30.184590039086267
2025-03-01 12:53:17,8536396,3690916,30.18583315777008
2025-03-01 12:53:20,8534164,3693148,30.204087374232376
2025-03-01 12:53:23,8542120,3685192,30.139019925229682
2025-03-01 12:53:26,8537412,3689900,30.177523890778286
2025-03-01 12:53:29,8536852,3690460,30.182103801718647
2025-03-01 12:53:32,8534216,3693096,30.203662096787916
2025-03-01 12:53:35,8532128,3695184,30.22073862186554
2025-03-01 12:53:38,8530400,3696912,30.23487091848151
2025-03-01 12:53:41,8527888,3699424,30.255415090413983
2025-03-01 12:53:44,8526536,3700776,30.266472303969998
2025-03-01 12:53:47,8540308,3687004,30.153839208486705
2025-03-01 12:53:50,8531272,3696040,30.227739342874376
2025-03-01 12:53:53,8529624,3697688,30.24121736649887
2025-03-01 12:53:56,8526056,3701256,30.27039794191888
2025-03-01 12:53:59,8492396,3734916,30.545683303084115
2025-03-01 12:54:02,8477128,3750184,30.67055130350808
2025-03-01 12:54:05,8346872,3880440,31.73583858823591
2025-03-01 12:54:08,8347508,3879804,31.73063711795364
2025-03-01 12:54:11,7636468,4590844,37.54581546622839
2025-03-01 12:54:14,7414908,4812404,39.35782451613241
2025-03-01 12:54:17,7371140,4856172,39.715777269771145
2025-03-01 12:54:20,7352904,4874408,39.864918798179026
2025-03-01 12:54:23,7358836,4868476,39.816404455860784
2025-03-01 12:54:26,7333524,4893788,40.023416430365074
2025-03-01 12:54:29,7434212,4793100,39.19994844328827
2025-03-01 12:54:32,7469312,4758000,38.912886168276394
2025-03-01 12:54:35,7467744,4759568,38.925709918909405
2025-03-01 12:54:38,7428340,4798972,39.24797208086291
2025-03-01 12:54:41,7415488,4811824,39.353081036944175
2025-03-01 12:54:44,7373652,4853660,39.695233097838674
2025-03-01 12:54:47,7367048,4860264,39.74924333328536
2025-03-01 12:54:50,7319624,4907688,40.137096362634736
2025-03-01 12:54:53,7332380,4894932,40.032772534143234
2025-03-01 12:54:56,7297456,4929856,40.318395408573856
2025-03-01 12:54:59,7301256,4926056,40.28731744147856
2025-03-01 12:55:02,7393140,4834172,39.53585219711414
2025-03-01 12:55:05,7354684,4872628,39.85036122411859
2025-03-01 12:55:08,7341220,4886092,39.96047536858469
2025-03-01 12:55:11,7369780,4857532,39.726899910626315
2025-03-01 12:55:14,7369852,4857460,39.72631106493398
2025-03-01 12:55:17,7365128,4862184,39.76494588508088
2025-03-01 12:55:20,7363364,4863948,39.77937260454301
2025-03-01 12:55:23,7332872,4894440,40.02874875524564
2025-03-01 12:55:26,7344368,4882944,39.93472972636995
2025-03-01 12:55:29,7383596,4843716,39.6139069649977
2025-03-01 12:55:32,7317144,4910168,40.157378825370614
2025-03-01 12:55:35,7306956,4920356,40.24070049083559
2025-03-01 12:55:38,7371420,4855892,39.71348731430096
2025-03-01 12:55:41,7368416,4858896,39.738055265131045
2025-03-01 12:55:44,7367056,4860256,39.74917790598621
2025-03-01 12:55:47,7339144,4888168,39.9774537527136
2025-03-01 12:55:50,7337380,4889932,39.99188047217574
2025-03-01 12:55:53,7289316,4937996,40.38496768545695
2025-03-01 12:55:56,7250372,4976940,40.70346777770944
2025-03-01 12:55:59,7250448,4976864,40.70284621836754
2025-03-01 12:56:02,7248416,4978896,40.71946475235113
2025-03-01 12:56:05,7221540,5005772,40.939267763838856
2025-03-01 12:56:08,7238000,4989312,40.804651095841834
2025-03-01 12:56:11,7395096,4832216,39.519855222472444
2025-03-01 12:56:14,7380964,4846348,39.6354325464174
2025-03-01 12:56:17,7362724,4864588,39.78460678847485
2025-03-01 12:56:20,7322244,4905068,40.11566892216376
2025-03-01 12:56:23,7297532,4929780,40.31777384923195
2025-03-01 12:56:26,7308940,4918372,40.22447452064689
2025-03-01 12:56:29,7286784,4940528,40.40567542563729
2025-03-01 12:56:32,7298696,4928616,40.30825417720592
2025-03-01 12:56:35,7252768,4974544,40.68387230161461
2025-03-01 12:56:38,7247760,4979552,40.724829790881266
2025-03-01 12:56:41,7322468,4904844,40.11383695778761
2025-03-01 12:56:44,7300164,4927148,40.29624826781226
2025-03-01 12:56:47,7277992,4949320,40.477580027400954
2025-03-01 12:56:50,7278000,4949312,40.477514600101806
2025-03-01 12:56:53,7287004,4940308,40.40387617491072
2025-03-01 12:56:56,7280072,4947240,40.46056892962247
2025-03-01 12:56:59,7250904,4976408,40.699116862316096
2025-03-01 12:57:02,7240396,4986916,40.785055619747006
2025-03-01 12:57:05,7215036,5012276,40.992460158046185
2025-03-01 12:57:08,7350596,4876716,39.88379457398323
2025-03-01 12:57:11,7374012,4853300,39.69228886937701
2025-03-01 12:57:14,7338264,4889048,39.984650755619874
2025-03-01 12:57:17,7374484,4852828,39.68842865872728
2025-03-01 12:57:20,7335396,4891916,40.008106442364436
2025-03-01 12:57:23,7310176,4917136,40.21436600292853
2025-03-01 12:57:26,7293604,4933708,40.34989865311362
2025-03-01 12:57:29,7254668,4972644,40.66833331806696
2025-03-01 12:57:32,7236508,4990804,40.816853287132936
2025-03-01 12:57:35,7245776,4981536,40.74105576106997
2025-03-01 12:57:38,7222008,5005304,40.9354402668387
2025-03-01 12:57:41,7229276,4998036,40.87599956556273
2025-03-01 12:57:44,7356052,4871260,39.83917315596429
2025-03-01 12:57:47,7335828,4891484,40.004573368210444
2025-03-01 12:57:50,7302752,4924560,40.27508253653787
2025-03-01 12:57:53,7292880,4934432,40.35581982368651
2025-03-01 12:57:56,7289832,4937480,40.38074762466191
2025-03-01 12:57:59,7268248,4959064,40.557270477763225
2025-03-01 12:58:02,7275996,4951316,40.493904138538376
2025-03-01 12:58:05,7334688,4892624,40.01389675833904
2025-03-01 12:58:08,7346680,4880632,39.91582123691618
2025-03-01 12:58:11,7333648,4893664,40.022402307228276
2025-03-01 12:58:14,7359152,4868160,39.813820077544435
2025-03-01 12:58:17,7344500,4882812,39.93365017593401
2025-03-01 12:58:20,7316040,4911272,40.16640779265303
2025-03-01 12:58:23,7313380,4913932,40.188162369619754
2025-03-01 12:58:26,7299196,4928116,40.304164971009165
2025-03-01 12:58:29,7294272,4933040,40.34443547363476
2025-03-01 12:58:32,7289620,4937692,40.38248144808932
2025-03-01 12:58:35,7280752,4946560,40.455007609194894
2025-03-01 12:58:38,7250200,4977112,40.70487446464112
2025-03-01 12:58:41,7239112,4988200,40.79555670126026
2025-03-01 12:58:44,7384636,4842676,39.60540141610846
2025-03-01 12:58:47,7351388,4875924,39.87731727136757
2025-03-01 12:58:50,7316676,4910636,40.161206322370774
2025-03-01 12:58:53,7302552,4924760,40.27671821901658
2025-03-01 12:58:56,7283780,4943532,40.430243376467374
2025-03-01 12:58:59,7280208,4947104,40.459456665536955
2025-03-01 12:59:02,7350084,4877228,39.8879819211287
2025-03-01 12:59:05,7351888,4875424,39.87322806517082
2025-03-01 12:59:08,7346604,4880708,39.91644279625808
2025-03-01 12:59:11,7320364,4906948,40.13104433746354
2025-03-01 12:59:14,7307168,4920144,40.23896666740818
2025-03-01 12:59:17,7279608,4947704,40.464363712973054
2025-03-01 12:59:20,7280408,4946904,40.457820983058255
2025-03-01 12:59:23,7260128,4967184,40.62367918639845
2025-03-01 12:59:26,7251316,4975996,40.69574735640998
2025-03-01 12:59:29,7263948,4963364,40.59243765105528
2025-03-01 12:59:32,7256668,4970644,40.65197649327996
2025-03-01 12:59:35,7253260,4974052,40.67984852271701
2025-03-01 12:59:38,7311960,4915352,40.19977571521852
2025-03-01 12:59:41,7310216,4917096,40.21403886643279
2025-03-01 12:59:44,7286132,4941180,40.41100775051786
2025-03-01 12:59:47,7275128,4952184,40.50100300049594
2025-03-01 12:59:50,7270276,4957036,40.5406846574292
2025-03-01 12:59:53,7260964,4966348,40.61684203363748
2025-03-01 12:59:56,7345308,4882004,39.92704201872006
2025-03-01 12:59:59,7332724,4894588,40.02995916027987
2025-03-01 13:00:03,7369864,4857448,39.72621292398525
2025-03-01 13:00:06,7360512,4866800,39.80269743668927
2025-03-01 13:00:09,7349532,4877780,39.892496404769915
2025-03-01 13:00:12,7342004,4885308,39.95406349326818
2025-03-01 13:00:15,7315976,4911336,40.16693121104622
2025-03-01 13:00:18,7295084,4932228,40.33779460277124
2025-03-01 13:00:21,7276796,4950516,40.48736140862358
2025-03-01 13:00:24,7268044,4959268,40.5589388738915
2025-03-01 13:00:27,7239904,4987408,40.78907939864461
2025-03-01 13:00:30,7219432,5007880,40.956507857164354
2025-03-01 13:00:33,7326800,4900512,40.078408075298974
2025-03-01 13:00:36,7304856,4922456,40.25787515686195
2025-03-01 13:00:39,7301836,4925476,40.28257396229032
2025-03-01 13:00:42,7288716,4938596,40.38987473289305
2025-03-01 13:00:45,7277440,4949872,40.48209451104216
2025-03-01 13:00:48,7262136,4965176,40.6072569343123
2025-03-01 13:00:51,7247076,4980236,40.73042382495842
2025-03-01 13:00:54,7223192,5004120,40.92575702656479
2025-03-01 13:00:57,7228344,4998968,40.883621845913474
2025-03-01 13:01:00,7192984,5034328,41.17281050814766
2025-03-01 13:01:03,7330888,4896424,40.044974725434344
2025-03-01 13:01:06,7314336,4912976,40.18034380737156
2025-03-01 13:01:09,7379232,4848080,39.64959755668294
2025-03-01 13:01:12,7366244,4861068,39.75581877684973
2025-03-01 13:01:15,7361108,4866204,39.79782310290275
2025-03-01 13:01:18,7350812,4876500,39.88202803690623
2025-03-01 13:01:21,7349804,4877508,39.89027187659888
2025-03-01 13:01:24,7310716,4916596,40.209949660236035
2025-03-01 13:01:27,7299608,4927704,40.30079546510304
2025-03-01 13:01:30,7262748,4964564,40.602251745927475
2025-03-01 13:01:33,7340688,4886624,39.964826283978034
2025-03-01 13:01:36,7302552,4924760,40.27671821901658
2025-03-01 13:01:39,7289380,4937932,40.38444426706377
2025-03-01 13:01:42,7278496,4948816,40.47345810755463
2025-03-01 13:01:45,7261084,4966228,40.615860624150265
2025-03-01 13:01:48,7228368,4998944,40.883425564016036
2025-03-01 13:01:51,7227212,5000100,40.89287980874292
2025-03-01 13:01:54,7205352,5021960,41.071659903664845
2025-03-01 13:01:57,7213076,5014236,41.00848984633744
2025-03-01 13:02:00,7315016,4912296,40.17478248694398
2025-03-01 13:02:03,7300452,4926860,40.29389288504292
2025-03-01 13:02:06,7296124,4931188,40.329289053882
2025-03-01 13:02:09,7268312,4959000,40.55674705937004
2025-03-01 13:02:12,7368712,4858600,39.735634455062566
2025-03-01 13:02:15,7334304,4893008,40.01703726869814
2025-03-01 13:02:18,7373612,4853700,39.695560234334415
2025-03-01 13:02:21,7337396,4889916,39.99174961757744
2025-03-01 13:02:24,7304940,4922372,40.2571881702209
2025-03-01 13:02:27,7299376,4927936,40.302692856778336
2025-03-01 13:02:30,7373288,4854024,39.69821003994991
2025-03-01 13:02:33,7365220,4862092,39.76419347114067
2025-03-01 13:02:36,7354964,4872348,39.84807126864842
2025-03-01 13:02:39,7335684,4891628,40.005751059595106
2025-03-01 13:02:42,7313184,4914128,40.18976533844887
2025-03-01 13:02:45,7295556,4931756,40.333934392121506
2025-03-01 13:02:48,7283544,4943768,40.43217348179224
2025-03-01 13:02:51,7282288,4945024,40.442445567758476
2025-03-01 13:02:54,7270164,4957148,40.54160063961728
2025-03-01 13:02:57,7358120,4869192,39.82226019913453
2025-03-01 13:03:00,8325372,3901940,31.911674454696175
2025-03-01 13:03:03,8324104,3903208,31.922044681611133
2025-03-01 13:03:06,8306804,3920508,32.063531216018696
2025-03-01 13:03:09,8326188,3901124,31.90500087018308
2025-03-01 13:03:12,8348860,3878452,31.719579904397634
2025-03-01 13:03:15,8338536,3888776,31.80401383394813
2025-03-01 13:03:18,8328200,3899112,31.88854590444736
2025-03-01 13:03:21,7611856,4615456,37.747102552057235
2025-03-01 13:03:24,7432672,4794640,39.21254319837426
2025-03-01 13:03:27,7464816,4762496,38.94965631039757
2025-03-01 13:03:30,7503976,4723336,38.62938968106809
2025-03-01 13:03:33,7466148,4761164,38.938762665089435
2025-03-01 13:03:36,7455264,4772048,39.02777650558029
2025-03-01 13:03:39,7413188,4814124,39.37189138544923
2025-03-01 13:03:42,7404636,4822676,39.441833168238446
2025-03-01 13:03:45,7399996,4827316,39.47978100174429
2025-03-01 13:03:48,7353740,4873572,39.85808164541806
2025-03-01 13:03:51,7336988,4890324,39.99508640983399
2025-03-01 13:03:54,7404256,4823056,39.444940964947975
2025-03-01 13:03:57,7391948,4835364,39.54560086468719
2025-03-01 13:04:00,7367592,4859720,39.74479427694329
2025-03-01 13:04:03,7335904,4891408,40.003951808868536
2025-03-01 13:04:06,7330452,4896860,40.04854051323791
2025-03-01 13:04:09,7362636,4864676,39.78532648876548
2025-03-01 13:04:12,7354308,4873004,39.853436307178555
2025-03-01 13:04:15,7332880,4894432,40.02868332794648
2025-03-01 13:04:18,7318380,4908932,40.14727030765224
2025-03-01 13:04:21,7283076,4944236,40.4360009787924
2025-03-01 13:04:24,7373324,4853988,39.69791561710374
2025-03-01 13:04:27,7371920,4855392,39.70939810810422
2025-03-01 13:04:30,7339304,4888008,39.976145206730635
2025-03-01 13:04:33,7339012,4888300,39.97853330314954
2025-03-01 13:04:36,7327844,4899468,40.06986981276015
2025-03-01 13:04:39,7300028,4927284,40.297360531897766
2025-03-01 13:04:42,7291884,4935428,40.36396552243044
2025-03-01 13:04:45,7285108,4942204,40.4193824448088
2025-03-01 13:04:48,7278988,4948324,40.46943432865703
2025-03-01 13:04:51,7258024,4969288,40.64088656607437
2025-03-01 13:04:54,7351380,4875932,39.87738269866672
2025-03-01 13:04:57,7310628,4916684,40.210669360526666
2025-03-01 13:05:00,7302404,4924908,40.277928624050816
2025-03-01 13:05:03,7286576,4940736,40.40737653541514
2025-03-01 13:05:06,7294816,4932496,40.33998641729269
2025-03-01 13:05:09,7362956,4864356,39.78270939679956
2025-03-01 13:05:12,7325508,4901804,40.08897458411138
2025-03-01 13:05:15,7311072,4916240,40.20703814542395
2025-03-01 13:05:18,7286640,4940672,40.40685311702196
2025-03-01 13:05:21,7272424,4954888,40.523117427607964
2025-03-01 13:05:24,7267280,4960032,40.56518718096013
2025-03-01 13:05:27,7257244,4970068,40.647265727741306
2025-03-01 13:05:30,7269500,4957812,40.547031105446564
2025-03-01 13:05:33,7391556,4835756,39.54880680234544
2025-03-01 13:05:36,7381320,4845992,39.632521031605314
2025-03-01 13:05:39,7366368,4860944,39.75480465371293
2025-03-01 13:05:42,7404612,4822700,39.44202945013589
2025-03-01 13:05:45,7404660,4822652,39.441636886341
2025-03-01 13:05:48,7386012,4841300,39.594147920655004
2025-03-01 13:05:51,7890772,4336540,35.46601248091159
2025-03-01 13:05:54,7870760,4356552,35.62967886973032
2025-03-01 13:05:57,7867788,4359524,35.65398511136381
2025-03-01 13:06:00,7853708,4373604,35.76913715786429
2025-03-01 13:06:03,7846472,4380840,35.82831614994367
2025-03-01 13:06:06,7812304,4415008,36.1077561446048
2025-03-01 13:06:09,7817144,4410168,36.06817262862025
2025-03-01 13:06:12,7819224,4408088,36.051161530841775
2025-03-01 13:06:15,7803904,4423408,36.176454808710204
2025-03-01 13:06:18,7803400,4423912,36.18057672855653
2025-03-01 13:06:21,7901764,4325548,35.37611537188223
2025-03-01 13:06:24,7897688,4329624,35.409450580798136
2025-03-01 13:06:27,7856216,4371096,35.748625699581396
2025-03-01 13:06:30,7833564,4393748,35.93388309711897
2025-03-01 13:06:33,7857852,4369460,35.73524581690563
2025-03-01 13:06:36,7856872,4370440,35.74326066105126
2025-03-01 13:06:39,7360440,4866872,39.803286282381606
2025-03-01 13:06:42,7379608,4847704,39.64652247362299
2025-03-01 13:06:45,7365900,4861412,39.75863215071309
2025-03-01 13:06:48,7357724,4869588,39.82549885044235
2025-03-01 13:06:51,7326192,4901120,40.08338055003422
2025-03-01 13:06:54,7321172,4906140,40.12443618024959
2025-03-01 13:06:57,7309592,4917720,40.21914219576633
2025-03-01 13:07:00,7305600,4921712,40.25179041804118
2025-03-01 13:07:03,7257352,4969960,40.646382459202805
2025-03-01 13:07:06,7236476,4990836,40.81711499632953
2025-03-01 13:07:09,7325608,4901704,40.08815674287202
2025-03-01 13:07:12,7320280,4907032,40.1317313241046
2025-03-01 13:07:15,7314880,4912432,40.1758947510295
2025-03-01 13:07:18,7302040,4925272,40.28090556616205
2025-03-01 13:07:21,7301048,4926264,40.2890185512564
2025-03-01 13:07:24,7261604,4965708,40.61160784970564
2025-03-01 13:07:27,7249672,4977640,40.709192666384894
2025-03-01 13:07:30,7217968,5009344,40.96848105290844
2025-03-01 13:07:33,7200488,5026824,41.11143970154683
2025-03-01 13:07:36,7188980,5038332,41.20555687137124
2025-03-01 13:07:39,7199776,5027536,41.117262731171
2025-03-01 13:07:42,7368176,4859136,39.740018084105486
2025-03-01 13:07:45,7366916,4860396,39.750322883721296
2025-03-01 13:07:48,7379796,4847516,39.64498493209301
2025-03-01 13:07:51,7359628,4867684,39.80992715324513
2025-03-01 13:07:54,7334500,4892812,40.015434299869014
2025-03-01 13:07:57,7291276,4936036,40.36893799716569
2025-03-01 13:08:00,7259808,4967504,40.62629627836437
2025-03-01 13:08:03,7205828,5021484,41.06776697936554
2025-03-01 13:08:06,7206864,5020448,41.05929414412587
2025-03-01 13:08:09,7216300,5011012,40.9821226447808
2025-03-01 13:08:12,7334480,4892832,40.015597868116885
2025-03-01 13:08:15,7283844,4943468,40.42971995807419
2025-03-01 13:08:18,7276860,4950452,40.4868379902304
2025-03-01 13:08:21,7275188,4952124,40.50051229575233
2025-03-01 13:08:24,7276324,4950988,40.49122161927331
2025-03-01 13:08:27,7274828,4952484,40.50345652421399
2025-03-01 13:08:30,7257148,4970164,40.64805085533108
2025-03-01 13:08:33,7333492,4893820,40.02367813956166
2025-03-01 13:08:36,7314376,4912936,40.18001667087582
2025-03-01 13:08:39,7293916,4933396,40.347346988446844
2025-03-01 13:08:42,7250108,4977204,40.70562687858133
2025-03-01 13:08:45,7268152,4959160,40.558055605353
2025-03-01 13:08:48,7268936,4958376,40.551643730036496
2025-03-01 13:08:51,7381188,4846124,39.633600582041254
2025-03-01 13:08:54,7380252,4847060,39.641255576041566
2025-03-01 13:08:57,7341156,4886156,39.960998786977875
2025-03-01 13:09:00,7345604,4881708,39.92462120865159
2025-03-01 13:09:03,7327620,4899692,40.0717017771363
2025-03-01 13:09:06,7336544,4890768,39.998717624936695
2025-03-01 13:09:09,7325964,4901348,40.08524522805993
2025-03-01 13:09:12,7317816,4909496,40.15188293224218
2025-03-01 13:09:15,7286476,4940836,40.40819437665449
2025-03-01 13:09:18,7266852,4960460,40.56868754146455
2025-03-01 13:09:21,7343232,4884080,39.94402040284897
2025-03-01 13:09:24,7339576,4887736,39.97392067855961
2025-03-01 13:09:27,7306556,4920756,40.243971855793
2025-03-01 13:09:30,7303056,4924256,40.272596299170246
2025-03-01 13:09:33,7282652,4944660,40.43946862564724
2025-03-01 13:09:37,7281392,4945920,40.449773425263054
2025-03-01 13:09:40,7241232,4986080,40.77821846698604
2025-03-01 13:09:43,7224264,5003048,40.91698976847896
2025-03-01 13:09:46,7198592,5028720,41.12694597144491
2025-03-01 13:09:49,7307788,4919524,40.2338960517242
2025-03-01 13:09:52,7284044,4943268,40.42808427559549
2025-03-01 13:09:55,7283332,4943980,40.433907305219655
2025-03-01 13:09:58,7269888,4957424,40.54385788143789
2025-03-01 13:10:01,7348696,4878616,39.89933355753088
2025-03-01 13:10:04,7344508,4882804,39.93358474863486
2025-03-01 13:10:07,7315748,4911564,40.16879588907194
2025-03-01 13:10:10,7290360,4936952,40.376429422918136
2025-03-01 13:10:13,7278248,4949064,40.47548635382822
2025-03-01 13:10:16,7248452,4978860,40.71917032950497
2025-03-01 13:10:19,7307644,4919668,40.23507374310887
2025-03-01 13:10:22,7262396,4964916,40.60513054708999
2025-03-01 13:10:25,7235920,4991392,40.82166219362032
2025-03-01 13:10:28,7232496,4994816,40.84966507765566
2025-03-01 13:10:31,7188444,5038868,41.209940500414156
2025-03-01 13:10:34,7177888,5049424,41.29627182163995
2025-03-01 13:10:37,7157168,5070144,41.46572852643328
2025-03-01 13:10:40,7155892,5071420,41.47616418064739
2025-03-01 13:10:43,7155940,5071372,41.475771616852505
2025-03-01 13:10:46,7166200,5061112,41.391861105695185
2025-03-01 13:10:49,7143268,5084044,41.57940845870294
2025-03-01 13:10:52,7149344,5077968,41.52971642500003
2025-03-01 13:10:55,7328020,4899292,40.0684304121789
2025-03-01 13:10:58,7327272,4900040,40.07454786464924
2025-03-01 13:11:01,7298544,4928768,40.30949729588972
2025-03-01 13:11:04,7298040,4929272,40.313619215736054
2025-03-01 13:11:07,7290724,4936588,40.373452480806904
2025-03-01 13:11:10,7277192,4950120,40.48412275731575
2025-03-01 13:11:13,7243964,4983348,40.75587504432699
2025-03-01 13:11:16,7231192,4996120,40.86032972741679
2025-03-01 13:11:19,7321616,4905696,40.12080496514688
2025-03-01 13:11:22,7305752,4921560,40.25054729935738
2025-03-01 13:11:25,7303488,4923824,40.26906322501626
2025-03-01 13:11:28,7284896,4942416,40.421116268236226
2025-03-01 13:11:31,7314280,4913032,40.1808017984656
2025-03-01 13:11:34,7290096,4937216,40.37858852379002
2025-03-01 13:11:37,7271408,4955904,40.53142669459976
2025-03-01 13:11:40,7282492,4944820,40.4407771716302
2025-03-01 13:11:43,7277956,4949356,40.47787445024712
2025-03-01 13:11:46,7261240,4966072,40.614584791816874
2025-03-01 13:11:49,7351388,4875924,39.87731727136757
2025-03-01 13:11:52,7323660,4903652,40.10408829021456
2025-03-01 13:11:55,7300568,4926744,40.29294418920528
2025-03-01 13:11:58,7283644,4943668,40.43135564055289
2025-03-01 13:12:01,7287796,4939516,40.39739887229507
2025-03-01 13:12:04,7262256,4965056,40.60627552482508
2025-03-01 13:12:07,7339024,4888288,39.97843516220082
2025-03-01 13:12:10,7339352,4887960,39.975752642935745
2025-03-01 13:12:13,7344140,4883172,39.93659440439567
2025-03-01 13:12:16,7277180,4950132,40.484220898264475
2025-03-01 13:12:19,7247096,4980216,40.73026025671055
2025-03-01 13:12:22,7243052,4984260,40.76333375642987
2025-03-01 13:12:25,7263692,4963620,40.594531324628015
2025-03-01 13:12:28,7263448,4963864,40.59652685725203
2025-03-01 13:12:31,7332648,4894664,40.03058071962178
2025-03-01 13:12:34,7331644,4895668,40.03879184566485
2025-03-01 13:12:37,7310872,4916440,40.20867382790264
2025-03-01 13:12:40,7307596,4919716,40.23546630690375
2025-03-01 13:12:43,8315980,3911332,31.988486103895937
2025-03-01 13:12:46,8304028,3923284,32.08623448882306
2025-03-01 13:12:49,8364040,3863272,31.59543160426429
2025-03-01 13:12:52,7527608,4699704,38.43611743938488
2025-03-01 13:12:55,7457884,4769428,39.006349065109326
2025-03-01 13:12:58,7430336,4796976,39.23164796972548
2025-03-01 13:13:01,7418000,4809312,39.332536865011704
2025-03-01 13:13:04,7352564,4874748,39.86769945839282
2025-03-01 13:13:07,7411636,4815676,39.38458428148394
2025-03-01 13:13:10,7405332,4821980,39.43614099321257
2025-03-01 13:13:13,7350940,4876372,39.88098120011986
2025-03-01 13:13:16,7339200,4888112,39.97699576161956
2025-03-01 13:13:19,7298236,4929076,40.31201624690692
2025-03-01 13:13:22,7275412,4951900,40.498680331376185
2025-03-01 13:13:25,7277980,4949332,40.47767816834968
2025-03-01 13:13:28,7250436,4976876,40.702944359316255
2025-03-01 13:13:31,7258524,4968788,40.636797359877626
2025-03-01 13:13:34,7393312,4834000,39.53444551018245
2025-03-01 13:13:37,7378636,4848676,39.654471890469466
2025-03-01 13:13:40,7344364,4882948,39.934762440019526
2025-03-01 13:13:43,7304100,4923212,40.26405803663143
2025-03-01 13:13:46,7283400,4943912,40.4333511731769
2025-03-01 13:13:49,7346096,4881216,39.92059742975398
2025-03-01 13:13:52,7350068,4877244,39.888112775726995
2025-03-01 13:13:55,7347572,4879740,39.90852609306118
2025-03-01 13:13:58,7326488,4900824,40.08095973996574
2025-03-01 13:14:01,7342828,4884484,39.947324481455944
2025-03-01 13:14:04,7316420,4910892,40.16329999594351
2025-03-01 13:14:07,7273808,4953504,40.51179850485536
2025-03-01 13:14:10,7291020,4936292,40.371031670738425
2025-03-01 13:14:13,7255552,4971760,40.66110360151111
2025-03-01 13:14:16,7264020,4963292,40.59184880536294
2025-03-01 13:14:19,7242764,4984548,40.765689139199196
2025-03-01 13:14:22,7214360,5012952,40.997988764824186
2025-03-01 13:14:25,7297768,4929544,40.31584374390708
2025-03-01 13:14:28,7279536,4947776,40.46495255866539
2025-03-01 13:14:31,7247048,4980264,40.73065282050543
2025-03-01 13:14:34,7272088,4955224,40.525865374172184
2025-03-01 13:14:37,7278788,4948524,40.47107001113572
2025-03-01 13:14:40,7272016,4955296,40.52645421986451
2025-03-01 13:14:43,7238936,4988376,40.796996101841515
2025-03-01 13:14:46,7214092,5013220,41.000180579345646
2025-03-01 13:14:49,7164336,5062976,41.407105666396674
2025-03-01 13:14:52,7323180,4904132,40.108013928163444
2025-03-01 13:14:55,7317448,4909864,40.15489258800299
2025-03-01 13:14:58,7305316,4921996,40.254113087160945
2025-03-01 13:15:01,7285348,4941964,40.41741962583436
2025-03-01 13:15:04,7284868,4942444,40.421345263783245
2025-03-01 13:15:07,7298140,4929172,40.3128013744967
2025-03-01 13:15:10,7358112,4869200,39.822325626433674
2025-03-01 13:15:13,7326432,4900880,40.08141773105977
2025-03-01 13:15:16,7314496,4912816,40.1790352613886
2025-03-01 13:15:19,7299420,4927892,40.30233300663302
2025-03-01 13:15:22,7297720,4929592,40.31623630770197
2025-03-01 13:15:25,7290436,4936876,40.37580786357623
2025-03-01 13:15:28,7287808,4939504,40.39730073134635
2025-03-01 13:15:31,7363784,4863528,39.77593767133774
2025-03-01 13:15:34,7351264,4876048,39.87833139450437
2025-03-01 13:15:37,7295540,4931772,40.3340652467198
2025-03-01 13:15:40,7289628,4937684,40.38241602079018
2025-03-01 13:15:43,7273460,4953852,40.5146445923683
2025-03-01 13:15:46,7276056,4951256,40.49341343379477
2025-03-01 13:15:49,7252192,4975120,40.688583067153274
2025-03-01 13:15:52,7264440,4962872,40.58841387215767
2025-03-01 13:15:55,7331932,4895380,40.03643646289552
2025-03-01 13:15:58,7293640,4933672,40.34960423026745
2025-03-01 13:16:01,7277756,4949556,40.47951013272582
2025-03-01 13:16:04,7282108,4945204,40.443917681989305
2025-03-01 13:16:07,7257256,4970056,40.647167586792584
2025-03-01 13:16:10,7357100,4870212,39.830602179775894
2025-03-01 13:16:13,7348536,4878776,39.90064210351384
2025-03-01 13:16:16,7330168,4897144,40.05086318235766
2025-03-01 13:16:19,7354800,4872512,39.84941252828095
2025-03-01 13:16:22,7303196,4924116,40.27145132143516
2025-03-01 13:16:25,7292296,4935016,40.36059601652432
2025-03-01 13:16:28,7278244,4949068,40.47551906747779
2025-03-01 13:16:31,7296120,4931192,40.329321767531574
2025-03-01 13:16:34,7270000,4957312,40.54294189924981
2025-03-01 13:16:37,7281540,4945772,40.44856302022881
2025-03-01 13:16:40,7328048,4899264,40.06820141663188
2025-03-01 13:16:43,7304968,4922344,40.25695917467388
2025-03-01 13:16:46,7264036,4963276,40.59171795076465
2025-03-01 13:16:49,7272956,4954356,40.51876651221462
2025-03-01 13:16:52,7255204,4972108,40.66394968902405
2025-03-01 13:16:55,7253948,4973364,40.67422177499028
2025-03-01 13:16:58,7225732,5001580,40.9049838590853
2025-03-01 13:17:01,7212032,5015280,41.01702810887626
2025-03-01 13:17:04,7320880,4906432,40.12682427666849
2025-03-01 13:17:07,7299020,4928292,40.30560437159042
2025-03-01 13:17:10,7260492,4966820,40.620702244287216
2025-03-01 13:17:13,7241772,4985540,40.77380212429355
2025-03-01 13:17:16,7254568,4972744,40.66915115930632
2025-03-01 13:17:19,7318776,4908536,40.14403165634442
2025-03-01 13:17:22,7317256,4910056,40.15646284318254
2025-03-01 13:17:25,7303100,4924212,40.27223644902494
2025-03-01 13:17:28,7357900,4869412,39.824059449861096
2025-03-01 13:17:31,7329216,4898096,40.058649030956275
2025-03-01 13:17:34,7280892,4946420,40.4538626314598
2025-03-01 13:17:37,7249984,4977328,40.70664100171812
2025-03-01 13:17:40,7245908,4981404,40.73997621063403
2025-03-01 13:17:43,7244144,4983168,40.75440293009617
2025-03-01 13:17:46,7331828,4895484,40.03728701778445
2025-03-01 13:17:49,7330860,4896452,40.04520372098136
2025-03-01 13:17:52,7297412,4929900,40.31875525871917
2025-03-01 13:17:55,7270364,4956948,40.53996495713857
2025-03-01 13:17:58,7235640,4991672,40.823952149090495
2025-03-01 13:18:01,7236660,4990652,40.815610168449126
2025-03-01 13:18:04,7240688,4986624,40.7826675233281
2025-03-01 13:18:07,7241512,4985800,40.77592851151586
2025-03-01 13:18:10,7218004,5009308,40.96818663006228
2025-03-01 13:18:13,7220548,5006764,40.94738074893321
2025-03-01 13:18:16,7335672,4891640,40.00584920054383
2025-03-01 13:18:19,7295932,4931380,40.33085930906155
2025-03-01 13:18:22,7279388,4947924,40.466162963699624
2025-03-01 13:18:25,7254548,4972764,40.66931472755419
2025-03-01 13:18:28,7255468,4971844,40.661790588152165
2025-03-01 13:18:31,7294428,4932884,40.343159641301376
2025-03-01 13:18:34,7292332,4934980,40.36030159367815
2025-03-01 13:18:37,7279480,4947832,40.465410549759426
2025-03-01 13:18:40,7266704,4960608,40.56989794649879
2025-03-01 13:18:43,7333604,4893708,40.02276215737359
2025-03-01 13:18:46,7293252,4934060,40.352777454276136
2025-03-01 13:18:49,7268076,4959236,40.558677164694906
2025-03-01 13:18:52,7230048,4997264,40.86968583119495
2025-03-01 13:18:55,7255256,4972056,40.66352441157958
2025-03-01 13:18:58,7235128,4992184,40.82813949623596
2025-03-01 13:19:01,7362600,4864712,39.785620911611645
2025-03-01 13:19:04,7321620,4905692,40.12077225149731
2025-03-01 13:19:07,7275208,4952104,40.50034872750446
2025-03-01 13:19:10,7244280,4983032,40.75329066601065
2025-03-01 13:19:13,7240084,4987228,40.78760728441378
2025-03-01 13:19:16,7227804,4999508,40.88803818860597
2025-03-01 13:19:19,7226796,5000516,40.896282028298614
2025-03-01 13:19:22,7332300,4895012,40.03342680713472
2025-03-01 13:19:25,7333308,4894004,40.02518296744207
2025-03-01 13:19:28,7302596,4924716,40.276358368871264
2025-03-01 13:19:31,7270972,4956340,40.534992482403325
2025-03-01 13:19:34,7226640,5000672,40.897557860632
2025-03-01 13:19:37,7214956,5012356,40.99311443103766
2025-03-01 13:19:40,7186068,5041244,41.22937240826111
2025-03-01 13:19:43,7308376,4918936,40.229087145236825
2025-03-01 13:19:46,7309140,4918172,40.22283883816819
2025-03-01 13:19:49,7312328,4914984,40.19676605945771
2025-03-01 13:19:52,7304264,4923048,40.2627167769989
2025-03-01 13:19:55,7318520,4908792,40.146125329917155
2025-03-01 13:19:58,7259368,4967944,40.62989477981751
2025-03-01 13:20:01,7263380,4963932,40.59708298929478
2025-03-01 13:20:04,7261156,4966156,40.61527177845793
2025-03-01 13:20:07,7244156,4983156,40.75430478914745
2025-03-01 13:20:10,7232980,4994332,40.84570672605721
2025-03-01 13:20:13,7242080,4985232,40.77128317327635
2025-03-01 13:20:17,7326104,4901208,40.084100250324845
2025-03-01 13:20:20,7284904,4942408,40.42105084093708
2025-03-01 13:20:23,7266208,4961104,40.57395443904597
2025-03-01 13:20:26,7251152,4976160,40.69708861604251
2025-03-01 13:20:29,7260904,4966408,40.617332738381094
2025-03-01 13:20:32,7257196,4970116,40.647658291536196
2025-03-01 13:20:35,7219932,5007380,40.9524186509676
2025-03-01 13:20:38,7316752,4910560,40.160584763028865
2025-03-01 13:20:41,7294008,4933304,40.346594574506646
2025-03-01 13:20:44,7271532,4955780,40.53041257146297
2025-03-01 13:20:47,7244944,4982368,40.747860200181364
2025-03-01 13:20:50,7240412,4986900,40.78492476514871
2025-03-01 13:20:53,7215728,5011584,40.98680069666988
2025-03-01 13:20:56,7332016,4895296,40.03574947625447
2025-03-01 13:20:59,7329252,4898060,40.05835460811011
2025-03-01 13:21:02,7317716,4909596,40.152700773481534
2025-03-01 13:21:05,7269644,4957668,40.545853414061895
2025-03-01 13:21:08,7225392,5001920,40.907764519299086
2025-03-01 13:21:11,7225344,5001968,40.908157083093975
2025-03-01 13:21:14,7210620,5016692,41.02857602717588
2025-03-01 13:21:17,7226188,5001124,40.90125450303386
2025-03-01 13:21:20,7200028,5027284,41.11520177124785
2025-03-01 13:21:23,7221112,5006200,40.942768124343274
2025-03-01 13:21:26,7205072,5022240,41.07394985913502
2025-03-01 13:21:29,7301496,4925816,40.28535462250411
2025-03-01 13:21:32,7258056,4969256,40.640624856877785
2025-03-01 13:21:35,7249956,4977356,40.70686999726514
2025-03-01 13:21:38,7222644,5004668,40.93023879655643
2025-03-01 13:21:41,7223172,5004140,40.925920594812666
2025-03-01 13:21:44,7224428,5002884,40.915648508846424
2025-03-01 13:21:47,7232144,4995168,40.852543878818175
2025-03-01 13:21:50,7182780,5044532,41.256263028210945
2025-03-01 13:21:53,7160088,5067224,41.44184756224426
2025-03-01 13:21:56,7289312,4938000,40.385000399106524
2025-03-01 13:21:59,7286892,4940420,40.4047921570988
2025-03-01 13:22:02,7326004,4901308,40.0849180915642
2025-03-01 13:22:05,7323232,4904080,40.10758865071898
2025-03-01 13:22:08,7308132,4919180,40.23108267786084
2025-03-01 13:22:11,7297916,4929396,40.314633338872845
2025-03-01 13:22:14,7339404,4887908,39.97532736549129
2025-03-01 13:22:17,7280004,4947308,40.46112506166523
2025-03-01 13:22:20,7251196,4976116,40.6967287658972
2025-03-01 13:22:23,7246196,4981116,40.7376208278647
2025-03-01 13:22:26,7246332,4980980,40.73650856377918
2025-03-01 13:22:29,7326224,4901088,40.08311884083763
2025-03-01 13:22:32,7326048,4901264,40.08455824141888
2025-03-01 13:22:35,7299932,4927380,40.29814565948755
2025-03-01 13:22:38,7266864,4960448,40.56858940051583
2025-03-01 13:22:41,7246604,4980708,40.734284035608155
2025-03-01 13:22:44,7220516,5006796,40.9476424581298
2025-03-01 13:22:47,7216592,5010720,40.9797345483619
2025-03-01 13:22:50,7318140,4909172,40.14923312662669
2025-03-01 13:22:53,7314392,4912920,40.179885816277526
2025-03-01 13:22:56,7293168,4934144,40.353464440917186
2025-03-01 13:22:59,7239048,4988264,40.796080119653446
2025-03-01 13:23:02,7218952,5008360,40.960433495113236
2025-03-01 13:23:05,7216684,5010628,40.97898213442169
2025-03-01 13:23:08,7208748,5018564,41.04388601517652
2025-03-01 13:23:11,7195652,5031660,41.1509905038818
2025-03-01 13:23:14,7302172,4925140,40.27982601572611
2025-03-01 13:23:17,7304056,4923256,40.26441788677675
2025-03-01 13:23:20,7285868,4941444,40.41316685138974
2025-03-01 13:23:23,7298884,4928428,40.30671663567594
2025-03-01 13:23:26,7261528,4965784,40.61222940904755
2025-03-01 13:23:29,7259108,4968204,40.632021167039824
2025-03-01 13:23:32,7260548,4966764,40.62024425319318
2025-03-01 13:23:35,7264032,4963280,40.59175066441422
2025-03-01 13:23:38,7248464,4978848,40.71907218855625
2025-03-01 13:23:41,7247204,4980108,40.72937698817205
2025-03-01 13:23:44,7250984,4976328,40.69846258932462
2025-03-01 13:23:47,7204236,5023076,41.08078701189599
2025-03-01 13:23:50,7186988,5040324,41.22184826885909
2025-03-01 13:23:53,7258316,4968996,40.638498469655474
2025-03-01 13:23:56,7236324,4990988,40.81835811501334
2025-03-01 13:23:59,7244816,4982496,40.748907036967736
2025-03-01 13:24:02,7226076,5001236,40.90217048522193
2025-03-01 13:24:05,7223564,5003748,40.92271465715441
2025-03-01 13:24:08,7192892,5034420,41.17356292208786
2025-03-01 13:24:11,7188180,5039132,41.21209960128604
2025-03-01 13:24:14,7169288,5058024,41.36660616822406
2025-03-01 13:24:17,7147380,5079932,41.54577882694087
2025-03-01 13:24:20,7288624,4938688,40.39062714683325
2025-03-01 13:24:23,7287936,4939376,40.39625389455998
2025-03-01 13:24:26,7290004,4937308,40.37934093773023
2025-03-01 13:24:29,7258980,4968332,40.63306800382619
2025-03-01 13:24:32,7287300,4940012,40.40145536484225
2025-03-01 13:24:35,7256844,4970468,40.650537092698706
2025-03-01 13:24:38,7269428,4957884,40.54761995113889
2025-03-01 13:24:41,7267452,4959860,40.56378049402845
2025-03-01 13:24:44,7220140,5007172,40.95071754118976
2025-03-01 13:24:47,7240912,4986400,40.78083555895196
2025-03-01 13:24:50,7231900,4995412,40.85453941144219
2025-03-01 13:24:53,7244400,4982912,40.752309256523425
2025-03-01 13:24:56,7323296,4904016,40.107065232325795
2025-03-01 13:24:59,7276488,4950824,40.48988035964078
2025-03-01 13:25:02,7241828,4985484,40.773344133199515
2025-03-01 13:25:05,7215400,5011912,40.98948321593495
2025-03-01 13:25:08,7226920,5000392,40.895267905161816
2025-03-01 13:25:11,7322848,4904464,40.11072916107808
2025-03-01 13:25:14,7325392,4901920,40.08992327994902
2025-03-01 13:25:17,7284708,4942604,40.4226538097662
2025-03-01 13:25:20,7257784,4969528,40.64284938504881
2025-03-01 13:25:23,7272820,4954492,40.51987877630014
2025-03-01 13:25:26,7261996,4965316,40.60840191204739
2025-03-01 13:25:29,7255948,4971364,40.65786495020328
2025-03-01 13:25:32,7315864,4911448,40.167847193234294
2025-03-01 13:25:35,7316656,4910656,40.161369890618644
2025-03-01 13:25:38,7322132,4905180,40.11658490435183
2025-03-01 13:25:41,7285072,4942240,40.41967686765497
2025-03-01 13:25:44,7246300,4981012,40.736770272975775
2025-03-01 13:25:47,7211264,5016048,41.02330912959447
2025-03-01 13:25:50,7207304,5020008,41.05569564267273
2025-03-01 13:25:53,7202552,5024760,41.094559458366646
2025-03-01 13:25:56,7158512,5068800,41.454736740176415
2025-03-01 13:25:59,7176484,5050828,41.30775431264042
2025-03-01 13:26:02,7175808,5051504,41.313282919418434
2025-03-01 13:26:05,7185380,5041932,41.234999155987836
2025-03-01 13:26:08,7314532,4912780,40.17874083854244
2025-03-01 13:26:11,7286576,4940736,40.40737653541514
2025-03-01 13:26:14,7277732,4949580,40.479706414623266
2025-03-01 13:26:17,7277476,4949836,40.481800088196
2025-03-01 13:26:20,7278004,4949308,40.47748188645223
2025-03-01 13:26:23,7284724,4942588,40.422522955167906
2025-03-01 13:26:26,7282488,4944824,40.44080988527977
2025-03-01 13:26:29,7239880,4987432,40.789275680542055
2025-03-01 13:26:32,7310880,4916432,40.2086084006035
2025-03-01 13:26:35,7263144,4964168,40.59901309461965
2025-03-01 13:26:38,7248528,4978784,40.71854877016306
2025-03-01 13:26:41,7243788,4983524,40.757314444908246
2025-03-01 13:26:44,7218608,5008704,40.9632468689766
2025-03-01 13:26:47,7234820,4992492,40.830658447253164
2025-03-01 13:26:50,7205832,5021480,41.06773426571596
2025-03-01 13:26:53,7214936,5012376,40.99327799928553
2025-03-01 13:26:56,7191448,5035864,41.18537254958407
2025-03-01 13:26:59,7171532,5055780,41.34825381081304
2025-03-01 13:27:02,7124708,5102604,41.731199792726315
2025-03-01 13:27:05,7107064,5120248,41.875499700997246
2025-03-01 13:27:08,7114696,5112616,41.813082057610046
2025-03-01 13:27:11,7280740,4946572,40.45510575014361
2025-03-01 13:27:14,7287488,4939824,40.39991782331227
2025-03-01 13:27:17,7287992,4939320,40.395795903465945
2025-03-01 13:27:20,7331488,4895824,40.04006767799824
2025-03-01 13:27:23,7325916,4901396,40.08563779185482
2025-03-01 13:27:26,7303544,4923768,40.26860523392222
2025-03-01 13:27:29,7258436,4968876,40.63751706016826
2025-03-01 13:27:32,7255436,4971876,40.66205229734876
2025-03-01 13:27:35,7288776,4938536,40.389384028149436
2025-03-01 13:27:38,7285504,4941808,40.41614379350097
2025-03-01 13:27:41,7286168,4941144,40.410713327671694
2025-03-01 13:27:44,7284704,4942608,40.42268652341578
2025-03-01 13:27:47,7316756,4910556,40.16055204937929
2025-03-01 13:27:50,7240888,4986424,40.7810318408494
2025-03-01 13:27:53,7239672,4987640,40.7909767903199
2025-03-01 13:27:56,7239996,4987316,40.788326984704405
2025-03-01 13:27:59,7227164,5000148,40.89327237253781
2025-03-01 13:28:02,7231592,4995720,40.857058362459384
2025-03-01 13:28:05,7223176,5004136,40.925887881163085
2025-03-01 13:28:08,7343760,4883552,39.9397022011052
2025-03-01 13:28:11,7316572,4910740,40.162056877259694
2025-03-01 13:28:14,7260464,4966848,40.620931239834235
2025-03-01 13:28:17,7260164,4967148,40.62338476355228
2025-03-01 13:28:20,7261984,4965328,40.60850005299611
2025-03-01 13:28:23,7260220,4967092,40.62292677245824
2025-03-01 13:28:26,7345744,4881568,39.92347623091649
2025-03-01 13:28:29,7344232,4883080,39.935841990455465
2025-03-01 13:28:32,7282860,4944452,40.437767515869396
2025-03-01 13:28:35,7216936,5010376,40.97692117449853
2025-03-01 13:28:38,7220748,5006564,40.945745066454506
2025-03-01 13:28:41,7218000,5009312,40.96821934371185
2025-03-01 13:28:44,7209404,5017908,41.03852097664638
2025-03-01 13:28:47,7316428,4910884,40.163234568644356
2025-03-01 13:28:50,7286708,4940604,40.4062969849792
2025-03-01 13:28:53,7284692,4942620,40.4227846643645
2025-03-01 13:28:56,7327864,4899448,40.06970624451229
2025-03-01 13:28:59,7291844,4935468,40.36429265892618
2025-03-01 13:29:02,7247532,4979780,40.726694468906985
2025-03-01 13:29:05,7245056,4982256,40.74694421799329
2025-03-01 13:29:08,7249768,4977544,40.708407538795115
2025-03-01 13:29:11,7229096,4998216,40.877471679793565
2025-03-01 13:29:14,7237940,4989372,40.805141800585446
2025-03-01 13:29:17,7335840,4891472,40.00447522726172
2025-03-01 13:29:20,7334660,4892652,40.014125753886056
2025-03-01 13:29:23,7283932,4943380,40.42900025778356
2025-03-01 13:29:26,7259680,4967632,40.62734311515074
2025-03-01 13:29:29,7234472,4992840,40.8335045347661
2025-03-01 13:29:32,7231520,4995792,40.85764720815172
2025-03-01 13:29:35,7221136,5006176,40.94257184244583
2025-03-01 13:29:38,7210532,5016780,41.02929572746651
2025-03-01 13:29:41,7217084,5010228,40.9757107694643
2025-03-01 13:29:45,7320044,4907268,40.13366142942946
2025-03-01 13:29:48,7287932,4939380,40.39628660820956
2025-03-01 13:29:51,7267620,4959692,40.56240652074634
2025-03-01 13:29:54,7247976,4979336,40.72306325380427
2025-03-01 13:29:57,7239436,4987876,40.79290689564476
2025-03-01 13:30:00,7327832,4899480,40.06996795370888
2025-03-01 13:30:03,7327656,4899656,40.07140735429013
2025-03-01 13:30:06,7309076,4918236,40.22336225656138
2025-03-01 13:30:09,7278928,4948384,40.46992503340064
2025-03-01 13:30:12,7308756,4918556,40.2259793485273
2025-03-01 13:30:15,7272932,4954380,40.51896279411207
2025-03-01 13:30:18,7250852,4976460,40.69954213976057
2025-03-01 13:30:21,7247832,4979480,40.72424094518893
2025-03-01 13:30:24,7251388,4975924,40.69515851071765
2025-03-01 13:30:27,7227708,4999604,40.88882331619574
2025-03-01 13:30:30,7307136,4920176,40.23922837660477
2025-03-01 13:30:33,7268244,4959068,40.5573031914128
2025-03-01 13:30:36,7247604,4979708,40.72610562321465
2025-03-01 13:30:39,7243132,4984180,40.76267948343838
2025-03-01 13:30:42,7240864,4986448,40.781228122746846
2025-03-01 13:30:45,7239352,4987960,40.79359388228582
2025-03-01 13:30:48,7224068,5003244,40.91859273730808
2025-03-01 13:30:51,7237640,4989672,40.80759532430349
2025-03-01 13:30:54,7224536,5002776,40.91476524030793
2025-03-01 13:30:57,7187732,5039580,41.21576353003833
2025-03-01 13:31:00,7300092,4927220,40.29683711350459
2025-03-01 13:31:03,7278504,4948808,40.47339268025548
2025-03-01 13:31:06,7273500,4953812,40.51431745587256
2025-03-01 13:31:09,7266244,4961068,40.573660016199796
2025-03-01 13:31:12,7342524,4884788,39.949810718823564
2025-03-01 13:31:15,7319148,4908164,40.14098928693404
2025-03-01 13:31:18,7297772,4929540,40.31581103025751
2025-03-01 13:31:21,7275320,4951992,40.49943274531639
2025-03-01 13:31:24,7251876,4975436,40.69116744546962
2025-03-01 13:31:27,7255996,4971316,40.657472386408394
2025-03-01 13:31:30,7236804,4990508,40.81443247706446
2025-03-01 13:31:33,7236868,4990444,40.81390905867128
2025-03-01 13:31:36,7232088,4995224,40.853001869912205
2025-03-01 13:31:39,7203420,5023892,41.08746059640909
2025-03-01 13:31:42,7314288,4913024,40.180736371166454
2025-03-01 13:31:45,7280976,4946336,40.45317564481874
2025-03-01 13:31:48,7268788,4958524,40.55285413507073
2025-03-01 13:31:51,7254332,4972980,40.671081264631184
2025-03-01 13:31:54,7244412,4982900,40.7522111155747
2025-03-01 13:31:57,7257192,4970120,40.64769100518576
2025-03-01 13:32:00,7207896,5019416,41.05085402253577
2025-03-01 13:32:03,7309676,4917636,40.218455209125274
2025-03-01 13:32:06,7265756,4961556,40.57765108144783
2025-03-01 13:32:09,7243860,4983452,40.75672559921592
2025-03-01 13:32:12,7240200,4987112,40.78665858857613
2025-03-01 13:32:15,7226372,5000940,40.89974967515346
2025-03-01 13:32:18,7271828,4955484,40.527991761394496
2025-03-01 13:32:21,7291676,4935636,40.36566663220829
2025-03-01 13:32:24,7290164,4937148,40.37803239174726
2025-03-01 13:32:27,7324472,4902840,40.09744741935104
2025-03-01 13:32:30,7279896,4947416,40.46200833020372
2025-03-01 13:32:33,7253016,4974296,40.681844055341024
2025-03-01 13:32:36,7252620,4974692,40.68508270664885
2025-03-01 13:32:39,7247452,4979860,40.72734874189847
2025-03-01 13:32:42,7245184,4982128,40.74589738120692
2025-03-01 13:32:45,7205752,5021560,41.068388538707445
2025-03-01 13:32:48,7307840,4919472,40.233470774279745
2025-03-01 13:32:51,7281064,4946248,40.45245594452812
2025-03-01 13:32:54,7255860,4971452,40.658584650493914
2025-03-01 13:32:57,7233800,4993512,40.83900042789453
2025-03-01 13:33:00,7235564,4991748,40.824573708432396
2025-03-01 13:33:03,7218448,5008864,40.964555414959555
2025-03-01 13:33:06,7225280,5002032,40.90868050148716
2025-03-01 13:33:09,7201172,5026140,41.10584566746967
2025-03-01 13:33:12,7314492,4912820,40.17906797503817
2025-03-01 13:33:15,7261180,4966132,40.615075496560486
2025-03-01 13:33:18,7237920,4989392,40.80530536883331
2025-03-01 13:33:21,7229364,4997948,40.875279865272105
2025-03-01 13:33:24,7220584,5006728,40.94708632608704
2025-03-01 13:33:27,7307944,4919368,40.23262021939082
2025-03-01 13:33:30,7292724,4934588,40.3570956560199
2025-03-01 13:33:33,7254000,4973312,40.67379649754582
2025-03-01 13:33:36,7307900,4919412,40.23298006953613
2025-03-01 13:33:39,7290056,4937256,40.378915660285756
2025-03-01 13:33:42,7255528,4971784,40.66129988340855
2025-03-01 13:33:45,7226192,5001120,40.90122178938429
2025-03-01 13:33:48,7237076,4990236,40.81220794889343
2025-03-01 13:33:51,7241420,4985892,40.77668092545606
2025-03-01 13:33:54,7222080,5005232,40.93485142114636
2025-03-01 13:33:57,7221368,5005944,40.94067445077054
2025-03-01 13:34:00,7309552,4917760,40.21946933226207
2025-03-01 13:34:03,7290544,4936768,40.37492459503773
2025-03-01 13:34:06,7272028,4955284,40.526356078915796
2025-03-01 13:34:09,7254668,4972644,40.66833331806696
2025-03-01 13:34:12,7247228,4980084,40.72918070627461
2025-03-01 13:34:15,7253576,4973736,40.67726414440067
2025-03-01 13:34:18,7324512,4902800,40.0971202828553
2025-03-01 13:34:21,7326544,4900768,40.080501748871704
2025-03-01 13:34:24,7292716,4934596,40.35716108331905
2025-03-01 13:34:27,7262960,4964352,40.60051792250006
2025-03-01 13:34:30,7213880,5013432,41.00191440277307
2025-03-01 13:34:33,7211760,5015552,41.019252637047295
2025-03-01 13:34:36,7266868,4960444,40.56855668686625
2025-03-01 13:34:39,7277868,4949444,40.478594150537745
2025-03-01 13:34:42,7265296,4962016,40.58141315114884
2025-03-01 13:34:45,7268612,4958700,40.55429353565199
2025-03-01 13:34:48,7331568,4895744,40.039413405006755
2025-03-01 13:34:51,7292552,4934760,40.35850234295158
2025-03-01 13:34:54,7263968,4963344,40.59227408280741
2025-03-01 13:34:57,7244244,4983068,40.753585088856816
2025-03-01 13:35:00,7255492,4971820,40.66159430625472
2025-03-01 13:35:03,7247292,4980020,40.728657287881425
2025-03-01 13:35:06,7254140,4973172,40.672651519810735
2025-03-01 13:35:09,7231896,4995416,40.85457212509176
2025-03-01 13:35:12,7311824,4915488,40.200887979304035
2025-03-01 13:35:15,7277628,4949684,40.480556969512186
2025-03-01 13:35:18,7241804,4985508,40.77354041509696
2025-03-01 13:35:21,7239788,4987524,40.79002809448225
2025-03-01 13:35:24,7244940,4982372,40.74789291383094
2025-03-01 13:35:27,7242968,4984344,40.76402074307092
2025-03-01 13:35:30,7227132,5000180,40.8935340817344
2025-03-01 13:35:33,7225132,5002180,40.909890906521404
2025-03-01 13:35:36,7314652,4912660,40.177759429055214
2025-03-01 13:35:39,7273612,4953700,40.51340147368448
2025-03-01 13:35:42,7263656,4963656,40.594825747474175
2025-03-01 13:35:45,7236260,4991052,40.818881533406525
2025-03-01 13:35:48,7286936,4940376,40.40443230695348
2025-03-01 13:35:51,7299788,4927524,40.299323350872214
2025-03-01 13:35:54,7295784,4931528,40.33206971409579
2025-03-01 13:35:57,7268756,4958556,40.553115844267325
2025-03-01 13:36:00,7319276,4908036,40.13994245014767
2025-03-01 13:36:03,7281580,4945732,40.448235883733076
2025-03-01 13:36:06,7238316,4988996,40.802066717525484
2025-03-01 13:36:09,7239360,4987952,40.79352845498667
2025-03-01 13:36:12,7200868,5026444,41.1083319048373
2025-03-01 13:36:15,7223204,5004108,40.925658885616066
2025-03-01 13:36:18,7317300,4910012,40.15610299303723
2025-03-01 13:36:21,7283164,4944148,40.43528127850177
2025-03-01 13:36:24,7241992,4985320,40.772002873566976
2025-03-01 13:36:27,7224776,5002536,40.91280242133349
2025-03-01 13:36:30,7224972,5002340,40.91119945250436
2025-03-01 13:36:33,7221488,5005824,40.93969304128331
2025-03-01 13:36:36,7323768,4903544,40.10320502167606
2025-03-01 13:36:39,7323524,4903788,40.10520055430008
2025-03-01 13:36:42,7282716,4944596,40.43894520725406
2025-03-01 13:36:45,7256372,4970940,40.65439730334844
2025-03-01 13:36:48,7222308,5005004,40.93298674312065
2025-03-01 13:36:51,7216576,5010736,40.97986540296019
2025-03-01 13:36:54,7290524,4936788,40.3750881632856
2025-03-01 13:36:57,7274324,4952988,40.507578444060314
2025-03-01 13:37:00,7272836,4954476,40.51974792170184
2025-03-01 13:37:03,7248904,4978408,40.715473687103106
2025-03-01 13:37:06,7232736,4994576,40.847702258681224
2025-03-01 13:37:09,7310768,4916544,40.20952438279157
2025-03-01 13:37:12,7251648,4975664,40.693032123495335
2025-03-01 13:37:15,7236820,4990492,40.81430162246617
2025-03-01 13:37:18,7236384,4990928,40.817867410269734
2025-03-01 13:37:21,7304628,4922684,40.25973983488767
2025-03-01 13:37:24,7302668,4924644,40.27576952317893
2025-03-01 13:37:27,7297332,4929980,40.31940953171065
2025-03-01 13:37:30,7255808,4971504,40.65900992793837
2025-03-01 13:37:33,7243496,4983816,40.75970254132715
2025-03-01 13:37:36,7182800,5044512,41.256099459963075
2025-03-01 13:37:39,7185856,5041456,41.231106231688536
2025-03-01 13:37:42,7181712,5045600,41.2649975726472
2025-03-01 13:37:45,7179352,5047960,41.284298625895865
2025-03-01 13:37:48,7183416,5043896,41.25106155792867
2025-03-01 13:37:51,7172388,5054924,41.341253089804205
2025-03-01 13:37:54,7168608,5058704,41.372167488651634
2025-03-01 13:37:57,7313284,4914028,40.188947497209526
2025-03-01 13:38:00,7279756,4947556,40.46315330793882
2025-03-01 13:38:03,7259856,4967456,40.62590371456948
2025-03-01 13:38:06,7250184,4977128,40.705005319239426
2025-03-01 13:38:09,7312032,4915280,40.19918686952619
2025-03-01 13:38:12,7301776,4925536,40.283064667033926
2025-03-01 13:38:15,7331312,4896000,40.0415070785795
2025-03-01 13:38:18,7329800,4897512,40.05387283811847
2025-03-01 13:38:21,7265936,4961376,40.576178967217
2025-03-01 13:38:24,7237636,4989676,40.80762803795307
2025-03-01 13:38:27,7218692,5008620,40.96255988233555
2025-03-01 13:38:30,7217476,5009836,40.97250483180604
2025-03-01 13:38:33,7211700,5015612,41.01974334179091
2025-03-01 13:38:36,7201400,5025912,41.10398098944396
2025-03-01 13:38:39,7199420,5027892,41.120174245983094
2025-03-01 13:38:42,7214424,5012888,40.99746534643101
2025-03-01 13:38:45,7318268,4909044,40.14818628984032
2025-03-01 13:38:48,7283824,4943488,40.42988352632206
2025-03-01 13:38:51,7252348,4974964,40.68730723481988
2025-03-01 13:38:54,7240352,4986960,40.78541546989232
2025-03-01 13:38:57,7232292,4995020,40.85133347378394
2025-03-01 13:39:00,7231356,4995956,40.85898846778425
2025-03-01 13:39:03,7217288,5010024,40.974042373336026
2025-03-01 13:39:06,7216596,5010716,40.97970183471232
2025-03-01 13:39:09,7280652,4946660,40.45582545043424
2025-03-01 13:39:12,7221632,5005680,40.93851534989865
2025-03-01 13:39:15,7289212,4938100,40.38581824034588
2025-03-01 13:39:18,7268580,4958732,40.554555244848586
2025-03-01 13:39:21,7261552,4965760,40.612033127150106
2025-03-01 13:39:24,7258780,4968532,40.63470368630489
2025-03-01 13:39:27,7240032,4987280,40.78803256185824
2025-03-01 13:39:30,7240444,4986868,40.78466305595212
2025-03-01 13:39:33,7316260,4911052,40.16460854192647
2025-03-01 13:39:36,7279088,4948224,40.46861648741768
2025-03-01 13:39:39,7261224,4966088,40.61471564641517
2025-03-01 13:39:42,7233916,4993396,40.83805173205689
2025-03-01 13:39:45,7226332,5000980,40.9000768116492
2025-03-01 13:39:48,7307316,4919996,40.237756262373935
2025-03-01 13:39:51,7302780,4924532,40.274853540990854
2025-03-01 13:39:54,7268760,4958552,40.55308313061775
2025-03-01 13:39:57,7239904,4987408,40.78907939864461
2025-03-01 13:40:00,7226368,5000944,40.89978238880303
2025-03-01 13:40:03,7228628,4998684,40.881299176793725
2025-03-01 13:40:06,7253156,4974156,40.68069907760594
2025-03-01 13:40:09,7234260,4993052,40.83523835819353
2025-03-01 13:40:12,7241360,4985952,40.777171630199675
2025-03-01 13:40:15,7236832,4990480,40.81420348151744
2025-03-01 13:40:18,7245904,4981408,40.74000892428361
2025-03-01 13:40:21,7245212,4982100,40.745668385659904
2025-03-01 13:40:25,7237048,4990264,40.81243694444044
2025-03-01 13:40:28,7221212,5006100,40.94195028310392
2025-03-01 13:40:31,7222352,5004960,40.932626892975335
2025-03-01 13:40:34,7361816,4865496,39.79203278692815
2025-03-01 13:40:37,7359092,4868220,39.81431078228804
2025-03-01 13:40:40,7351236,4876076,39.87856039005139
2025-03-01 13:40:43,7350744,4876568,39.88258416894899
2025-03-01 13:40:46,7325776,4901536,40.08678276958991
2025-03-01 13:40:49,7350588,4876724,39.88386000128237
2025-03-01 13:40:52,7337936,4889376,39.987333274884946
2025-03-01 13:40:55,7331708,4895604,40.03826842727167
2025-03-01 13:40:58,7316424,4910888,40.16326728229394
2025-03-01 13:41:01,7327760,4899552,40.07055679940121
2025-03-01 13:41:04,7315684,4911628,40.16931930746512
2025-03-01 13:41:07,7315684,4911628,40.16931930746512
2025-03-01 13:41:10,7298408,4928904,40.31060955997524
2025-03-01 13:41:13,7273192,4954120,40.51683640688976
2025-03-01 13:41:16,7245024,4982288,40.74720592718988
2025-03-01 13:41:19,7334648,4892664,40.01422389483478
2025-03-01 13:41:22,7327340,4899972,40.07399173260648
2025-03-01 13:41:25,7299792,4927520,40.29929063722264
2025-03-01 13:41:28,7300720,4926592,40.29170107052147
2025-03-01 13:41:31,7274352,4952960,40.507349448513295
2025-03-01 13:41:34,7253548,4973764,40.677493139947686
2025-03-01 13:41:37,7243024,4984288,40.763562751976885
2025-03-01 13:41:40,7237944,4989368,40.80510908693587
2025-03-01 13:41:43,7229708,4997604,40.872466491408744
2025-03-01 13:41:46,7234288,4993024,40.83500936264651
2025-03-01 13:41:49,7357148,4870164,39.83020961598101
2025-03-01 13:41:52,7354436,4872876,39.85238947039218
2025-03-01 13:41:55,7305304,4922008,40.25421122810966
2025-03-01 13:41:58,7301968,4925344,40.28149441185438
2025-03-01 13:42:01,7287760,4939552,40.39769329514124
2025-03-01 13:42:04,7258964,4968348,40.633198858424485
2025-03-01 13:42:07,7251608,4975704,40.69335925999108
2025-03-01 13:42:10,7228760,4998552,40.88021962635778
2025-03-01 13:42:13,7229248,4998064,40.87622856110975
2025-03-01 13:42:16,7213252,5014060,41.007050445756185
2025-03-01 13:42:19,7197128,5030184,41.138919167188995
2025-03-01 13:42:22,7303488,4923824,40.26906322501626
2025-03-01 13:42:25,7287320,4939992,40.40129179659438
2025-03-01 13:42:28,7265640,4961672,40.578599777285476
2025-03-01 13:42:31,7263372,4963940,40.59714841659393
2025-03-01 13:42:34,7249820,4977492,40.70798226135066
2025-03-01 13:42:37,7261188,4966124,40.61501006926134
2025-03-01 13:42:40,7233208,4994104,40.84384204803149
2025-03-01 13:42:43,7220268,5007044,40.94967070440339
2025-03-01 13:42:46,7307476,4919836,40.23644771639098
2025-03-01 13:42:49,7301456,4925856,40.28568175899985
2025-03-01 13:42:52,7258856,4968456,40.63408212696299
2025-03-01 13:42:55,7238160,4989152,40.803342549858876
2025-03-01 13:42:58,7255456,4971856,40.66188872910089
2025-03-01 13:43:01,7271928,4955384,40.52717392015514
2025-03-01 13:43:04,7266724,4960588,40.56973437825092
2025-03-01 13:43:07,7319608,4907704,40.13722721723303
2025-03-01 13:43:10,7302312,4925000,40.278681037991014
2025-03-01 13:43:13,7284340,4942972,40.42566346552701
2025-03-01 13:43:16,7263976,4963336,40.59220865550826
2025-03-01 13:43:19,7242108,4985204,40.77105417772933
2025-03-01 13:43:22,7229728,4997584,40.872302923160866
2025-03-01 13:43:25,7234432,4992880,40.83383167126185
2025-03-01 13:43:28,7330308,4897004,40.04971820462257
2025-03-01 13:43:31,7310496,4916816,40.211748910962605
2025-03-01 13:43:34,7266864,4960448,40.56858940051583
2025-03-01 13:43:37,7261588,4965724,40.61173870430394
2025-03-01 13:43:40,7234044,4993268,40.837004895270525
2025-03-01 13:43:43,7222028,5005284,40.935276698590826
2025-03-01 13:43:46,7314336,4912976,40.18034380737156
2025-03-01 13:43:49,7296708,4930604,40.32451286104419
2025-03-01 13:43:52,7279532,4947780,40.46498527231496
2025-03-01 13:43:55,7245820,4981492,40.74069591092466
2025-03-01 13:43:58,7205316,5021996,41.07195432651101
2025-03-01 13:44:01,7215056,5012256,40.992296589798315
2025-03-01 13:44:04,7214576,5012736,40.99622222774719
2025-03-01 13:44:07,7326428,4900884,40.081450444709354
2025-03-01 13:44:10,7308744,4918568,40.22607748947602
2025-03-01 13:44:13,7289900,4937412,40.38019149261915
2025-03-01 13:44:16,7299032,4928280,40.3055062306417
2025-03-01 13:44:19,7269836,4957476,40.544283158882344
2025-03-01 13:44:22,7268352,4958960,40.5564199228743
2025-03-01 13:44:25,7261272,4966040,40.61432308262029
2025-03-01 13:44:28,7256100,4971212,40.656621831519466
2025-03-01 13:44:31,7251564,4975748,40.69371911013639
2025-03-01 13:44:34,7232872,4994440,40.8465899945957
2025-03-01 13:44:37,7230492,4996820,40.866054616092235
2025-03-01 13:44:40,7210248,5017064,41.03161839658627
2025-03-01 13:44:43,7257352,4969960,40.646382459202805
2025-03-01 13:44:46,7261060,4966252,40.61605690604771
2025-03-01 13:44:49,7250192,4977120,40.70493989194027
2025-03-01 13:44:52,7244036,4983276,40.75528619863466
2025-03-01 13:44:55,7242072,4985240,40.77134860057549
2025-03-01 13:44:58,7217484,5009828,40.97243940450689
2025-03-01 13:45:01,7207400,5019912,41.05491051508295
2025-03-01 13:45:04,7172172,5055140,41.3430196268812
2025-03-01 13:45:07,7301996,4925316,40.28126541630736
2025-03-01 13:45:10,7285668,4941644,40.414802533868446
2025-03-01 13:45:13,7291260,4936052,40.369068851763984
2025-03-01 13:45:16,7297280,4930032,40.31983480915511
2025-03-01 13:45:19,7270044,4957268,40.542582049104496
2025-03-01 13:45:22,7297240,4930072,40.32016194565085
2025-03-01 13:45:25,7272964,4954348,40.51870108491548
2025-03-01 13:45:28,7257100,4970212,40.64844341912597
2025-03-01 13:45:31,7227508,4999804,40.89045899867445
2025-03-01 13:45:34,7211356,5015956,41.02255671565427
2025-03-01 13:45:37,7198540,5028772,41.127371248889375
2025-03-01 13:45:40,7212564,5014748,41.012677193482915
2025-03-01 13:45:43,7299784,4927528,40.29935606452179
2025-03-01 13:45:46,7261616,4965696,40.61150970875692
2025-03-01 13:45:49,7247916,4979396,40.72355395854788
2025-03-01 13:45:52,7241212,4986100,40.7783820352339
2025-03-01 13:45:55,7235456,4991856,40.8254569769709
2025-03-01 13:45:58,7221496,5005816,40.93962761398417
2025-03-01 13:46:01,7213896,5013416,41.00178354817478
2025-03-01 13:46:04,7304836,4922476,40.25803872510982
2025-03-01 13:46:07,7257932,4969380,40.64163898001458
2025-03-01 13:46:10,7243024,4984288,40.763562751976885
2025-03-01 13:46:13,7226544,5000768,40.89834298822178
2025-03-01 13:46:16,7201624,5025688,41.10214902506782
2025-03-01 13:46:19,7199104,5028208,41.122758624299436
2025-03-01 13:46:22,7321548,4905764,40.121361097189634
2025-03-01 13:46:25,7304256,4923056,40.26278220429805
2025-03-01 13:46:28,7316636,4910676,40.16153345886651
2025-03-01 13:46:31,7281328,4945984,40.45029684365623
2025-03-01 13:46:34,7258372,4968940,40.638040478561436
2025-03-01 13:46:37,7262708,4964604,40.60257888242322
2025-03-01 13:46:40,7258636,4968676,40.63588137768955
2025-03-01 13:46:43,7249192,4978120,40.713118304333776
2025-03-01 13:46:46,7248940,4978372,40.71517926425693
2025-03-01 13:46:49,7247124,4980188,40.73003126116353
2025-03-01 13:46:52,7227908,4999404,40.88718763371704
2025-03-01 13:46:55,7305872,4921440,40.249565889870155
2025-03-01 13:46:58,7289724,4937588,40.3816308932004
2025-03-01 13:47:01,7257668,4969644,40.64379808088646
2025-03-01 13:47:04,7221688,5005624,40.93805735880462
2025-03-01 13:47:07,7221704,5005608,40.937926504206324
2025-03-01 13:47:10,7204264,5023048,41.080558016348974
2025-03-01 13:47:13,7189656,5037656,41.20002826459323
2025-03-01 13:47:16,7185844,5041468,41.23120437263726
2025-03-01 13:47:19,7262316,4964996,40.60578482008147
2025-03-01 13:47:22,7255088,4972224,40.664898384861694
2025-03-01 13:47:25,7249888,4977424,40.7074261293079
2025-03-01 13:47:28,7232348,4994964,40.850875482689894
2025-03-01 13:47:31,7290464,4936848,40.37557886802921
2025-03-01 13:47:34,7284152,4943160,40.42720100705699
2025-03-01 13:47:37,7286744,4940568,40.40600256213304
2025-03-01 13:47:40,7268888,4958424,40.552036293831385
2025-03-01 13:47:43,7315220,4912092,40.17311409081571
2025-03-01 13:47:46,7293668,4933644,40.34937523472043
2025-03-01 13:47:49,7285884,4941428,40.41303599679145
2025-03-01 13:47:52,7288020,4939292,40.395566907918926
2025-03-01 13:47:55,7268168,4959144,40.5579247507547
2025-03-01 13:47:58,7273236,4954076,40.51647655674444
2025-03-01 13:48:01,7257160,4970152,40.647952714382356
2025-03-01 13:48:04,7239456,4987856,40.7927433273969
2025-03-01 13:48:07,7304936,4922376,40.257220883870474
2025-03-01 13:48:10,7292252,4935060,40.360955866669634
2025-03-01 13:48:13,7252592,4974720,40.68531170219587
2025-03-01 13:48:16,7243864,4983448,40.756692885566345
2025-03-01 13:48:19,7249312,4978000,40.71213689484655
2025-03-01 13:48:22,7215692,5011620,40.98709511951605
2025-03-01 13:48:25,7205228,5022084,41.072674026801636
2025-03-01 13:48:28,7302044,4925268,40.28087285251247
2025-03-01 13:48:31,7282052,4945260,40.444375673083336
2025-03-01 13:48:34,7307632,4919680,40.23517188405759
2025-03-01 13:48:37,7307696,4919616,40.23464846566441
2025-03-01 13:48:40,7296548,4930764,40.32582140702715
2025-03-01 13:48:43,7314408,4912904,40.17975496167923
2025-03-01 13:48:46,7280208,4947104,40.459456665536955
2025-03-01 13:48:49,7242448,4984864,40.76827351751554
2025-03-01 13:48:52,7243644,4983668,40.758492136292915
2025-03-01 13:48:55,7228108,4999204,40.88555195123834
2025-03-01 13:48:58,7232896,4994416,40.84639371269826
2025-03-01 13:49:01,7217860,5009452,40.96936432144694
2025-03-01 13:49:04,7225052,5002260,40.91054517951288
2025-03-01 13:49:07,7323204,4904108,40.107817646266
2025-03-01 13:49:10,7263440,4963872,40.59659228455118
2025-03-01 13:49:13,7245504,4981808,40.743280289241
2025-03-01 13:49:16,7226412,5000900,40.89942253865772
2025-03-01 13:49:19,7253248,4974064,40.67994666366573
2025-03-01 13:49:22,7335608,4891704,40.006372618937014
2025-03-01 13:49:25,7279952,4947360,40.46155033910969
2025-03-01 13:49:28,7244972,4982340,40.74763120463435
2025-03-01 13:49:31,7190728,5036584,41.1912610065074
2025-03-01 13:49:34,7202088,5025224,41.09835424171723
2025-03-01 13:49:37,7213784,5013528,41.00269953036285
2025-03-01 13:49:40,7209420,5017892,41.038390122048085
2025-03-01 13:49:43,7334156,4893156,40.018247673732375
2025-03-01 13:49:46,7287552,4939760,40.399394404919086
2025-03-01 13:49:49,7295832,4931480,40.3316771503009
2025-03-01 13:49:52,7228036,4999276,40.886140796930675
2025-03-01 13:49:55,7228696,4998616,40.880743044750965
2025-03-01 13:49:58,7232880,4994432,40.846524567296555
2025-03-01 13:50:01,7237576,4989736,40.80811874269668
2025-03-01 13:50:04,7206892,5020420,41.05906514857885
2025-03-01 13:50:07,7211696,5015616,41.019776055440474
2025-03-01 13:50:10,7183440,5043872,41.250865276031234
2025-03-01 13:50:13,7284396,4942916,40.42520547443297
2025-03-01 13:50:16,7231456,4995856,40.858170626544904
2025-03-01 13:50:19,7227636,4999676,40.889412161888075
2025-03-01 13:50:22,7230740,4996572,40.86402636981865
2025-03-01 13:50:25,7243620,4983692,40.75868841819036
2025-03-01 13:50:28,7228400,4998912,40.883163854819436
2025-03-01 13:50:31,7186132,5041180,41.22884898986793
2025-03-01 13:50:34,7293316,4933996,40.35225403588295
2025-03-01 13:50:37,7233776,4993536,40.83919670979198
2025-03-01 13:50:40,7233668,4993644,40.84007997833048
2025-03-01 13:50:43,7213052,5014260,41.00868612823489
2025-03-01 13:50:46,7211796,5015516,41.01895821420113
2025-03-01 13:50:49,7291900,4935412,40.363834667832144
2025-03-01 13:50:52,7268688,4958624,40.553671976310085
2025-03-01 13:50:56,7303780,4923532,40.266675128597356
2025-03-01 13:50:59,7250116,4977196,40.70556145128218
2025-03-01 13:51:02,7252480,4974832,40.686227684383944
2025-03-01 13:51:05,7221544,5005768,40.93923505018928
2025-03-01 13:51:08,7234620,4992692,40.832294129731864
2025-03-01 13:51:11,7213500,5013812,41.005022199482596
2025-03-01 13:51:14,7220820,5006492,40.94515622076217
2025-03-01 13:51:17,7196880,5030432,41.140947413462584
2025-03-01 13:51:20,7315236,4912076,40.17298323621741
2025-03-01 13:51:23,7299072,4928240,40.30517909414596
2025-03-01 13:51:26,7283796,4943516,40.43011252186908
2025-03-01 13:51:29,7283592,4943720,40.43178091799735
2025-03-01 13:51:32,7287624,4939688,40.39880555922675
2025-03-01 13:51:35,7290648,4936664,40.374074040148805
2025-03-01 13:51:38,7239800,4987512,40.78992995353353
2025-03-01 13:51:41,7218896,5008416,40.960891486207274
2025-03-01 13:51:44,7192824,5034488,41.17411905413062
2025-03-01 13:51:47,7192332,5034980,41.178142833028225
2025-03-01 13:51:50,7321616,4905696,40.12080496514688
2025-03-01 13:51:53,7310800,4916512,40.20926267359498
2025-03-01 13:51:56,7315376,4911936,40.171838258482325
2025-03-01 13:51:59,7311596,4915716,40.202752657329754
2025-03-01 13:52:02,7295432,4931880,40.334948515258304
2025-03-01 13:52:05,7262076,4965236,40.60774763905591
2025-03-01 13:52:08,7240028,4987284,40.78806527550781
2025-03-01 13:52:11,7217156,5010156,40.975121923771965
2025-03-01 13:52:14,7233840,4993472,40.8386732913988
2025-03-01 13:52:17,7206832,5020480,41.059555853322465
2025-03-01 13:52:20,7214156,5013156,40.99965716095247
2025-03-01 13:52:23,7287720,4939592,40.39802043163698
2025-03-01 13:52:26,7268532,4958780,40.55494780864347
2025-03-01 13:52:29,7234516,4992796,40.83314468462079
2025-03-01 13:52:32,7245944,4981368,40.73968178778786
2025-03-01 13:52:35,7242000,4985312,40.77193744626783
2025-03-01 13:52:38,7208964,5018348,41.04211947809952
2025-03-01 13:52:41,7190756,5036556,41.191032010960384
2025-03-01 13:52:44,7193780,5033532,41.16630049188244
2025-03-01 13:52:47,7182632,5044680,41.25747343324518
2025-03-01 13:52:50,7297276,4930036,40.319867522804685
2025-03-01 13:52:53,7264984,4962328,40.58396481581561
2025-03-01 13:52:56,7230564,4996748,40.86546577039991
2025-03-01 13:52:59,7227568,4999744,40.889968293930835
2025-03-01 13:53:02,7320716,4906596,40.12816553630103
2025-03-01 13:53:05,7317100,4910212,40.15773867551592
2025-03-01 13:53:08,7257776,4969536,40.64291481234796
2025-03-01 13:53:11,7273064,4954248,40.517883243676124
2025-03-01 13:53:14,7239128,4988184,40.79542584666196
2025-03-01 13:53:17,7226524,5000788,40.89850655646965
2025-03-01 13:53:20,7204796,5022516,41.07620710095563
2025-03-01 13:53:23,7225344,5001968,40.908157083093975
2025-03-01 13:53:26,7202672,5024640,41.09357804887942
2025-03-01 13:53:29,7202832,5024480,41.092269502896464
2025-03-01 13:53:32,7174348,5052964,41.325223401512936
2025-03-01 13:53:35,7279548,4947764,40.464854417716666
2025-03-01 13:53:38,7221640,5005672,40.93844992259951
2025-03-01 13:53:41,7216844,5010468,40.97767358843873
2025-03-01 13:53:44,7224428,5002884,40.915648508846424
2025-03-01 13:53:47,7209076,5018236,41.04120349591145
2025-03-01 13:53:50,7215540,5011772,40.98833823819986
2025-03-01 13:53:53,7216056,5011256,40.98411817740482
2025-03-01 13:53:56,7180676,5046636,41.27347040788687
2025-03-01 13:53:59,7254516,4972796,40.66957643675077
2025-03-01 13:54:02,7233264,4994048,40.84338405693745
2025-03-01 13:54:05,7224360,5002952,40.916204640889184
2025-03-01 13:54:08,7213568,5013744,41.00446606743984
2025-03-01 13:54:11,7267912,4959400,40.56001842432744
2025-03-01 13:54:14,7286188,4941124,40.410549759423816
2025-03-01 13:54:17,7280052,4947260,40.46073249787034
2025-03-01 13:54:20,7335236,4892076,40.009414988347395
2025-03-01 13:54:23,7284512,4942800,40.42425677859533
2025-03-01 13:54:26,7245804,4981508,40.740826765522954
2025-03-01 13:54:29,7231276,4996036,40.85964274077573
2025-03-01 13:54:32,7200516,5026796,41.11121070599981
2025-03-01 13:54:35,7216076,5011236,40.98395460915694
2025-03-01 13:54:38,7206916,5020396,41.05886886668141
2025-03-01 13:54:41,7204396,5022916,41.079478465913034
2025-03-01 13:54:44,7300016,4927296,40.297458672846496
2025-03-01 13:54:47,7267180,4960132,40.566005022199484
2025-03-01 13:54:50,7240896,4986416,40.78096641355026
2025-03-01 13:54:53,7216176,5011136,40.98313676791759
2025-03-01 13:54:56,7190612,5036700,41.192209702345046
2025-03-01 13:54:59,7206604,5020708,41.06142053134818
2025-03-01 13:55:02,7317896,4909416,40.1512286592507
2025-03-01 13:55:05,7306564,4920748,40.24390642849385
2025-03-01 13:55:08,7301540,4925772,40.28499477235879
2025-03-01 13:55:11,7251928,4975384,40.69074216802516
2025-03-01 13:55:14,7234484,4992828,40.833406393817384
2025-03-01 13:55:17,7191540,5035772,41.18462013564388
2025-03-01 13:55:20,7282264,4945048,40.44264184965592
2025-03-01 13:55:23,7250952,4976360,40.69872429852121
2025-03-01 13:55:26,7265896,4961416,40.57650610371274
2025-03-01 13:55:29,7254036,4973276,40.673502074699655
2025-03-01 13:55:32,7215776,5011536,40.98640813287499
2025-03-01 13:55:35,7228052,4999260,40.88600994233238
2025-03-01 13:55:38,7234600,4992712,40.832457697979734
2025-03-01 13:55:41,7225268,5002044,40.908778642435884
2025-03-01 13:55:44,7307688,4919624,40.234713892963555
2025-03-01 13:55:47,7307688,4919624,40.234713892963555
2025-03-01 13:55:50,8335928,3891384,31.82534313347038
2025-03-01 13:55:53,8292584,3934728,32.179828240254274
2025-03-01 13:55:56,8361844,3865468,31.61339139788042
2025-03-01 13:55:59,8402632,3824680,31.279810313174313
2025-03-01 13:56:02,8410216,3817096,31.217785233582003
2025-03-01 13:56:05,8419540,3807772,31.141529716424998
2025-03-01 13:56:08,8419288,3808024,31.14359067634816
2025-03-01 13:56:11,8419040,3808272,31.145618922621747
2025-03-01 13:56:14,8419560,3807752,31.14136614817713
2025-03-01 13:56:17,8416524,3810788,31.1661958082038
2025-03-01 13:56:20,8416524,3810788,31.1661958082038
2025-03-01 13:56:23,8417028,3810284,31.162073888357472
2025-03-01 13:56:26,8420308,3807004,31.135248695706792
2025-03-01 13:56:29,8419048,3808264,31.145553495322602
2025-03-01 13:56:32,8418296,3809016,31.151703661442514
2025-03-01 13:56:35,8418044,3809268,31.153764621365674
2025-03-01 13:56:38,8425364,3801948,31.09389864264525
2025-03-01 13:56:41,8415540,3811772,31.174243365999004
2025-03-01 13:56:44,8415036,3812276,31.178365285845327
2025-03-01 13:56:47,8414784,3812528,31.180426245768487
2025-03-01 13:56:50,8424704,3802608,31.09929639482496
2025-03-01 13:56:53,8422940,3804372,31.113723114287094
2025-03-01 13:56:56,8418408,3808904,31.150787679254442
2025-03-01 13:56:59,8404812,3822500,31.261981374156477
2025-03-01 13:57:02,8404812,3822500,31.261981374156477
2025-03-01 13:57:05,8406832,3820480,31.24546098112161
2025-03-01 13:57:08,8407084,3820228,31.243400021198447
2025-03-01 13:57:11,8407084,3820228,31.243400021198447
2025-03-01 13:57:14,8404816,3822496,31.261948660506906
2025-03-01 13:57:17,8402548,3824764,31.280497299815362
2025-03-01 13:57:20,8407340,3819972,31.24130634762571
2025-03-01 13:57:23,8407340,3819972,31.24130634762571
2025-03-01 13:57:26,8407088,3820224,31.24336730754887
2025-03-01 13:57:29,8409476,3817836,31.22383725875319
2025-03-01 13:57:32,8409356,3817956,31.224818668240413
2025-03-01 13:57:35,8408600,3818712,31.231001548009896
2025-03-01 13:57:38,8409904,3817408,31.220336898248775
2025-03-01 13:57:41,8401588,3825724,31.288348575713126
2025-03-01 13:57:44,8397808,3829504,31.31926297456056
2025-03-01 13:57:47,8397560,3829752,31.321291220834148
2025-03-01 13:57:50,8404380,3822932,31.265514448310473
2025-03-01 13:57:53,8426844,3800468,31.08179459230287
2025-03-01 13:57:56,8426344,3800968,31.08588379849962
2025-03-01 13:57:59,8427100,3800212,31.079700918730136
2025-03-01 13:58:02,8426596,3800716,31.08382283857646
2025-03-01 13:58:05,8421816,3805496,31.12291564981739
2025-03-01 13:58:08,8421564,3805748,31.124976609740557
2025-03-01 13:58:11,8421312,3806000,31.127037569663717
2025-03-01 13:58:14,8420304,3807008,31.135281409356363
2025-03-01 13:58:17,8422852,3804460,31.114442814577725
2025-03-01 13:58:20,8422600,3804712,31.116503774500888
2025-03-01 13:58:23,8422600,3804712,31.116503774500888
2025-03-01 13:58:26,8419832,3807480,31.1391416200061
2025-03-01 13:58:29,8421848,3805464,31.122653940620797
2025-03-01 13:58:32,8421596,3805716,31.124714900543964
2025-03-01 13:58:35,8415296,3812016,31.176238898623016
2025-03-01 13:58:38,8415296,3812016,31.176238898623016
2025-03-01 13:58:41,8417060,3810252,31.16181217916088
2025-03-01 13:58:44,8416808,3810504,31.163873139084043
2025-03-01 13:58:47,8415548,3811764,31.174177938699856
2025-03-01 13:58:50,8415048,3812264,31.178267144896605
2025-03-01 13:58:53,8430964,3796348,31.048099533241647
2025-03-01 13:58:56,8431728,3795584,31.041851226173012
2025-03-01 13:58:59,8431728,3795584,31.041851226173012
2025-03-01 13:59:02,8431228,3796084,31.04594043236976
2025-03-01 13:59:05,8426944,3800368,31.08097675106352
2025-03-01 13:59:08,8426944,3800368,31.08097675106352
2025-03-01 13:59:11,8423920,3803392,31.10570827014147
2025-03-01 13:59:14,8423920,3803392,31.10570827014147
2025-03-01 13:59:17,8423164,3804148,31.111891149910953
2025-03-01 13:59:20,8423164,3804148,31.111891149910953
2025-03-01 13:59:23,8422916,3804396,31.113919396184542
2025-03-01 13:59:26,8422916,3804396,31.113919396184542
2025-03-01 13:59:29,8429720,3797592,31.058273478259164
2025-03-01 13:59:32,8424680,3802632,31.099492676722406
2025-03-01 13:59:35,8427704,3799608,31.07476115764446
2025-03-01 13:59:38,8427704,3799608,31.07476115764446
2025-03-01 13:59:41,8427956,3799356,31.072700197721296
2025-03-01 13:59:44,8427956,3799356,31.072700197721296
2025-03-01 13:59:47,8422668,3804644,31.11594764245813
2025-03-01 13:59:50,8422748,3804564,31.115293369466652
2025-03-01 13:59:53,8426952,3800360,31.080911323764372
2025-03-01 13:59:56,8426196,3801116,31.08709420353386
2025-03-01 13:59:59,8425944,3801368,31.089155163457022
2025-03-01 14:00:02,8420904,3806408,31.130374361920264
2025-03-01 14:00:05,8423932,3803380,31.105610129192744
2025-03-01 14:00:08,8423932,3803380,31.105610129192744
2025-03-01 14:00:11,8423428,3803884,31.109732049039067
2025-03-01 14:00:14,8423176,3804136,31.11179300896223
2025-03-01 14:00:17,8417912,3809400,31.15484417180162
2025-03-01 14:00:20,8420936,3806376,31.130112652723675
2025-03-01 14:00:23,8420936,3806376,31.130112652723675
2025-03-01 14:00:26,8420432,3806880,31.134234572569998
2025-03-01 14:00:29,8421440,3805872,31.12599073287735
2025-03-01 14:00:32,8416652,3810660,31.165148971417427
2025-03-01 14:00:35,8414384,3812928,31.18369761072589
2025-03-01 14:00:39,8413628,3813684,31.189880490495376
2025-03-01 14:00:42,8414388,3812924,31.183664897076312
2025-03-01 14:00:45,8414388,3812924,31.183664897076312
2025-03-01 14:00:48,8413128,3814184,31.193969696692125
2025-03-01 14:00:51,8411364,3815948,31.20839641615426
2025-03-01 14:00:54,8417412,3809900,31.15893337799837
2025-03-01 14:00:57,8416404,3810908,31.167177217691016
2025-03-01 14:01:00,8416152,3811160,31.16923817761418
2025-03-01 14:01:03,8415144,3812168,31.17748201730683
2025-03-01 14:01:06,8416660,3810652,31.165083544118282
2025-03-01 14:01:09,8416660,3810652,31.165083544118282
2025-03-01 14:01:12,8416660,3810652,31.165083544118282
2025-03-01 14:01:15,8416408,3810904,31.167144504041445
2025-03-01 14:01:18,8412376,3814936,31.200119862812038
2025-03-01 14:01:21,8411872,3815440,31.204241782658364
2025-03-01 14:01:24,8411872,3815440,31.204241782658364
2025-03-01 14:01:27,8411620,3815692,31.206302742581528
2025-03-01 14:01:30,8408624,3818688,31.230805266112455
2025-03-01 14:01:33,8407112,3820200,31.243171025651428
2025-03-01 14:01:36,8405348,3821964,31.257597745113564
2025-03-01 14:01:39,8405348,3821964,31.257597745113564
2025-03-01 14:01:42,8406360,3820952,31.24932119177134
2025-03-01 14:01:45,8406360,3820952,31.24932119177134
2025-03-01 14:01:48,8404848,3822464,31.261686951310313
2025-03-01 14:01:51,8403840,3823472,31.26993079100296
2025-03-01 14:01:54,8404092,3823220,31.267869831079796
2025-03-01 14:01:57,8403840,3823472,31.26993079100296
2025-03-01 14:02:00,8403840,3823472,31.26993079100296
2025-03-01 14:02:03,8403588,3823724,31.271991750926126
2025-03-01 14:02:06,8404096,3823216,31.267837117430226
2025-03-01 14:02:09,8404096,3823216,31.267837117430226
2025-03-01 14:02:12,8403844,3823468,31.269898077353385
2025-03-01 14:02:15,8403844,3823468,31.269898077353385
2025-03-01 14:02:18,8410400,3816912,31.216280405701596
2025-03-01 14:02:21,8410400,3816912,31.216280405701596
2025-03-01 14:02:24,8409144,3818168,31.226552491667835
2025-03-01 14:02:27,8409144,3818168,31.226552491667835
2025-03-01 14:02:30,8409144,3818168,31.226552491667835
2025-03-01 14:02:33,8408644,3818668,31.230641697864588
2025-03-01 14:02:36,8408644,3818668,31.230641697864588
2025-03-01 14:02:39,8406880,3820432,31.24506841732672
2025-03-01 14:02:42,8407648,3819664,31.238787396608508
2025-03-01 14:02:45,8405884,3821428,31.253214116070644
2025-03-01 14:02:48,8434512,3792800,31.019082526069507
2025-03-01 14:02:51,8441572,3785740,30.96134293457139
2025-03-01 14:02:54,8442076,3785236,30.957221014725068
2025-03-01 14:02:57,8441068,3786244,30.965464854417718
2025-03-01 14:03:00,8440312,3787000,30.9716477341872
2025-03-01 14:03:03,8437540,3789772,30.994318293341987
2025-03-01 14:03:06,8440312,3787000,30.9716477341872
2025-03-01 14:03:09,8435272,3792040,31.012866932650446
2025-03-01 14:03:12,8434516,3792796,31.019049812419937
2025-03-01 14:03:15,8434516,3792796,31.019049812419937
2025-03-01 14:03:18,8430240,3797072,31.054020703814544
2025-03-01 14:03:21,8429992,3797320,31.056048950088133
2025-03-01 14:03:24,8429992,3797320,31.056048950088133
2025-03-01 14:03:27,8429496,3797816,31.060105442635304
2025-03-01 14:03:30,8430756,3796556,31.0498006430195
2025-03-01 14:03:33,8430756,3796556,31.0498006430195
2025-03-01 14:03:36,8430504,3796808,31.051861602942658
2025-03-01 14:03:39,8430504,3796808,31.051861602942658
2025-03-01 14:03:42,8426976,3800336,31.08071504186693
2025-03-01 14:03:45,8426976,3800336,31.08071504186693
2025-03-01 14:03:48,8440836,3786476,30.96736224609301
2025-03-01 14:03:51,8439328,3787984,30.979695291982406
2025-03-01 14:03:54,8443864,3783448,30.94259801336549
2025-03-01 14:03:57,8443612,3783700,30.944658973288654
2025-03-01 14:04:00,8443360,3783952,30.946719933211813
2025-03-01 14:04:03,8438068,3789244,30.99000009159822
2025-03-01 14:04:06,8435800,3791512,31.008548730906675
2025-03-01 14:04:09,8435548,3791764,31.01060969082984
2025-03-01 14:04:12,8430256,3797056,31.053889849216247
2025-03-01 14:04:15,8430256,3797056,31.053889849216247
2025-03-01 14:04:18,8436808,3790504,31.000304891214032
2025-03-01 14:04:21,8436808,3790504,31.000304891214032
2025-03-01 14:04:24,8432524,3794788,31.035341209907784
2025-03-01 14:04:27,8432776,3794536,31.033280249984625
2025-03-01 14:04:30,8438320,3788992,30.987939131675056
2025-03-01 14:04:33,8437816,3789496,30.99206105152138
2025-03-01 14:04:36,8437816,3789496,30.99206105152138
2025-03-01 14:04:39,8437564,3789748,30.994122011444542
2025-03-01 14:04:42,8435296,3792016,31.012670650753005
2025-03-01 14:04:45,8435044,3792268,31.014731610676165
2025-03-01 14:04:48,8433536,3793776,31.02706465656556
2025-03-01 14:04:51,8432784,3794528,31.03321482268548
2025-03-01 14:04:54,8428500,3798812,31.068251141379232
2025-03-01 14:04:57,8428500,3798812,31.068251141379232
2025-03-01 14:05:00,8428500,3798812,31.068251141379232
2025-03-01 14:05:03,8428500,3798812,31.068251141379232
2025-03-01 14:05:06,8431528,3795784,31.043486908651712
2025-03-01 14:05:09,8431528,3795784,31.043486908651712
2025-03-01 14:05:12,8431528,3795784,31.043486908651712
2025-03-01 14:05:15,8431528,3795784,31.043486908651712
2025-03-01 14:05:18,8431532,3795780,31.04345419500214
2025-03-01 14:05:21,8431532,3795780,31.04345419500214
2025-03-01 14:05:24,8431532,3795780,31.04345419500214
2025-03-01 14:05:27,8431284,3796028,31.04548244127573
2025-03-01 14:05:30,8430276,3797036,31.053726280968373
2025-03-01 14:05:33,8429520,3797792,31.059909160737863
2025-03-01 14:05:36,8429520,3797792,31.059909160737863
2025-03-01 14:05:39,8429520,3797792,31.059909160737863
2025-03-01 14:05:42,8431284,3796028,31.04548244127573
2025-03-01 14:05:45,8431284,3796028,31.04548244127573
2025-03-01 14:05:48,8430024,3797288,31.055787240891537
2025-03-01 14:05:51,8429016,3798296,31.064031080584186
2025-03-01 14:05:54,8424984,3802328,31.09700643935478
2025-03-01 14:05:57,8424984,3802328,31.09700643935478
2025-03-01 14:06:00,8424984,3802328,31.09700643935478
2025-03-01 14:06:03,8424736,3802576,31.099034685628368
2025-03-01 14:06:06,8425492,3801820,31.092851805858885
2025-03-01 14:06:09,8425492,3801820,31.092851805858885
2025-03-01 14:06:12,8425492,3801820,31.092851805858885
2025-03-01 14:06:15,8424988,3802324,31.096973725705208
2025-03-01 14:06:18,8430036,3797276,31.055689099942818
2025-03-01 14:06:21,8430036,3797276,31.055689099942818
2025-03-01 14:06:24,8429784,3797528,31.05775005986598
2025-03-01 14:06:27,8429536,3797776,31.059778306139567
2025-03-01 14:06:30,8431552,3795760,31.04329062675427
2025-03-01 14:06:33,8431552,3795760,31.04329062675427
2025-03-01 14:06:36,8431552,3795760,31.04329062675427
2025-03-01 14:06:39,8431552,3795760,31.04329062675427
2025-03-01 14:06:42,8433568,3793744,31.02680294736897
2025-03-01 14:06:45,8433316,3793996,31.028863907292138
2025-03-01 14:06:48,8432056,3795256,31.039168706907944
2025-03-01 14:06:51,8432056,3795256,31.039168706907944
2025-03-01 14:06:54,8432560,3794752,31.03504678706162
2025-03-01 14:06:57,8432560,3794752,31.03504678706162
2025-03-01 14:07:00,8432560,3794752,31.03504678706162
2025-03-01 14:07:03,8432560,3794752,31.03504678706162
2025-03-01 14:07:06,8428528,3798784,31.068022145832213
2025-03-01 14:07:09,8428528,3798784,31.068022145832213
2025-03-01 14:07:12,8428528,3798784,31.068022145832213
2025-03-01 14:07:15,8432812,3794500,31.03298582713846
2025-03-01 14:07:18,8431300,3796012,31.045351586677434
2025-03-01 14:07:21,8431300,3796012,31.045351586677434
2025-03-01 14:07:24,8430040,3797272,31.05565638629324
2025-03-01 14:07:27,8430040,3797272,31.05565638629324
2025-03-01 14:07:30,8434576,3792736,31.018559107676325
2025-03-01 14:07:33,8434072,3793240,31.022681027522648
2025-03-01 14:07:36,8433572,3793740,31.026770233719397
2025-03-01 14:07:39,8426268,3801044,31.086505357841528
2025-03-01 14:07:42,8428284,3799028,31.07001767845623
2025-03-01 14:07:45,8428284,3799028,31.07001767845623
2025-03-01 14:07:48,8427024,3800288,31.08032247807204
2025-03-01 14:07:51,8425260,3802052,31.094749197534178
2025-03-01 14:07:54,8426772,3800540,31.082383437995205
2025-03-01 14:07:57,8426772,3800540,31.082383437995205
2025-03-01 14:08:00,8426772,3800540,31.082383437995205
2025-03-01 14:08:03,8426772,3800540,31.082383437995205
2025-03-01 14:08:06,8425260,3802052,31.094749197534178
2025-03-01 14:08:09,8425008,3802304,31.096810157457337
2025-03-01 14:08:12,8425008,3802304,31.096810157457337
2025-03-01 14:08:15,8425008,3802304,31.096810157457337
2025-03-01 14:08:18,8422744,3804568,31.115326083116223
2025-03-01 14:08:21,8422744,3804568,31.115326083116223
2025-03-01 14:08:24,8422744,3804568,31.115326083116223
2025-03-01 14:08:27,8422744,3804568,31.115326083116223
2025-03-01 14:08:30,8428540,3798772,31.067924004883494
2025-03-01 14:08:33,8428540,3798772,31.067924004883494
2025-03-01 14:08:36,8428292,3799020,31.06995225115708
2025-03-01 14:08:39,8428292,3799020,31.06995225115708
2025-03-01 14:08:42,8426024,3801288,31.088500890465543
2025-03-01 14:08:45,8426024,3801288,31.088500890465543
2025-03-01 14:08:48,8425268,3802044,31.094683770235026
2025-03-01 14:08:51,8424260,3803052,31.102927609927676
2025-03-01 14:08:54,8417204,3810108,31.160634487776218
2025-03-01 14:08:57,8417204,3810108,31.160634487776218
2025-03-01 14:09:00,8416704,3810608,31.164723693972967
2025-03-01 14:09:03,8416956,3810356,31.162662734049807
2025-03-01 14:09:06,8422752,3804560,31.115260655817075
2025-03-01 14:09:09,8422752,3804560,31.115260655817075
2025-03-01 14:09:12,8422252,3805060,31.119349862013827
2025-03-01 14:09:15,8421748,3805564,31.12347178186015
2025-03-01 14:09:18,8425784,3801528,31.09046370943998
2025-03-01 14:09:21,8425280,3802032,31.094585629286303
2025-03-01 14:09:24,8425560,3801752,31.09229567381613
2025-03-01 14:09:27,8425060,3802252,31.096384880012877
2025-03-01 14:09:30,8427076,3800236,31.079897200627578
2025-03-01 14:09:33,8426824,3800488,31.081958160550744
2025-03-01 14:09:36,8425564,3801748,31.09226296016655
2025-03-01 14:09:39,8424560,3802752,31.10047408620963
2025-03-01 14:09:42,8424060,3803252,31.10456329240638
2025-03-01 14:09:45,8423304,3804008,31.110746172175862
2025-03-01 14:09:48,8422804,3804508,31.114835378372614
2025-03-01 14:09:51,8420788,3806524,31.13132305775791
2025-03-01 14:09:54,8421292,3806020,31.127201137911587
2025-03-01 14:09:57,8419712,3807600,31.140123029493317
2025-03-01 14:10:00,8419460,3807852,31.142183989416477
2025-03-01 14:10:03,8419212,3808100,31.144212235690066
2025-03-01 14:10:06,8415180,3812132,31.177187594460666
2025-03-01 14:10:09,8414928,3812384,31.179248554383825
2025-03-01 14:10:12,8414928,3812384,31.179248554383825
2025-03-01 14:10:15,8413448,3813864,31.19135260472621
2025-03-01 14:10:18,8409416,3817896,31.2243279634968
2025-03-01 14:10:21,8413572,3813740,31.190338481589414
2025-03-01 14:10:24,8408972,3818340,31.22795917859952
2025-03-01 14:10:27,7916632,4310680,35.254518736415655
2025-03-01 14:10:30,7902200,4325112,35.37254958407866
2025-03-01 14:10:34,7321668,4905644,40.12037968770242
2025-03-01 14:10:37,7352928,4874384,39.86472251628158
2025-03-01 14:10:40,7303132,4924180,40.271974739828345
2025-03-01 14:10:43,7237092,4990220,40.81207709429513
2025-03-01 14:10:46,7364592,4862720,39.76932951412379
2025-03-01 14:10:49,7318376,4908936,40.14730302130182
2025-03-01 14:10:52,7318840,4908472,40.14350823795124
2025-03-01 14:10:55,7315608,4911704,40.16994086680703
2025-03-01 14:10:58,7330624,4896688,40.04713382630622
2025-03-01 14:11:01,7305484,4921828,40.25273911387883
2025-03-01 14:11:04,7256444,4970868,40.653808457656105
2025-03-01 14:11:07,7254556,4972756,40.66924930025503
2025-03-01 14:11:10,7224600,5002712,40.91424182191474
2025-03-01 14:11:13,7204736,5022576,41.07669780569924
2025-03-01 14:11:16,7209776,5017536,41.035478607236
2025-03-01 14:11:19,7292720,4934592,40.357128369669475
2025-03-01 14:11:22,7257240,4970072,40.64729844139088
2025-03-01 14:11:25,7219920,5007392,40.952516791916324
2025-03-01 14:11:28,7203624,5023688,41.085792200280814
2025-03-01 14:11:31,7257080,4970232,40.64860698737384
2025-03-01 14:11:34,7258188,4969124,40.639545306441846
2025-03-01 14:11:37,7250624,4976688,40.70140681778628
2025-03-01 14:11:40,7221768,5005544,40.93740308581314
2025-03-01 14:11:43,7255076,4972236,40.664996525810416
2025-03-01 14:11:46,7248588,4978724,40.71805806541945
2025-03-01 14:11:49,7244884,4982428,40.748350904924976
2025-03-01 14:11:52,7260504,4966808,40.62060410333849
2025-03-01 14:11:55,7260804,4966508,40.61815057962044
2025-03-01 14:11:58,7223008,5004304,40.9272618544452
2025-03-01 14:12:01,7210400,5016912,41.03037527790245
2025-03-01 14:12:04,7211320,5015992,41.022851138500435
2025-03-01 14:12:07,7182440,5044872,41.25904368842473
2025-03-01 14:12:10,7156552,5070760,41.470766428467684
2025-03-01 14:12:13,7136404,5090908,41.63554508137193
2025-03-01 14:12:16,7146988,5080324,41.548984764599126
2025-03-01 14:12:19,7135300,5092012,41.64457404865436
2025-03-01 14:12:22,7135984,5091328,41.63898001457721
2025-03-01 14:12:25,7135152,5092160,41.64578445368859
2025-03-01 14:12:28,7257588,4969724,40.64445235387794
2025-03-01 14:12:31,7250292,4977020,40.704122050700924
2025-03-01 14:12:34,7288988,4938324,40.38765020472202
2025-03-01 14:12:37,7283176,4944136,40.43518313755305
2025-03-01 14:12:40,7265032,4962280,40.58357225202072
2025-03-01 14:12:43,7269092,4958220,40.55036789770311
2025-03-01 14:12:46,7279940,4947372,40.461648480058415
2025-03-01 14:12:49,7239636,4987676,40.79127121316606
2025-03-01 14:12:52,7212560,5014752,41.012709907132496
2025-03-01 14:12:55,7192848,5034464,41.173922772233176
2025-03-01 14:12:58,7203884,5023428,41.08366581305851
2025-03-01 14:13:01,7181840,5045472,41.26395073586083
2025-03-01 14:13:04,7182608,5044704,41.257669715142626
2025-03-01 14:13:07,7146464,5080848,41.553270252693316
2025-03-01 14:13:10,7236600,4990712,40.81610087319273
2025-03-01 14:13:13,7203348,5023964,41.08804944210142
2025-03-01 14:13:16,7188724,5038588,41.207650544943974
2025-03-01 14:13:19,7165908,5061404,41.39424920211409
2025-03-01 14:13:22,7171928,5055384,41.34501515950521
2025-03-01 14:13:25,7169412,5057900,41.36559204508726
2025-03-01 14:13:28,7131704,5095608,41.67398361962139
2025-03-01 14:13:31,7119184,5108128,41.77637734278801
2025-03-01 14:13:34,7097356,5129956,41.95489572851335
2025-03-01 14:13:37,7217132,5010180,40.97531820566941
2025-03-01 14:13:40,7217448,5009864,40.97273382735306
2025-03-01 14:13:43,7198876,5028436,41.124623302325155
2025-03-01 14:13:46,7285064,4942248,40.41974229495411
2025-03-01 14:13:49,7250012,4977300,40.70641200617111
2025-03-01 14:13:52,7254996,4972316,40.66565079880189
2025-03-01 14:13:55,7232916,4994396,40.84623014445039
2025-03-01 14:13:58,7210104,5017208,41.03279608797093
2025-03-01 14:14:01,7202812,5024500,41.092433071144335
2025-03-01 14:14:04,7174672,5052640,41.32257359589745
2025-03-01 14:14:07,7159436,5067876,41.447179887124825
2025-03-01 14:14:10,7218948,5008364,40.96046620876281
2025-03-01 14:14:13,7194308,5033004,41.16198229013867
2025-03-01 14:14:16,7191684,5035628,41.183442444259214
2025-03-01 14:14:19,7173688,5053624,41.330621153692654
2025-03-01 14:14:22,7187452,5039860,41.21805348550851
2025-03-01 14:14:25,7177880,5049432,41.296337248939096
2025-03-01 14:14:28,7177628,5049684,41.29839820886226
2025-03-01 14:14:31,7174912,5052400,41.320610776923004
2025-03-01 14:14:34,7097648,5129664,41.952507632094445
2025-03-01 14:14:37,7109792,5117520,41.85318899198777
2025-03-01 14:14:40,7089704,5137608,42.01747694014841
2025-03-01 14:14:43,7084640,5142672,42.0588924205091
2025-03-01 14:14:46,7091432,5135880,42.00334464353245
2025-03-01 14:14:49,7071320,5155992,42.16782887359054
2025-03-01 14:14:52,7267612,4959700,40.56247194804549
2025-03-01 14:14:55,7248412,4978900,40.7194974660007
2025-03-01 14:14:58,7241700,4985612,40.77439096998588
2025-03-01 14:15:01,7228564,4998748,40.881822595186904
2025-03-01 14:15:04,7219792,5007520,40.953563628702696
2025-03-01 14:15:07,7224332,5002980,40.9164336364362
2025-03-01 14:15:10,7197116,5030196,41.13901730813772
2025-03-01 14:15:13,7204172,5023140,41.08131043028918
2025-03-01 14:15:16,7153448,5073864,41.496152220537105
2025-03-01 14:15:19,7139316,5087996,41.61172954448206
2025-03-01 14:15:22,7135452,5091860,41.643330929970546
2025-03-01 14:15:25,7124920,5102392,41.72946596929889
2025-03-01 14:15:28,7142244,5085068,41.58778315299389
2025-03-01 14:15:31,7266520,4960792,40.571402774379195
2025-03-01 14:15:34,7263920,4963392,40.5926666466023
2025-03-01 14:15:37,7190212,5037100,41.195481067302445
2025-03-01 14:15:40,7187360,5039952,41.21880589944871
2025-03-01 14:15:43,7174976,5052336,41.320087358529825
2025-03-01 14:15:46,7170204,5057108,41.35911474247161
2025-03-01 14:15:49,7159180,5068132,41.449273560697556
2025-03-01 14:15:52,7142492,5084820,41.585754906720304
2025-03-01 14:15:55,7269684,4957628,40.545526277566154
2025-03-01 14:15:58,7252652,4974660,40.684820997452256
2025-03-01 14:16:01,7223384,5003928,40.92418677138524
2025-03-01 14:16:04,7198188,5029124,41.130250050051885
2025-03-01 14:16:07,7202744,5024568,41.092989203187095
2025-03-01 14:16:10,7177364,5049948,41.300557309734145
2025-03-01 14:16:13,7155144,5072168,41.48228163311773
2025-03-01 14:16:16,7154136,5073176,41.49052547281038
2025-03-01 14:16:19,7125804,5101508,41.72223625274304
2025-03-01 14:16:22,7221340,5005972,40.940903446317556
2025-03-01 14:16:25,7201448,5025864,41.10358842564907
2025-03-01 14:16:28,7199768,5027544,41.11732815847015
2025-03-01 14:16:31,7181256,5046056,41.26872692869864
2025-03-01 14:16:34,7191236,5036076,41.1871063730115
2025-03-01 14:16:37,7178900,5048412,41.28799526829773
2025-03-01 14:16:40,7151420,5075892,41.51273804087113
2025-03-01 14:16:43,7097828,5129484,41.951035517863616
2025-03-01 14:16:46,7084408,5142904,42.060789812184396
2025-03-01 14:16:49,7090456,5136856,42.011326774028504
2025-03-01 14:16:52,7085312,5142000,42.05339652738067
2025-03-01 14:16:55,7087584,5139728,42.03481517442263
2025-03-01 14:16:58,7252928,4974384,40.682563755631655
2025-03-01 14:17:01,7235048,4992264,40.828793769227445
2025-03-01 14:17:04,7216020,5011292,40.98441260025098
2025-03-01 14:17:07,7193056,5034256,41.17222166245533
2025-03-01 14:17:10,7192048,5035264,41.18046550214798
2025-03-01 14:17:13,7181392,5045920,41.26761466461312
2025-03-01 14:17:16,7181416,5045896,41.267418382715675
2025-03-01 14:17:19,7173732,5053580,41.33026130354734
2025-03-01 14:17:22,7169196,5058116,41.36735858216426
2025-03-01 14:17:25,7219592,5007720,40.955199311181396
2025-03-01 14:17:28,7198988,5028324,41.12370732013708
2025-03-01 14:17:31,7198280,5029032,41.12949763611169
2025-03-01 14:17:34,7180296,5047016,41.2765782045964
2025-03-01 14:17:37,7188324,5038988,41.21092190990138
2025-03-01 14:17:40,7175220,5052092,41.3180918259058
2025-03-01 14:17:43,7179940,5047372,41.27948971940849
2025-03-01 14:17:46,7121380,5105932,41.75841754917189
2025-03-01 14:17:49,7121916,5105396,41.75403392012897
2025-03-01 14:17:52,7116648,5110664,41.79711779661793
2025-03-01 14:17:55,7102316,5124996,41.91433080304158
2025-03-01 14:17:58,7106348,5120964,41.88135544427099
2025-03-01 14:18:01,7088960,5138352,42.02356167896918
2025-03-01 14:18:04,7258688,4968624,40.635456100245094
2025-03-01 14:18:07,7211604,5015708,41.02052846938068
2025-03-01 14:18:10,7207364,5019948,41.055204937929126
2025-03-01 14:18:13,7191636,5035676,41.183835008054096
2025-03-01 14:18:16,7174500,5052812,41.32398028282913
2025-03-01 14:18:19,7184488,5042824,41.24229429984284
2025-03-01 14:18:22,7171536,5055776,41.34822109716346
2025-03-01 14:18:25,7173312,5054000,41.33369623675261
2025-03-01 14:18:28,7116044,5111268,41.802057557703606
2025-03-01 14:18:31,7095368,5131944,41.97115441235162
2025-03-01 14:18:34,7190132,5037180,41.19613534029393
2025-03-01 14:18:37,7177840,5049472,41.29666438543483
2025-03-01 14:18:40,7177608,5049704,41.29856177711012
2025-03-01 14:18:43,7169440,5057872,41.36536304954024
2025-03-01 14:18:46,7166680,5060632,41.3879354677463
2025-03-01 14:18:49,7109084,5118228,41.85897930796237
2025-03-01 14:18:52,7120896,5106416,41.762375900770344
2025-03-01 14:18:55,7102040,5125272,41.91658804486219
2025-03-01 14:18:58,7108844,5118468,41.86094212693681
2025-03-01 14:19:01,7086716,5140596,42.0419140363802
2025-03-01 14:19:04,7078388,5148924,42.11002385479327
2025-03-01 14:19:07,7262944,4964368,40.60064877709835
2025-03-01 14:19:10,7224576,5002736,40.91443810381219
2025-03-01 14:19:13,7219272,5008040,40.95781640314731
2025-03-01 14:19:16,7199212,5028100,41.12187535576094
2025-03-01 14:19:19,7202400,5024912,41.09580257705046
2025-03-01 14:19:22,7205392,5021920,41.0713327671691
2025-03-01 14:19:25,7259368,4967944,40.62989477981751
2025-03-01 14:19:28,7254328,4972984,40.67111397828075
2025-03-01 14:19:31,7228196,4999116,40.88483225094772
2025-03-01 14:19:34,7232380,4994932,40.85061377349331
2025-03-01 14:19:37,7219336,5007976,40.957292984754126
2025-03-01 14:19:40,7218864,5008448,40.96115319540387
2025-03-01 14:19:43,7207464,5019848,41.05438709668977
2025-03-01 14:19:46,7202680,5024632,41.09351262158028
2025-03-01 14:19:49,7192320,5034992,41.17824097397695
2025-03-01 14:19:52,7192068,5035244,41.18030193390011
2025-03-01 14:19:55,7235976,4991336,40.82120420252628
2025-03-01 14:19:58,7210936,5016376,41.02599164885954
2025-03-01 14:20:01,7210400,5016912,41.03037527790245
2025-03-01 14:20:04,7184348,5042964,41.243439277577934
2025-03-01 14:20:07,7188900,5038412,41.20621114436272
2025-03-01 14:20:10,7277584,4949728,40.4809168196575
2025-03-01 14:20:13,7271468,4955844,40.530935989856154
2025-03-01 14:20:16,7233104,4994208,40.84469260292041
2025-03-01 14:20:19,7229880,4997432,40.87105980447706
2025-03-01 14:20:22,7215004,5012308,40.99272186724278
2025-03-01 14:20:25,7190992,5036320,41.18910190563552
2025-03-01 14:20:28,7200984,5026328,41.10738320899966
2025-03-01 14:20:31,7179064,5048248,41.28665400866519
2025-03-01 14:20:35,7190872,5036440,41.190083315122735
2025-03-01 14:20:38,7223060,5004252,40.926836577000735
2025-03-01 14:20:41,7198264,5029048,41.129628490709976
2025-03-01 14:20:44,7206112,5021200,41.06544431024579
2025-03-01 14:20:47,7190768,5036544,41.19093387001166
2025-03-01 14:20:50,7200144,5027168,41.1142530754102
2025-03-01 14:20:53,7185784,5041528,41.23169507738086
2025-03-01 14:20:56,7186828,5040484,41.223156814842056
2025-03-01 14:20:59,7112656,5114656,41.82976601889279
2025-03-01 14:21:02,7113464,5113848,41.82315786167884
2025-03-01 14:21:05,8122648,4104664,33.569634928756216
2025-03-01 14:21:08,8115700,4111612,33.62645853806626
2025-03-01 14:21:11,8134668,4092644,33.47133041178634
2025-03-01 14:21:14,8290364,3936948,32.19798431576785
2025-03-01 14:21:17,8295656,3931656,32.154704157381445
2025-03-01 14:21:20,8249240,3978072,32.53431334703817
2025-03-01 14:21:23,8242940,3984372,32.58583734511723
2025-03-01 14:21:26,8237828,3989484,32.6276453892728
2025-03-01 14:21:29,8233796,3993516,32.66062074804339
2025-03-01 14:21:32,8237612,3989700,32.629411926349796
2025-03-01 14:21:35,8233628,3993684,32.661994721325506
2025-03-01 14:21:38,8230100,3997212,32.69084816024977
2025-03-01 14:21:41,8236216,3991096,32.640828990051126
2025-03-01 14:21:44,8238492,3988820,32.622214923443515
2025-03-01 14:21:47,8235768,3991544,32.644492918803415
2025-03-01 14:21:50,8234760,3992552,32.65273675849606
2025-03-01 14:21:53,8228904,3998408,32.7006295414724
2025-03-01 14:21:56,8226144,4001168,32.72320195967847
2025-03-01 14:21:59,8222496,4004816,32.75303680808995
2025-03-01 14:22:02,8214948,4012364,32.814767464836095
2025-03-01 14:22:05,8215028,4012284,32.81411319184462
2025-03-01 14:22:08,8215532,4011780,32.80999127199829
2025-03-01 14:22:11,8210988,4016324,32.84715397791436
2025-03-01 14:22:14,8204672,4022640,32.89880883059171
2025-03-01 14:22:17,8204672,4022640,32.89880883059171
2025-03-01 14:22:20,8226972,4000340,32.716430234216645
2025-03-01 14:22:23,8241808,3985504,32.59509530794667
2025-03-01 14:22:26,8245456,3981856,32.565260459535175
2025-03-01 14:22:29,8241236,3986076,32.59977335983575
2025-03-01 14:22:32,8240532,3986780,32.60553096216078
2025-03-01 14:22:35,8240532,3986780,32.60553096216078
2025-03-01 14:22:38,8229560,3997752,32.695264502942265
2025-03-01 14:22:41,8229308,3998004,32.69732546286543
2025-03-01 14:22:44,8227808,3999504,32.70959308145568
2025-03-01 14:22:47,8227556,3999756,32.71165404137884
2025-03-01 14:22:50,8221760,4005552,32.75905611961157
2025-03-01 14:22:53,8221788,4005524,32.75882712406455
2025-03-01 14:22:56,8222040,4005272,32.756766164141396
2025-03-01 14:22:59,8220340,4006972,32.77066946521035
2025-03-01 14:23:02,8220340,4006972,32.77066946521035
2025-03-01 14:23:05,8211520,4015792,32.84280306252102
2025-03-01 14:23:08,8208748,4018564,32.865473621675804
2025-03-01 14:23:11,8206984,4020328,32.87990034113793
2025-03-01 14:23:14,8206736,4020576,32.88192858741152
2025-03-01 14:23:17,8206484,4020828,32.883989547334686
2025-03-01 14:23:20,8207240,4020072,32.8778066675652
2025-03-01 14:23:23,8232552,3994760,32.67079469306091
2025-03-01 14:23:26,8228204,3999108,32.706354430147854
2025-03-01 14:23:29,8225936,4001376,32.72490306945631
2025-03-01 14:23:32,8223920,4003392,32.74139074884161
2025-03-01 14:23:35,8222920,4004392,32.74956916123511
2025-03-01 14:23:38,8221660,4005652,32.759873960850925
2025-03-01 14:23:41,8221660,4005652,32.759873960850925
2025-03-01 14:23:44,8217080,4010232,32.79733108961315
2025-03-01 14:23:47,8216324,4010988,32.80351396938264
2025-03-01 14:23:50,8211284,4016028,32.84473316784589
2025-03-01 14:23:53,8204228,4023084,32.902440045694426
2025-03-01 14:23:56,8204992,4022320,32.89619173862579
2025-03-01 14:23:59,8208772,4018540,32.86527733977836
2025-03-01 14:24:02,8208268,4019044,32.86939925962468
2025-03-01 14:24:05,8193852,4033460,32.98729925268939
2025-03-01 14:24:08,8191588,4035724,33.00581517834827
2025-03-01 14:24:11,8189824,4037488,33.02024189781041
2025-03-01 14:24:14,8190832,4036480,33.01199805811776
2025-03-01 14:24:17,8186800,4040512,33.044973416888354
2025-03-01 14:24:20,8193916,4033396,32.9867758342962
2025-03-01 14:24:23,8190388,4036924,33.015629273220476
2025-03-01 14:24:26,8181592,4045720,33.08756658863371
2025-03-01 14:24:29,8181340,4045972,33.08962754855687
2025-03-01 14:24:32,8190224,4037088,33.01697053285301
2025-03-01 14:24:35,8190224,4037088,33.01697053285301
2025-03-01 14:24:38,8189972,4037340,33.01903149277617
2025-03-01 14:24:41,8189720,4037592,33.021092452699335
2025-03-01 14:24:44,8184712,4042600,33.06204994196599
2025-03-01 14:24:47,8178292,4049020,33.11455534953226
2025-03-01 14:24:50,8176784,4050528,33.12688839542166
2025-03-01 14:24:53,8174516,4052796,33.14543703473012
2025-03-01 14:24:56,8176308,4051004,33.13078131972097
2025-03-01 14:24:59,8173536,4053776,33.15345187887575
2025-03-01 14:25:02,8173284,4054028,33.15551283879891
2025-03-01 14:25:05,8176328,4050984,33.130617751473096
2025-03-01 14:25:08,8175076,4052236,33.14085712378976
2025-03-01 14:25:11,8169868,4057444,33.18345029553511
2025-03-01 14:25:14,8167604,4059708,33.201966221194
2025-03-01 14:25:17,8167604,4059708,33.201966221194
2025-03-01 14:25:20,8174496,4052816,33.145600602977986
2025-03-01 14:25:23,8173740,4053572,33.151783482747476
2025-03-01 14:25:26,8171236,4056076,33.1722622273808
2025-03-01 14:25:29,8164180,4063132,33.22996910522934
2025-03-01 14:25:32,8157108,4070204,33.28780683767618
2025-03-01 14:25:35,8156164,4071148,33.295527258975646
2025-03-01 14:25:38,8154904,4072408,33.305832058591456
2025-03-01 14:25:41,8157424,4069888,33.28522245935983
2025-03-01 14:25:44,8157956,4069356,33.28087154396649
2025-03-01 14:25:47,8156948,4070364,33.28911538365914
2025-03-01 14:25:50,8155436,4071876,33.30148114319812
2025-03-01 14:25:53,8193748,4033564,32.98814980757832
2025-03-01 14:25:56,8195356,4031956,32.974998920449565
2025-03-01 14:25:59,8188804,4038508,33.02858387845178
2025-03-01 14:26:02,8188804,4038508,33.02858387845178
2025-03-01 14:26:05,8187292,4040020,33.04094963799075
2025-03-01 14:26:08,8188840,4038472,33.028289455605616
2025-03-01 14:26:11,8186572,4040740,33.04683809491407
2025-03-01 14:26:14,8175016,4052296,33.14134782853337
2025-03-01 14:26:17,8174764,4052548,33.14340878845653
2025-03-01 14:26:20,8165188,4062124,33.2217252655367
2025-03-01 14:26:23,8165188,4062124,33.2217252655367
2025-03-01 14:26:26,8169232,4058080,33.188651765817376
2025-03-01 14:26:29,8168980,4058332,33.19071272574054
2025-03-01 14:26:32,8169988,4057324,33.182468886047886
2025-03-01 14:26:35,8169736,4057576,33.18452984597105
2025-03-01 14:26:38,8165316,4061996,33.220678428750325
2025-03-01 14:26:41,8163804,4063508,33.2330441882893
2025-03-01 14:26:44,8169108,4058204,33.189665888954174
2025-03-01 14:26:47,8166588,4060724,33.21027548818579
2025-03-01 14:26:50,8165580,4061732,33.21851932787844
2025-03-01 14:26:53,8182496,4044816,33.08017330382999
2025-03-01 14:26:56,8177172,4050140,33.12371517141298
2025-03-01 14:26:59,8184556,4042756,33.06332577429937
2025-03-01 14:27:02,8184556,4042756,33.06332577429937
2025-03-01 14:27:05,8176744,4050568,33.1272155319174
2025-03-01 14:27:08,8175488,4051824,33.137487617883636
2025-03-01 14:27:11,8175488,4051824,33.137487617883636
2025-03-01 14:27:14,8174740,4052572,33.14360507035398
2025-03-01 14:27:17,8174992,4052320,33.141544110430814
2025-03-01 14:27:20,8172820,4054492,33.1593076221495
2025-03-01 14:27:23,8172820,4054492,33.1593076221495
2025-03-01 14:27:26,8166268,4061044,33.21289258015172
2025-03-01 14:27:29,8166268,4061044,33.21289258015172
2025-03-01 14:27:32,8174852,4052460,33.1426890881659
2025-03-01 14:27:35,8174600,4052712,33.144750048089065
2025-03-01 14:27:38,8174348,4052964,33.14681100801223
2025-03-01 14:27:41,8168888,4058424,33.191465139680744
2025-03-01 14:27:44,8173500,4053812,33.15374630172192
2025-03-01 14:27:47,8173500,4053812,33.15374630172192
2025-03-01 14:27:50,8172492,4054820,33.16199014141456
2025-03-01 14:27:53,8171232,4056080,33.17229494103038
2025-03-01 14:27:56,8165188,4062124,33.2217252655367
2025-03-01 14:27:59,8180812,4046500,33.09394575030064
2025-03-01 14:28:02,8179552,4047760,33.10425054991645
2025-03-01 14:28:05,8170180,4057132,33.18089863086834
2025-03-01 14:28:08,8177288,4050024,33.12276647557533
2025-03-01 14:28:11,8176028,4051284,33.13307127519114
2025-03-01 14:28:14,8174516,4052796,33.14543703473012
2025-03-01 14:28:17,8150844,4076468,33.33903641290907
2025-03-01 14:28:20,7384948,4842364,39.602849751441696
2025-03-01 14:28:23,7378752,4848560,39.65352319463182
2025-03-01 14:28:26,7286020,4941292,40.41192373270593
2025-03-01 14:28:29,7298232,4929080,40.312048960556496
2025-03-01 14:28:32,7248476,4978836,40.71897404760752
2025-03-01 14:28:35,7222484,5004828,40.931547342539396
2025-03-01 14:28:38,7219464,5007848,40.95624614796776
2025-03-01 14:28:41,7292000,4935312,40.3630168265928
2025-03-01 14:28:44,7291112,4936200,40.37027925679823
2025-03-01 14:28:47,7271376,4955936,40.53168840379635
2025-03-01 14:28:50,7262808,4964504,40.60176104118387
2025-03-01 14:28:53,7213228,5014084,41.00724672765364
2025-03-01 14:28:56,7205348,5021964,41.07169261731442
2025-03-01 14:28:59,7216860,5010452,40.97754273384044
2025-03-01 14:29:02,7143164,5084148,41.58025901359187
2025-03-01 14:29:05,7129936,5097376,41.68844305273309
2025-03-01 14:29:08,7100644,5126668,41.92800510856352
2025-03-01 14:29:11,7108708,5118604,41.862054391022326
2025-03-01 14:29:14,7251080,4976232,40.69767746173484
2025-03-01 14:29:17,7236464,4990848,40.81721313727825
2025-03-01 14:29:20,7265696,4961616,40.57814178619144
2025-03-01 14:29:23,7220036,5007276,40.95156809607868
2025-03-01 14:29:26,7226316,5000996,40.900207666247496
2025-03-01 14:29:29,7219524,5007788,40.95575544322415
2025-03-01 14:29:32,7232012,4995300,40.853623429254114
2025-03-01 14:29:35,7217460,5009852,40.97263568640434
2025-03-01 14:29:38,7195140,5032172,41.155177851027275
2025-03-01 14:29:41,7198064,5029248,41.131264173188676
2025-03-01 14:29:44,7145272,5082040,41.56301892026637
2025-03-01 14:29:47,7140580,5086732,41.60139203121667
2025-03-01 14:29:50,7138832,5088480,41.61568789608051
2025-03-01 14:29:53,7135124,5092188,41.64601344923561
2025-03-01 14:29:56,7113312,5114000,41.824400980362654
2025-03-01 14:29:59,7418988,4808324,39.32445659356693
2025-03-01 14:30:02,8131548,4095764,33.49684705845406
2025-03-01 14:30:05,8189704,4037608,33.02122330729763
2025-03-01 14:30:08,7443004,4784308,39.128043841524615
2025-03-01 14:30:11,7443136,4784176,39.126964291088676
2025-03-01 14:30:14,7446616,4780696,39.09850341595929
2025-03-01 14:30:17,7375352,4851960,39.681329796769724
2025-03-01 14:30:20,7378776,4848536,39.65332691273438
2025-03-01 14:30:23,7277108,4950204,40.48480974395681
2025-03-01 14:30:26,7406968,4820344,39.422761110536804
2025-03-01 14:30:29,7398400,4828912,39.492833747924315
2025-03-01 14:30:32,7380112,4847200,39.64240055377666
2025-03-01 14:30:35,7382884,4844428,39.61972999462188
2025-03-01 14:30:38,7368544,4858768,39.73700842834468
2025-03-01 14:30:41,7357532,4869780,39.8270691056219
2025-03-01 14:30:44,7345004,4882308,39.92952825608768
2025-03-01 14:30:47,7324820,4902492,40.094601331838106
2025-03-01 14:30:50,7296856,4930456,40.323302456009955
2025-03-01 14:30:53,7297360,4929952,40.31918053616363
2025-03-01 14:30:56,7256792,4970520,40.65096237014317
2025-03-01 14:30:59,7269292,4958020,40.54873221522441
2025-03-01 14:31:02,7352264,4875048,39.870152982110866
2025-03-01 14:31:05,7323400,4903912,40.106214677436874
2025-03-01 14:31:08,7291416,4935896,40.3677930194306
2025-03-01 14:31:11,8126244,4101068,33.54022535778918
2025-03-01 14:31:14,7202596,5024716,41.09419960822133
2025-03-01 14:31:17,7152476,5074836,41.50410163738359
2025-03-01 14:31:20,7275276,4952036,40.499792595461706
2025-03-01 14:31:23,7284584,4942728,40.423667932902994
2025-03-01 14:31:27,8127388,4099924,33.53086925401102
2025-03-01 14:31:30,7469568,4757744,38.910792494703664
2025-03-01 14:31:33,7458088,4769224,39.00468066898105
2025-03-01 14:31:36,7437200,4790112,39.17551134705649
2025-03-01 14:31:39,7477960,4749352,38.8421592578974
2025-03-01 14:31:42,7411972,4815340,39.381836334919726
2025-03-01 14:31:45,7418480,4808832,39.32861122706283
2025-03-01 14:31:48,7375100,4852212,39.68339075669289
2025-03-01 14:31:51,7329728,4897584,40.0544616838108
2025-03-01 14:31:54,7301276,4926036,40.28715387323068
2025-03-01 14:31:57,7393000,4834312,39.536997174849226
2025-03-01 14:32:00,7385696,4841616,39.596732298971354
2025-03-01 14:32:03,7360244,4867068,39.80488925121073
2025-03-01 14:32:06,7353696,4873616,39.858441495563376
2025-03-01 14:32:09,7329004,4898308,40.0603828543837
2025-03-01 14:32:12,7295592,4931720,40.33363996927534
2025-03-01 14:32:15,7256296,4971016,40.65501886269035
2025-03-01 14:32:18,7209772,5017540,41.03551132088557
2025-03-01 14:32:21,7229972,4997340,40.87030739053686
2025-03-01 14:32:24,7211324,5015988,41.02281842485086
2025-03-01 14:32:27,7224604,5002708,40.91420910826517
2025-03-01 14:32:30,7190376,5036936,41.19413980766991
2025-03-01 14:32:33,7219660,5007652,40.95464317913864
2025-03-01 14:32:36,7181484,5045828,41.26686225067292
2025-03-01 14:32:39,7340456,4886856,39.96672367565333
2025-03-01 14:32:42,7312900,4914412,40.192088007568636
2025-03-01 14:32:45,7314184,4913128,40.181586926055374
2025-03-01 14:32:48,7298840,4928472,40.307076485821256
2025-03-01 14:32:51,7295360,4931952,40.33553736095064
2025-03-01 14:32:54,7287624,4939688,40.39880555922675
2025-03-01 14:32:57,7273544,4953768,40.51395760572725
2025-03-01 14:33:00,7214572,5012740,40.99625494139677
2025-03-01 14:33:03,7185000,5042312,41.23810695269737
2025-03-01 14:33:06,7198172,5029140,41.13038090465018
2025-03-01 14:33:09,7194236,5033076,41.162571135831
2025-03-01 14:33:12,7169928,5057384,41.36137198429222
2025-03-01 14:33:15,7169424,5057888,41.36549390413854
2025-03-01 14:33:18,7151480,5075832,41.512247336127515
2025-03-01 14:33:21,7165588,5061724,41.396866294080006
2025-03-01 14:33:24,7316792,4910520,40.160257626533124
2025-03-01 14:33:27,7313276,4914036,40.189012924508674
2025-03-01 14:33:30,7293640,4933672,40.34960423026745
2025-03-01 14:33:33,7269080,4958232,40.550466038651834
2025-03-01 14:33:36,7282324,4944988,40.44215114491231
2025-03-01 14:33:39,7318484,4908828,40.14641975276332
2025-03-01 14:33:42,7333028,4894284,40.02747292291225
2025-03-01 14:33:45,7342324,4884988,39.95144640130226
2025-03-01 14:33:48,7316952,4910360,40.158949080550165
2025-03-01 14:33:51,7300904,4926408,40.290196242641066
2025-03-01 14:33:54,7277024,4950288,40.485496730597866
2025-03-01 14:33:57,7252324,4974988,40.68750351671733
2025-03-01 14:34:00,7250564,4976748,40.70189752252989
2025-03-01 14:34:03,7262560,4964752,40.60378928745745
2025-03-01 14:34:06,7311972,4915340,40.1996775742698
2025-03-01 14:34:09,7312696,4914616,40.19375640369691
2025-03-01 14:34:12,7277528,4949784,40.48137481075153
2025-03-01 14:34:15,7278300,4949012,40.47506107638375
2025-03-01 14:34:18,7261444,4965868,40.6129163956886
2025-03-01 14:34:21,7280312,4947000,40.458606110648034
2025-03-01 14:34:24,7248516,4978796,40.718646911111776
2025-03-01 14:34:27,7266232,4961080,40.57375815714852
2025-03-01 14:34:30,7218292,5009020,40.96583124729295
2025-03-01 14:34:33,7182292,5045020,41.26025409345897
2025-03-01 14:34:36,7183704,5043608,41.24870617515935
2025-03-01 14:34:39,7156268,5071044,41.47308909758743
2025-03-01 14:34:42,7178764,5048548,41.28910753238324
2025-03-01 14:34:45,7346948,4880364,39.91362942239472
2025-03-01 14:34:48,7343916,4883396,39.938426368771815
2025-03-01 14:34:51,7336996,4890316,39.99502098253483
2025-03-01 14:34:54,7317160,4910152,40.15724797077232
2025-03-01 14:34:57,7281144,4946168,40.45180167153664
2025-03-01 14:35:00,7279868,4947444,40.46223732575074
2025-03-01 14:35:03,7286192,4941120,40.41051704577425
2025-03-01 14:35:06,7271700,4955612,40.52903859818086
2025-03-01 14:35:09,7281296,4946016,40.450558552852826
2025-03-01 14:35:12,7197736,5029576,41.13394669245375
2025-03-01 14:35:15,7186824,5040488,41.22318952849163
2025-03-01 14:35:18,7174860,5052452,41.32103605436747
2025-03-01 14:35:21,7196652,5030660,41.1428120914883
2025-03-01 14:35:24,7190836,5036476,41.1903777379689
2025-03-01 14:35:27,7193616,5033696,41.16764175151497
2025-03-01 14:35:30,7191688,5035624,41.18340973060964
2025-03-01 14:35:33,7380132,4847180,39.64223698552879
2025-03-01 14:35:36,7352720,4874592,39.86642362605943
2025-03-01 14:35:39,7324556,4902756,40.096760432709985
2025-03-01 14:35:42,7329496,4897816,40.05635907548609
2025-03-01 14:35:45,7319468,4907844,40.13837219496812
2025-03-01 14:35:48,7290516,4936796,40.37515359058475
2025-03-01 14:35:51,7343164,4884148,39.94457653489172
2025-03-01 14:35:54,7323760,4903552,40.103270448975216
2025-03-01 14:35:57,7328952,4898360,40.06080813182816
2025-03-01 14:36:00,7312844,4914468,40.192545998662666
2025-03-01 14:36:03,7309108,4918204,40.22310054736479
2025-03-01 14:36:06,7300340,4926972,40.294808867231
2025-03-01 14:36:09,7272804,4954508,40.520009630898436
2025-03-01 14:36:12,7250068,4977244,40.70595401507707
2025-03-01 14:36:15,7250104,4977208,40.7056595922309
2025-03-01 14:36:18,7266536,4960776,40.5712719197809
2025-03-01 14:36:21,7260756,4966556,40.61854314341533
2025-03-01 14:36:24,7224260,5003052,40.91702248212854
2025-03-01 14:36:27,7294732,4932580,40.34067340393375
2025-03-01 14:36:30,7292616,4934696,40.357978924558395
2025-03-01 14:36:33,7294164,4933148,40.345318742173255
2025-03-01 14:36:36,7264432,4962880,40.58847929945682
2025-03-01 14:36:39,7262196,4965116,40.60676622956869
2025-03-01 14:36:42,7262396,4964916,40.60513054708999
2025-03-01 14:36:45,7201900,5025412,41.09989178324721
2025-03-01 14:36:48,7182552,5044760,41.258127706236664
2025-03-01 14:36:51,7182852,5044460,41.25567418251861
2025-03-01 14:36:54,7170820,5056492,41.35407684043721
2025-03-01 14:36:57,7163068,5064244,41.417475893311625
2025-03-01 14:37:00,8182668,4044644,33.07876661689831
2025-03-01 14:37:03,8154068,4073244,33.31266921135242
2025-03-01 14:37:06,8163800,4063512,33.23307690193887
2025-03-01 14:37:09,8162452,4064860,33.24410140184531
2025-03-01 14:37:12,8180116,4047196,33.09963792532651
2025-03-01 14:37:15,8211028,4016284,32.84682684141862
2025-03-01 14:37:18,7483300,4744012,38.79848653571611
2025-03-01 14:37:21,7473416,4753896,38.87932196381347
2025-03-01 14:37:24,7469132,4758180,38.91435828250723
2025-03-01 14:37:27,7380356,4846956,39.640405021152645
2025-03-01 14:37:30,9283200,2944112,24.078162068654173
2025-03-01 14:37:33,9290528,2936784,24.0182306626346
2025-03-01 14:37:36,9290528,2936784,24.0182306626346
2025-03-01 14:37:39,9290528,2936784,24.0182306626346
2025-03-01 14:37:42,9290528,2936784,24.0182306626346
2025-03-01 14:37:45,9293804,2933508,23.99143818363349
2025-03-01 14:37:48,9293300,2934012,23.995560103479814
2025-03-01 14:37:51,9293300,2934012,23.995560103479814
2025-03-01 14:37:54,9293048,2934264,23.99762106340298
2025-03-01 14:37:57,9288260,2939052,24.03677930194306
2025-03-01 14:38:00,9288008,2939304,24.038840261866223
2025-03-01 14:38:03,9288008,2939304,24.038840261866223
2025-03-01 14:38:06,9288008,2939304,24.038840261866223
2025-03-01 14:38:09,9291788,2935524,24.00792586301879
2025-03-01 14:38:12,9291788,2935524,24.00792586301879
2025-03-01 14:38:15,9291788,2935524,24.00792586301879
2025-03-01 14:38:18,9291788,2935524,24.00792586301879
2025-03-01 14:38:21,9298592,2928720,23.95227994509341
2025-03-01 14:38:24,9298592,2928720,23.95227994509341
2025-03-01 14:38:27,9298592,2928720,23.95227994509341
2025-03-01 14:38:30,9298592,2928720,23.95227994509341
2025-03-01 14:38:33,9300356,2926956,23.937853225631276
2025-03-01 14:38:36,9300104,2927208,23.939914185554436
2025-03-01 14:38:39,9300104,2927208,23.939914185554436
2025-03-01 14:38:42,9300104,2927208,23.939914185554436
2025-03-01 14:38:45,9302372,2924940,23.92136554624598
2025-03-01 14:38:48,9302120,2925192,23.92342650616914
2025-03-01 14:38:51,9302120,2925192,23.92342650616914
2025-03-01 14:38:54,9302120,2925192,23.92342650616914
2025-03-01 14:38:57,9303632,2923680,23.911060746630167
2025-03-01 14:39:00,9303632,2923680,23.911060746630167
2025-03-01 14:39:03,9303632,2923680,23.911060746630167
2025-03-01 14:39:06,9303632,2923680,23.911060746630167
2025-03-01 14:39:09,9307160,2920152,23.882207307705897
2025-03-01 14:39:12,9307160,2920152,23.882207307705897
2025-03-01 14:39:15,9307160,2920152,23.882207307705897
2025-03-01 14:39:18,9306908,2920404,23.884268267629057
2025-03-01 14:39:21,9308168,2919144,23.873963468013248
2025-03-01 14:39:24,9308168,2919144,23.873963468013248
2025-03-01 14:39:27,9308168,2919144,23.873963468013248
2025-03-01 14:39:30,9308168,2919144,23.873963468013248
2025-03-01 14:39:33,9303632,2923680,23.911060746630167
2025-03-01 14:39:36,9303380,2923932,23.913121706553326
2025-03-01 14:39:39,9303380,2923932,23.913121706553326
2025-03-01 14:39:42,9303380,2923932,23.913121706553326
2025-03-01 14:39:45,9301364,2925948,23.929609385938626
2025-03-01 14:39:48,9301364,2925948,23.929609385938626
2025-03-01 14:39:51,9301364,2925948,23.929609385938626
2025-03-01 14:39:54,9301364,2925948,23.929609385938626
2025-03-01 14:39:57,9296324,2930988,23.970828584401872
2025-03-01 14:40:00,9296324,2930988,23.970828584401872
2025-03-01 14:40:03,9296324,2930988,23.970828584401872
2025-03-01 14:40:06,9296324,2930988,23.970828584401872
2025-03-01 14:40:09,9298340,2928972,23.954340905016572
2025-03-01 14:40:12,9298340,2928972,23.954340905016572
2025-03-01 14:40:15,9298340,2928972,23.954340905016572
2025-03-01 14:40:18,9298340,2928972,23.954340905016572
