requests/s,ProcessTime,QueueTime,SendTime
1859.37455,0.002286917,0.001178917,0.000120833
1918.923763,0.002361833,0.00181025,0.00011025
1916.704779,0.002006833,0.00021375,0.000119167
1931.60392,0.002152917,0.000232417,0.00010425
1909.183042,0.002056583,0.000163667,0.0001005
1858.99796,0.002067583,0.000182,0.000105083
1837.391227,0.00209425,0.00016975,0.000116083
1834.820699,0.002198,0.000586833,0.000117
1862.354132,0.002049833,0.000432917,9.21E-05
1911.537225,0.0025165,0.004316083,0.000131833
1830.60632,0.002417083,0.002181,0.000124
1844.941068,0.002052167,0.000175917,9.41E-05
1801.40739,0.0023965,0.001582833,0.000103417
1806.451153,0.00253775,0.0003085,0.0001605
1768.199817,0.002957083,0.00252975,0.000129167
1729.24248,0.002889,0.004317667,0.00010125
1713.900059,0.00221025,0.000201417,0.000155167
1739.266961,0.002092083,0.000375417,0.0001165
1772.471193,0.002746583,0.0037465,0.00011075
1763.22446,0.003173083,0.003071333,0.0001115
1740.780427,0.002732,0.005656333,0.00009175
1706.555401,0.00245025,0.00382125,0.000109083
1725.577667,0.002404667,0.00131,0.000139167
1647.480293,0.002772333,0.00250925,9.89E-05
1673.233466,0.002843917,0.00264325,0.000136333
1656.099562,0.003395,0.007743667,0.000130833
1709.175727,0.00315575,0.00365775,0.000168833
1616.509411,0.0027685,0.002294083,0.00010225
1616.627216,0.002779083,0.00190125,0.000109167
1607.690993,0.002311,0.002284917,0.00010275
1596.822933,0.00262775,0.001634167,0.000116083
1639.883322,0.003349583,0.0042065,0.000144167
1581.775049,0.003532667,0.004363333,0.000155417
1565.620343,0.003109,0.003586667,0.000139167
1564.324356,0.002511583,0.001739917,0.000127833
1531.975239,0.0034395,0.011410833,0.000114167
1550.228515,0.002340167,0.0007845,0.00011375
1637.606892,0.002806583,0.002256083,0.000118917
1459.172869,0.002827,0.00465825,0.00011475
1515.104964,0.002630167,0.001648667,0.000114167
1440.149973,0.002980833,0.003231083,0.00014725
1535.892811,0.003082917,0.0018145,0.000120167
1445.741473,0.002934083,0.003685083,0.000154083
1461.296506,0.003116333,0.003988417,0.000149083
1516.89157,0.003277417,0.00705525,0.000131083
1503.620857,0.003056167,0.004603417,0.000116917
1504.198228,0.0030055,0.001349,0.000147833
1468.612482,0.00267,0.001952083,0.000195333
1507.401323,0.00207275,0.000168167,9.54E-05
1436.636692,0.002033167,0.000140917,9.28E-05
1457.905483,0.002032083,0.000143083,9.96E-05
1449.766381,0.002561583,0.00142225,9.73E-05
1428.037431,0.002149833,0.000156333,0.000103083
1399.341425,0.002146083,0.0001615,0.00008875
1403.791375,0.002139083,0.001335083,8.74E-05
1327.219608,0.002805083,0.00267325,0.0001045
1397.510443,0.0020435,0.000179167,0.000101
1352.368063,0.002033083,0.000116917,9.27E-05
1353.376321,0.002163167,0.0001275,0.000113833
1332.243939,0.0026615,0.0007145,0.000142333
1399.944148,0.002039083,0.000128,9.38E-05
1333.598867,0.002028833,0.00012275,8.68E-05
1377.769966,0.00190125,0.000115667,7.88E-05
1383.650261,0.0024255,0.000410667,0.00012025
1381.043559,0.002585083,0.000345,0.000131083
1442.985976,0.002517333,0.002164083,0.000101583
1363.943641,0.002405,0.00116775,0.0000945
1372.687243,0.002393667,0.00224075,8.82E-05
1410.97832,0.002189667,0.000362083,9.55E-05
1410.358839,0.001956,0.000103083,8.28E-05
1404.626649,0.001953417,0.00011,0.00008125
1412.196094,0.00191075,0.000100833,9.02E-05
1442.143949,0.002124083,0.00020875,0.00010825
1479.330068,0.0024845,0.001682417,0.000122
1375.544617,0.002130167,0.000192583,0.000104667
1442.307668,0.00226125,0.0001465,0.00008175
1423.158004,0.002401833,0.00101175,0.0001135
1337.808673,0.002363917,0.002351333,0.0001295
1386.595426,0.002321083,0.002282917,8.91E-05
1402.715793,0.002119583,0.001055,8.46E-05
1376.927732,0.002003583,0.000110167,9.16E-05
1381.773124,0.002159167,0.000115417,0.0001005
1416.402952,0.002092583,0.000328583,0.000119083
1365.1268,0.0021395,0.000358583,8.02E-05
1407.059612,0.00201475,0.0001325,0.000134083
1326.238627,0.002039333,0.000131917,0.000089
1338.157963,0.00221075,0.00039,9.17E-05
1322.092094,0.00196725,9.73E-05,9.26E-05
1337.784546,0.00207775,0.000198917,7.83E-05
1238.922013,0.00219975,0.00012075,0.000102667
1465.93664,0.001977167,0.000122417,0.0001025
1357.883473,0.002673333,0.002914583,0.0001155
1352.417212,0.002120917,0.0002365,9.64E-05
1374.173955,0.002245667,0.000151,0.00009075
1276.415002,0.002144417,0.000311333,0.000110917
1287.52712,0.0024395,0.00456075,0.00011225
1357.164164,0.002164417,0.000145667,1.00E-04
1285.461017,0.002084083,0.000128417,8.18E-05
1365.829202,0.0025435,0.000595,0.000110917
1321.59501,0.002087333,0.000180417,6.63E-05
1284.067199,0.002536917,0.005141417,9.93E-05
1247.51822,0.002178917,0.000109417,0.000124833
1286.646209,0.001954833,0.0001565,9.66E-05
1351.084871,0.001850917,0.000152583,9.39E-05
1305.86025,0.002089917,0.000124,9.86E-05
1355.105903,0.00228,0.000187,0.000110333
1328.248243,0.00182925,0.000107583,8.57E-05
1286.894793,0.002192583,0.000753917,0.000108917
1386.372685,0.002155917,0.000141083,0.000100917
1301.958615,0.0021,0.000147083,0.00009625
1315.096884,0.002061333,0.000137917,7.72E-05
1360.701646,0.002044667,0.000147167,0.000101583
1342.896976,0.002144833,0.000125167,9.32E-05
1362.9122,0.002225917,0.00022525,0.000104667
1335.839144,0.002346083,0.000124333,0.000109667
1351.445381,0.00248375,0.003953,0.000105583
1358.569288,0.0024095,0.00079575,0.000104667
1391.417634,0.001912,0.000120917,0.00008225
1240.766267,0.002036833,0.000105583,8.71E-05
1259.587353,0.002355583,0.000872,8.31E-05
1315.765881,0.00247025,0.0006265,0.00014925
1362.517612,0.001904417,0.00010975,0.000119917
1271.49921,0.002049333,0.000174583,7.17E-05
1258.040777,0.002580667,0.00622625,0.0000835
1325.240491,0.002577917,0.0038765,0.000118917
1223.636108,0.00195525,0.000126583,9.87E-05
1306.695509,0.002126,0.00051525,7.05E-05
1256.239847,0.002314333,0.001190917,9.32E-05
1288.552297,0.002137,0.000102583,0.00008525
1252.391848,0.002129,0.000323917,0.000108
1255.12328,0.002199833,0.00097125,9.89E-05
1220.448151,0.002155917,0.000112583,0.000110917
1193.314107,0.002207333,0.000181,0.000124583
1214.502788,0.002038833,0.000125,0.0000915
1167.399133,0.003321,0.003763417,0.000141167
1200.985404,0.0026355,0.001246167,0.000124917
1254.813272,0.0025885,0.001636083,0.000102583
1154.477381,0.002089333,0.000111167,0.000121167
1257.929331,0.00236475,0.002146,0.0001125
1205.428649,0.002197333,0.000361667,9.61E-05
1266.110779,0.002124417,0.000126333,0.000104333
1179.900252,0.00198575,0.00010675,0.00007475
1185.89479,0.002611833,0.000885667,0.000105083
1137.285198,0.002521083,0.000348333,0.000104833
1143.640233,0.002682167,0.001944333,0.000124
1123.20622,0.002825083,0.001462667,0.00011775
1204.689283,0.0027365,0.000952833,0.000117583
1155.708895,0.002097,8.85E-05,0.000091
1170.058513,0.002137333,0.000119,8.49E-05
1108.535603,0.002117917,8.98E-05,8.09E-05
1109.859212,0.002203417,0.000096,0.00010975
1173.382635,0.002152917,0.000295,7.89E-05
1172.281957,0.003170917,0.003080167,0.00012225
1139.980421,0.002762,0.0003915,0.000114417
1137.874228,0.002242917,0.000128167,9.69E-05
1177.284687,0.002213167,0.000101667,0.0001005
1133.945521,0.002149917,0.000371833,0.0000845
1129.349451,0.001917833,0.000153667,8.88E-05
1179.95835,0.0023765,0.000372583,0.000100917
1109.549072,0.002596083,0.002323167,0.000109
1187.829252,0.002323167,0.00063825,0.000106
1197.542468,0.002176917,0.000209583,0.0000785
1168.050092,0.00212575,0.000677833,8.21E-05
1197.369943,0.0021305,0.000389833,8.02E-05
1151.178567,0.002363583,0.000486,0.00012175
1123.977063,0.002937917,0.000754167,0.00017825
1116.742405,0.003223917,0.00654025,0.00013425
1225.278908,0.002508167,0.000666417,9.45E-05
1135.750963,0.00202125,0.0001435,9.13E-05
1151.514078,0.002139667,0.000116417,0.000102583
1130.442842,0.002067417,0.001023,0.00005825
1132.099572,0.001945,0.000112,9.92E-05
1161.684907,0.001948667,0.0001035,0.000135
1097.816961,0.002295583,0.000244083,7.66E-05
1098.15427,0.002647083,0.001021417,7.22E-05
1088.010049,0.003074917,0.006060167,0.000127667
1062.824999,0.002489,0.000430333,6.62E-05
1064.387463,0.002681417,0.00202275,4.67E-05
1103.635625,0.002024083,0.000118667,0.000103917
1045.087136,0.001989833,0.00010425,0.000145417
1067.443353,0.002822667,0.003466667,0.000133667
1126.343556,0.002406667,0.001462,0.000131333
1132.283897,0.002216417,0.000152917,0.000083
1048.558671,0.00276375,0.003613167,7.14E-05
1075.549122,0.002445333,0.002536917,7.54E-05
1067.780432,0.001980083,0.000127667,3.39E-05
1111.7091,0.002267667,0.000133083,0.0000365
1094.858144,0.00203275,0.000138167,4.52E-05
1052.072922,0.002369333,0.000151583,0.0000785
1072.415548,0.002394167,0.001856917,0.000105417
1124.725047,0.002070917,0.000604,9.79E-05
1082.17824,0.00239225,0.0002475,0.000117917
1188.204021,0.002151583,0.00083275,9.31E-05
1116.821793,0.001986583,0.000133167,5.29E-05
1089.734239,0.002112417,0.000644833,0.000128167
1210.651479,0.002114167,0.000554083,0.0001285
1140.910196,0.002200583,0.00015425,0.000141333
1235.700294,0.001950583,0.000168,0.000120833
1186.044365,0.00206725,0.000172333,0.000106083
1227.29958,0.0019175,0.000114167,0.000101333
1132.502421,0.00193225,0.000115917,6.63E-05
1116.295853,0.00195475,0.000144417,0.000122
1136.658271,0.00243775,0.001135083,0.000118833
1189.660924,0.00243975,0.000245917,9.88E-05
1229.444453,0.002161583,0.00013175,0.000103583
1127.999334,0.002153417,0.000144167,0.0001095
1166.062858,0.002048583,0.000125583,8.51E-05
1042.973127,0.002190333,0.000123667,0.000114083
1143.755785,0.00194575,0.000311667,8.16E-05
1161.157484,0.002049083,0.000137583,9.89E-05
1210.071199,0.00212,0.000127833,7.69E-05
1180.198843,0.00206975,0.0001205,9.12E-05
1131.789392,0.00205925,0.000122583,0.00007425
1185.840563,0.00185025,0.000166167,7.16E-05
1198.650162,0.002179917,0.000115417,0.00007875
1207.298587,0.002085,0.000112,0.00010425
1228.464826,0.00211775,0.000127667,6.98E-05
1244.917806,0.00203175,0.000134833,0.000105417
1213.219831,0.0021185,0.0001285,0.00007975
1242.378486,0.002097333,0.00011975,0.00013625
1149.914873,0.002011083,0.000123083,0.000102667
1232.559873,0.002097,0.000129417,0.000122417
1218.271415,0.002023583,0.000106667,9.39E-05
1267.685675,0.00203475,0.000120417,0.0000675
1299.552613,0.002001083,0.00012825,7.37E-05
1241.830825,0.001949083,0.000221167,7.59E-05
1284.483497,0.001965333,0.000125,7.69E-05
1250.736107,0.001920167,0.000124583,0.000103583
1192.027897,0.002084,0.000115333,0.00008575
1173.396657,0.002206,0.000448917,0.00009575
1270.673392,0.00198825,0.00012825,0.00008225
1191.570335,0.001947,0.000111,9.77E-05
1237.768085,0.002233583,0.000267833,0.000086
1220.45368,0.002115083,0.000109583,7.03E-05
1226.115948,0.0020035,0.000132667,0.0000795
1272.241031,0.002148083,0.000146833,8.28E-05
1252.533837,0.002163583,0.000120417,9.41E-05
1327.145014,0.00188525,0.000308333,9.94E-05
1249.946019,0.002073333,0.000124333,8.03E-05
1259.865027,0.001964667,0.000236417,8.49E-05
1268.761395,0.0023835,0.00038525,9.72E-05
1328.397246,0.002813917,0.000407583,0.000117167
1379.991488,0.0023025,0.000160667,0.0001195
1356.366965,0.002326333,0.000196583,0.000110833
1359.594289,0.00228475,0.000174417,0.000111083
1379.975491,0.002309417,0.000154,0.000116917
1416.086926,0.002883167,0.000972917,0.000131333
1377.136989,0.002761917,0.003964167,0.000131667
1429.073332,0.002515667,0.001390833,0.000148583
1301.102306,0.002574833,0.000242583,0.000114
1374.168049,0.002518083,0.002392167,0.000120167
1333.209303,0.00216225,0.000140833,0.000112583
1393.808837,0.00219325,0.00014625,9.93E-05
1418.209555,0.0020685,0.000127167,7.91E-05
1424.681002,0.00231125,0.001776,0.000118833
1432.383319,0.001966833,0.000121333,0.000101833
1462.443767,0.002147583,0.000125167,0.00010175
1473.043617,0.002080667,0.000133583,9.47E-05
1476.501572,0.00226475,0.000286333,8.67E-05
1492.659656,0.00198825,0.0001475,0.00010775
1486.941588,0.002140583,0.000155083,0.000107
1494.183504,0.002181333,0.0001905,0.0001095
1581.421214,0.002359583,0.000219333,9.99E-05
1446.198272,0.0021675,0.000150917,0.00010775
1476.16206,0.002134,0.000159833,9.76E-05
1540.373975,0.002073667,0.000185917,0.000124583
1492.674833,0.002307667,0.000447917,0.000107333
1534.072338,0.002154083,0.00015225,0.0000775
1504.14541,0.002147917,0.000416583,0.000124917
1462.328792,0.001894833,0.000127083,8.71E-05
1436.240398,0.002466167,0.000834,0.00010875
1520.988265,0.002143,0.00030175,0.000137583
1653.133528,0.002575833,0.00377025,0.00013025
1620.612041,0.00230775,0.000389333,0.000108333
1526.913621,0.00201275,0.000149167,7.53E-05
1554.752897,0.002359333,0.00025175,0.000129
1550.666678,0.002415417,0.000171667,0.000123167
1558.433925,0.002117667,0.000369333,0.0000985
1596.568932,0.002158667,0.00025425,0.000118417
1685.59815,0.002115333,0.000189167,0.00012075
1635.071649,0.00223225,0.000181583,0.000134833
1614.628336,0.002609083,0.001694167,0.0001545
1622.454493,0.003072917,0.001992833,0.000154833
1604.640125,0.002811583,0.000726,0.000162833
1583.92832,0.002239833,0.000470667,0.000118583
1580.850698,0.002420667,0.000211333,0.0001335
1828.285379,0.002079083,0.000138083,9.03E-05
1696.110168,0.001995583,0.000164667,0.000120083
1682.024242,0.002041417,0.00018825,8.37E-05
1619.279803,0.00205925,0.000213417,0.000101083
1662.414355,0.002270167,0.00020225,0.00029425
1638.374619,0.002225083,0.000160917,9.13E-05
1689.410266,0.002603667,0.000285667,0.00012525
1684.590678,0.002555,0.001369417,0.000131583
1616.760665,0.002158833,0.00018325,0.000120333
1799.461495,0.002451833,0.000325917,0.000121917
1665.142237,0.002418583,0.000457167,0.000139333
1624.929096,0.002987083,0.000698333,0.000198833
1730.908034,0.0030875,0.00214325,0.00012375
1713.296671,0.00277875,0.000959667,0.00014975
1893.664124,0.003054917,0.00254525,0.00017325
1899.142659,0.002428083,0.000871417,0.000116333
1883.304192,0.002882167,0.003711333,0.000153583
1807.771384,0.002271667,0.000198167,0.000151333
1721.32072,0.002063083,0.000155833,0.000106833
1792.756692,0.002124583,0.000193833,0.00008975
1812.558562,0.0021865,0.00024025,0.00011
1766.913213,0.002292583,0.000311083,0.000142917
1822.923528,0.002071417,0.000215833,0.000108583
1813.88158,0.002418167,0.000554167,0.000138667
1833.636511,0.003170917,0.002508,0.0002025
1877.670306,0.002426917,0.000257917,0.00015025
1896.728041,0.002407,0.000276,0.000131167
1884.782342,0.003290583,0.0016025,0.000173167
1866.945999,0.003116167,0.001283083,0.000201917
1836.061801,0.003496167,0.006558833,0.000152417
1873.068484,0.002959583,0.000589333,0.00016
1843.308232,0.00280825,0.00078325,0.000178167
1902.112913,0.003075333,0.003317167,0.00013225
1936.551646,0.0033205,0.003473833,0.000133167
1904.239345,0.002883417,0.001727667,0.000155083
1906.06167,0.002435167,0.000319583,0.000132583
1920.476927,0.002320667,0.000690667,0.000133333
1884.982311,0.0025315,0.000634167,0.0001695
1955.865341,0.002274667,0.000207083,0.000141417
1878.3648,0.0032325,0.002342417,0.000145917
1964.992913,0.002960417,0.0027625,0.00014075
1942.079085,0.002398417,0.00024425,0.00014225
1884.150455,0.002701,0.002401917,0.000127417
1881.655649,0.0028175,0.00209075,0.000124917
1886.82358,0.002609833,0.000414083,0.000129917
1940.457209,0.002718083,0.0013935,0.000128833
1990.985549,0.002605833,0.000959167,0.000144417
2000.615089,0.002801833,0.001884083,0.000133583
2075.101871,0.002542083,0.001068833,0.000173
2041.07201,0.002721,0.002159083,0.00016675
1918.532205,0.002728,0.000649083,0.0001605
1903.389595,0.003021417,0.002437,0.000154583
1964.047852,0.00277775,0.001436417,0.000164
1936.50349,0.003008333,0.002229083,0.0001585
1966.47739,0.00307475,0.0021485,0.000162667
2039.825836,0.003175333,0.002447583,0.000169583
1977.792847,0.002993333,0.001256083,0.000153417
1970.157028,0.003067917,0.001395,0.000142333
1986.549459,0.002820083,0.00079675,0.000168
1859.300294,0.00291125,0.00633325,0.000157333
1906.966813,0.002291667,0.00017525,0.000226667
1895.127949,0.002373083,0.00078075,0.000134833
1871.546892,0.002246667,0.000169917,0.000158667
1871.155912,0.002099333,0.0002945,0.000146917
1904.380296,0.002478167,0.000547417,0.0001645
1846.234461,0.003199667,0.007612167,0.000140667
1961.596428,0.00263075,0.000485833,0.000128667
1856.638232,0.002662667,0.000617333,0.000165333
1893.819864,0.002170667,0.00023875,0.00012475
1851.283293,0.0021815,0.0002055,0.000152083
1863.371134,0.002293,0.0001805,0.000167083
1890.347485,0.002088667,0.000404,0.000158833
1870.300813,0.002135583,0.000141667,0.00010125
1836.836763,0.002152167,0.000382167,9.93E-05
1838.469889,0.00224225,0.000265417,0.000123667
1960.942523,0.002158917,0.000193833,0.000116
1961.875527,0.00293525,0.005309917,0.000181083
1976.639489,0.002142167,0.00024225,0.000123
1904.84171,0.00254225,0.00059275,0.0001235
2009.153712,0.003238917,0.00220775,0.000136167
1955.737894,0.002857417,0.0005385,0.000147083
1957.857122,0.003279083,0.005324083,0.00015675
1974.025356,0.002814667,0.00115025,0.000127583
1907.50401,0.002946167,0.00127075,0.000125583
1934.582917,0.002847,0.00163475,0.000165083
1939.663343,0.002798,0.000592167,0.000166083
1921.558075,0.002853833,0.000928583,0.00014875
1926.884248,0.00299775,0.001000333,0.000188167
1963.115585,0.00337725,0.003804167,0.000187167
2031.043312,0.002974917,0.002326833,0.000156
1997.959884,0.002824167,0.000727833,0.00018375
1976.8376,0.002922917,0.00210025,0.000195667
1967.434818,0.003031167,0.000566583,0.000238667
2006.951216,0.00287475,0.001411417,0.000154083
2002.876437,0.003207333,0.001650917,0.000173583
1895.67954,0.002994417,0.000623,0.00017125
1972.201393,0.003055167,0.002389333,0.000195667
1960.968751,0.002771917,0.000421917,0.000171833
1933.351756,0.002726,0.0003975,0.00014
1936.995608,0.002855333,0.00081275,0.000152583
1943.727232,0.002817333,0.001147,0.000135
1949.100939,0.002988333,0.000938083,0.000169917
1892.999814,0.00310525,0.00297625,0.0001505
1885.413505,0.002775333,0.000339167,0.000153
2010.636118,0.003096167,0.00259175,0.000209083
2023.389209,0.003019917,0.001636917,0.000162083
2086.059488,0.00307575,0.002038833,0.00017225
2057.290866,0.003118417,0.000965917,0.000177667
2065.934702,0.003155167,0.002145333,0.00016475
2046.926825,0.002401917,0.000369583,0.000181333
2052.531094,0.002422667,0.0002765,0.0001605
2037.139226,0.002993,0.001731667,0.000197917
2005.727107,0.003230917,0.001443417,0.000248167
1979.686523,0.003182,0.001016417,0.000179583
1993.085467,0.002853583,0.001523833,0.000166917
2164.088569,0.003006583,0.002030833,0.000235167
2123.839311,0.003220833,0.0019545,0.000170833
2137.739998,0.00313475,0.002589583,0.000131083
1990.393774,0.002928583,0.000419333,0.000169667
1979.794126,0.003195083,0.007624667,0.000208
2034.065908,0.002720333,0.003272917,0.000158667
2047.613987,0.002245917,0.000169583,0.00011725
2028.67546,0.002441333,0.000604167,0.000143917
2036.356565,0.002608083,0.002072917,0.00013725
2108.326171,0.00222675,0.000148083,9.11E-05
2043.366125,0.002281,0.000295083,0.000108833
2005.208218,0.002364167,0.000702917,0.000140667
2048.703079,0.002307583,0.000407167,0.000129167
2014.729868,0.0027795,0.0040595,0.0001075
2077.600429,0.002764167,0.002046417,0.000129083
2074.631719,0.002413833,0.000502,0.000108667
2148.007206,0.002646417,0.001002083,0.00016
2124.919123,0.003513667,0.006834417,0.00021775
2043.432174,0.0030245,0.003488417,0.00014175
2060.144445,0.003453,0.002196083,0.000147917
2069.125025,0.003315917,0.00310875,0.000149333
2019.557598,0.003128167,0.00217275,0.000169833
2151.767457,0.00338525,0.006414583,0.00017025
2109.195528,0.002897333,0.001091,0.000170667
2090.774183,0.003144083,0.003407,0.000157917
2101.58582,0.003001417,0.001824333,0.000157833
2114.894048,0.003009,0.001873167,0.000238583
2168.22603,0.003086833,0.003755583,0.000137667
2206.114084,0.002883917,0.00066875,0.000124833
2140.284611,0.003287667,0.007757583,0.00014475
2191.836998,0.003385583,0.006707583,0.000179833
2124.287259,0.0033645,0.008165167,0.000144167
2199.974698,0.00316875,0.00401475,0.000143
2182.509781,0.003158417,0.003442917,0.000137167
2118.234533,0.002957417,0.002307333,0.000155667
2131.054908,0.003175667,0.007265083,0.000158083
2112.897297,0.003211833,0.005601333,0.00012025
2005.93647,0.003282833,0.00816575,0.000160417
2133.865287,0.003091583,0.00438325,0.000127417
2156.403925,0.0031285,0.003335917,0.000136
2196.797354,0.003399083,0.00465025,0.000107333
2217.389266,0.00313575,0.003177667,0.0001105
2143.654775,0.0034715,0.006985917,0.0001535
2136.955834,0.003037167,0.00150875,0.000135417
2122.279229,0.003108333,0.001866833,0.0001345
2227.751354,0.003216417,0.00596275,0.000162417
2253.091937,0.003443833,0.009728083,0.000157917
2219.4316,0.003539917,0.007960917,0.000156083
2201.137805,0.003609417,0.008318583,0.000163167
2148.064907,0.003729917,0.01252375,0.000113167
2220.856807,0.003624333,0.010010833,0.00014075
2181.890873,0.003527083,0.01110675,0.000116667
2162.201746,0.003356083,0.006160333,0.0001185
2275.192054,0.002705917,0.001806833,0.00013225
2209.927968,0.003614667,0.010410833,0.00016175
2187.985882,0.003322167,0.0038505,0.00014375
2210.846907,0.004204083,0.020948833,0.00005425
2324.124021,0.003918417,0.013546333,0.0000645
2322.090785,0.003140917,0.00511325,0.000105333
2288.504984,0.003265333,0.008464833,0.00018825
2255.932312,0.003285083,0.00759275,0.000147167
2274.143741,0.003339917,0.007571667,0.000135083
2355.243791,0.003294333,0.004956583,0.000200917
2325.870862,0.003491417,0.007797167,0.000199833
2248.188263,0.00360075,0.0117655,0.000139667
2296.26377,0.004366917,0.018680667,0.000119167
2229.455795,0.00371225,0.009090917,0.00013425
2297.16859,0.003787167,0.011146833,0.000112083
2271.053314,0.00369775,0.014247167,0.00012475
2242.217196,0.004229583,0.01722425,0.000165
2161.413438,0.00458125,0.027296583,0.000136667
2233.539089,0.004134083,0.018054167,0.000168667
2263.252371,0.00370375,0.009223583,0.000144417
2154.83941,0.003472667,0.0072235,0.000175833
2188.505223,0.00326825,0.004768417,0.000133
2212.599771,0.0034645,0.006270083,0.000158667
2277.093399,0.003854167,0.014066417,0.000131167
2256.51604,0.003282417,0.0043605,0.00015675
2240.950651,0.003276917,0.002847083,0.000145917
2234.369436,0.004360167,0.024836667,0.000128333
2231.506297,0.003691167,0.011464417,0.000134917
2294.640105,0.003587667,0.010689583,0.0001225
2386.06861,0.003654,0.01018325,0.000138833
2278.161979,0.00328075,0.006532917,0.000105833
2279.534758,0.003553083,0.008435667,0.00017375
2175.357983,0.00416775,0.022385167,0.000139417
2337.98532,0.003624667,0.011809833,0.00012675
2400.726468,0.00370825,0.012214,0.000153583
2298.528308,0.003562333,0.00853975,0.000162667
2314.676277,0.003742167,0.01371775,0.000173
2353.066213,0.003780667,0.013872917,0.00015575
2315.250202,0.003876083,0.01298325,0.000141
2305.652957,0.003734083,0.009492917,0.000151
2427.184158,0.003695917,0.008456083,0.000167167
2307.374721,0.003862667,0.014290167,0.000155417
2412.779673,0.0036685,0.011697583,0.000165083
2271.980654,0.004058833,0.017408167,0.0001675
2310.98161,0.0039005,0.013733167,0.000136
2315.408339,0.003548167,0.009277333,0.000172
2256.289834,0.00457175,0.025058083,0.000137083
2350.674312,0.003709083,0.011764667,0.000158167
2309.527668,0.00379125,0.01346875,0.000151833
2353.122485,0.004050667,0.012732333,0.000143583
2248.06248,0.003606417,0.0120625,0.000135417
2307.691535,0.00375075,0.011713667,0.000162167
2313.004292,0.00376825,0.011598917,0.000134083
2298.06554,0.00381875,0.012410583,0.000150167
2389.568803,0.00415025,0.015191583,0.000182833
2298.211001,0.00384225,0.01530225,0.00010275
2171.761884,0.004539,0.026117417,0.00013375
2264.937271,0.004742333,0.0271125,0.000153333
2304.549723,0.0038475,0.015745417,0.000129583
2282.853605,0.003732167,0.01096275,0.000130583
2333.824727,0.00504375,0.030151417,0.00013225
2313.683619,0.00429225,0.021419167,0.000138667
2320.075425,0.004670083,0.028824583,0.000128417
2384.648916,0.003993917,0.01387225,0.00014375
2417.264336,0.004095417,0.015476417,0.000116083
2371.05952,0.003904417,0.012513833,0.000148417
2327.69321,0.003919833,0.015643333,0.000129667
2300.855035,0.003491,0.0103945,0.000146417
2481.36866,0.003849417,0.012336667,0.000147583
2450.242957,0.004057583,0.015157667,0.000140417
2332.998658,0.00410925,0.016820083,0.000159333
2384.870489,0.004044167,0.0164335,0.000150583
2454.941356,0.002781833,0.004651667,0.000118
2385.062032,0.00216125,0.000224083,0.000116333
2476.222434,0.002209333,0.000352833,0.000126667
2546.234598,0.00246125,0.0047535,0.0001155
2495.671789,0.002866417,0.009095,0.00010675
2401.706961,0.0038435,0.017476333,0.000120833
2394.798499,0.003549167,0.008488833,0.000111583
2329.562267,0.004029333,0.01926875,0.000111833
2331.286201,0.004217417,0.020349167,0.000126833
2358.850283,0.004101083,0.014550417,0.000116917
2285.238793,0.004612333,0.024817333,0.000126333
2300.565708,0.00457175,0.022474583,0.000145583
2315.876288,0.0043955,0.020951417,0.000120417
2268.268431,0.004291667,0.028272833,0.0001215
2473.773425,0.002226833,0.00071875,0.0001165
2381.077774,0.00441725,0.023402167,0.0001375
2366.684262,0.004047333,0.018370583,0.0001295
2371.606867,0.004084083,0.018357667,0.0001365
2419.780939,0.003640417,0.006860583,0.000153917
2394.789863,0.004602417,0.028847667,0.000164333
2368.396976,0.003577,0.007218667,0.00014575
2329.838858,0.00448125,0.02447975,0.0001225
2362.42923,0.004290667,0.022596167,0.000121167
2259.522009,0.005672417,0.049504667,0.000129333
2243.738244,0.005033,0.0315365,0.000141333
2258.210944,0.005061167,0.033184583,8.52E-05
2573.556655,0.003349083,0.013043583,0.000108417
2501.212866,0.003906333,0.019402167,0.000110667
2383.917347,0.00481975,0.03311775,9.23E-05
2363.626584,0.004349333,0.021793667,0.000101667
2275.497447,0.0047425,0.031273,0.000123417
2424.198996,0.004472417,0.026422417,0.000137917
2455.923083,0.004184667,0.020354583,0.000137
2326.697397,0.004863417,0.0311695,9.98E-05
2302.743108,0.0055225,0.045031333,0.00007475
2372.75425,0.0040385,0.018218083,0.000081
2404.830764,0.004214083,0.01704675,0.000159
2364.60346,0.0043235,0.023649667,0.00011425
2397.197784,0.003810667,0.012643583,0.000109
2514.178425,0.003617917,0.01398725,0.00013825
2398.794406,0.004193167,0.01996375,0.0001095
2402.889425,0.00457375,0.0235665,0.00010725
2450.131053,0.004478833,0.022390583,0.00012475
2420.599185,0.004144833,0.01850825,0.00010275
2296.037185,0.004770167,0.031967917,0.00009925
2376.561536,0.004617667,0.02658925,0.00010075
2376.524358,0.003280583,0.014797,0.0000695
2364.105077,0.00377175,0.018822083,0.00011925
2427.461055,0.00310025,0.00795125,0.00010925
2371.820897,0.004336417,0.019939917,0.0001845
2386.933129,0.004282833,0.023394083,0.00011
2376.177847,0.004476417,0.02782125,7.28E-05
2332.196774,0.0043715,0.023348833,9.83E-05
2384.765429,0.003962167,0.01391875,0.00013775
2322.802611,0.004433833,0.028944917,0.000097
2452.495066,0.004587083,0.026670083,0.00009325
2434.140459,0.004503083,0.025558167,0.000115
2388.721743,0.004383333,0.02574,0.000103
2325.594261,0.005030167,0.03828975,0.00010925
2427.653722,0.004108667,0.017616083,0.0000855
2492.322013,0.003504833,0.0091225,9.25E-05
2352.903103,0.004722667,0.031147583,0.00007625
2412.565947,0.0046075,0.024786167,0.0000895
2301.695786,0.004682083,0.033193333,0.0000565
2545.786617,0.002210167,0.000612333,0.00009425
2476.204967,0.00382,0.013692917,0.0001155
2345.564966,0.004504833,0.025960583,0.00012525
2432.704019,0.004223833,0.021632083,0.00009025
2367.89933,0.004087417,0.020047167,9.50E-05
2402.176556,0.003927417,0.017818917,0.0001065
2370.314514,0.00413325,0.019206417,9.85E-05
2366.949511,0.004809917,0.031041667,0.000094
2287.443335,0.004584417,0.026692917,0.0001125
2513.772809,0.002323833,0.002494333,9.88E-05
2404.508695,0.0032195,0.008830917,0.00013325
2296.632264,0.0045515,0.021699833,0.00009825
2225.112944,0.005771833,0.05057025,0.00011325
2355.209423,0.00500375,0.034243,0.00008125
2426.772191,0.004508167,0.02670675,0.00016425
2388.351333,0.003866333,0.01440275,0.00013825
2461.038593,0.00381575,0.011544167,0.00012525
2422.050561,0.0042255,0.0204085,0.00010225
2333.518028,0.00498375,0.033404417,0.00008775
2333.781232,0.004488833,0.025802,0.00008125
2325.002808,0.004941417,0.036127833,0.00011475
2428.677889,0.004158,0.017620583,0.000094
2451.699569,0.004964667,0.0368625,0.00009175
2373.691344,0.003935,0.020347333,0.00010375
2544.166335,0.00354575,0.014392167,0.00014625
2491.273006,0.004904,0.035605333,0.000123
2393.363376,0.004629833,0.028913167,8.28E-05
2340.468035,0.00445175,0.02479475,0.0000785
2449.278941,0.004214583,0.023168917,8.15E-05
2532.808429,0.00441825,0.024749667,0.00011125
2379.549786,0.003736,0.014845917,0.0001265
2358.107729,0.005446083,0.04577575,0.0000775
2419.426516,0.004642583,0.032808083,0.00008825
2555.032925,0.004680833,0.034469333,0.00009325
2365.04684,0.00446575,0.023915167,0.0000995
2433.353428,0.0044035,0.024997917,0.000084
2385.62239,0.0045575,0.028984917,0.00009775
2341.884544,0.004896,0.034146667,9.38E-05
2476.863554,0.0045225,0.027727917,0.00008125
2418.442696,0.004082083,0.016718833,0.00008025
2422.005505,0.005081167,0.036077917,0.00009525
2496.003579,0.004375583,0.020705417,0.00010825
2439.464984,0.004703333,0.027567083,0.00011325
2395.657521,0.004866833,0.035726833,0.00009
2467.082017,0.00431225,0.025761,0.00007525
2487.138841,0.004303917,0.025510417,0.0001145
2424.937582,0.0056885,0.05068625,6.25E-05
2206.044757,0.005964417,0.058022583,0.00009525
2510.33706,0.003710583,0.0223115,8.83E-05
2515.565401,0.004163667,0.021536417,0.00013175
2500.107301,0.00437175,0.024553917,0.00009175
2558.653426,0.004717167,0.032005083,0.0001095
2551.544707,0.00486825,0.031293417,0.0000875
2522.781922,0.00458725,0.025065167,0.000122
2503.147013,0.004378167,0.029394833,0.00010875
2586.521124,0.00427475,0.02700375,0.00009825
2567.183755,0.004648833,0.02979075,0.0001095
2466.70641,0.00508275,0.037430417,9.13E-05
2574.920506,0.003437083,0.01692625,0.00010775
2568.75164,0.004744417,0.03105,0.00012875
2445.426423,0.00505475,0.041839667,0.000132
2417.258661,0.005095417,0.039273333,0.00011425
2575.916929,0.005323417,0.046010083,0.0001235
2247.689483,0.005663167,0.054245083,0.00007275
2409.859605,0.005099083,0.040989333,0.00010075
2557.740384,0.0043305,0.02200475,0.00017325
2514.431865,0.0044885,0.026877583,0.0001145
2549.031893,0.004526833,0.029824833,0.0000985
2603.378098,0.003741417,0.011416333,0.000109
2679.262777,0.0035795,0.012649833,0.000141
2710.323172,0.00379775,0.017594333,0.0001605
2540.211467,0.004407083,0.024513583,0.0001335
2513.855812,0.004398833,0.021298167,0.000091
2570.058241,0.00405825,0.018805583,0.00012775
2537.348876,0.004203333,0.019376667,0.0001375
2530.552412,0.004278333,0.0218405,0.00010525
2486.73994,0.004268,0.021187583,0.000135
2497.000943,0.004562417,0.027944,0.000144
2570.225597,0.003615417,0.016590917,0.0001185
2463.656942,0.004702667,0.031585083,0.00010125
2426.273793,0.004840083,0.036744167,0.0001075
2452.609969,0.004487083,0.023958583,0.00013
2490.286364,0.004297667,0.022855917,0.00013375
2538.536965,0.003699583,0.01439225,0.0001465
2440.294184,0.004397083,0.02376575,0.0001015
2345.558607,0.00487425,0.029174083,0.00008325
2454.293722,0.003826083,0.014132083,0.00011675
2479.73734,0.004023417,0.016524,0.000123
2457.518427,0.0045155,0.023800833,0.0001305
2430.572815,0.004228417,0.016573167,0.00008225
2603.370993,0.002195083,0.0004015,0.000109
2460.355915,0.003878167,0.016373667,0.00010975
2386.853018,0.004381417,0.023662333,0.00009525
2543.228299,0.003742,0.018621917,0.00015675
2518.457517,0.004260417,0.02385225,0.00018075
2352.672159,0.004196083,0.02305275,0.00010975
2417.022072,0.003766833,0.011132583,0.00012275
2558.439775,0.003163833,0.00858275,0.00015475
2307.350492,0.004456917,0.025563,0.000158
2430.001816,0.003503667,0.017013833,0.00011175
2446.88108,0.0040755,0.016555417,0.00011925
2391.750677,0.003908,0.013463583,0.00015925
2281.181554,0.00414925,0.020692333,0.00016525
2243.512706,0.00426075,0.019518667,0.0001395
2302.138031,0.003348667,0.008745667,0.00012875
2223.644929,0.003433,0.007028833,0.00013075
2201.531446,0.00380125,0.01169075,0.000123
2273.902052,0.004002167,0.014374833,0.00011775
2335.764282,0.003315917,0.0087855,0.0001455
2276.834596,0.004443833,0.025295,0.00012925
2308.116419,0.003577167,0.006551083,0.00017375
2286.983068,0.0036185,0.007283583,0.000167
2153.508976,0.003172667,0.004229667,0.00014225
2223.557959,0.003658333,0.01011275,0.0001405
2193.749083,0.004012333,0.020102667,0.000152
2143.356853,0.0035535,0.010447333,0.00013175
2165.498855,0.003427333,0.006483333,0.00012275
2116.259734,0.003842,0.010634,0.00013725
2099.954797,0.003990417,0.01606275,0.0001315
2077.484465,0.004008917,0.01349275,0.000122
2061.04038,0.003400417,0.008638917,0.000133
2060.633405,0.003723,0.01077375,0.00011525
1994.514561,0.004923417,0.02742525,8.93E-05
2043.539584,0.003214583,0.006538833,0.00014325
2012.038296,0.00207825,0.0007255,0.00017075
1999.335621,0.002021333,0.0001805,0.000095
1994.676458,0.00201225,0.000308583,0.000139
1928.995548,0.003279583,0.0071625,0.0001125
1984.788558,0.003245167,0.005799667,0.000155
1959.136462,0.00205875,0.000171833,0.00011375
1975.281858,0.002484,0.002964917,0.00013025
2049.362372,0.0021845,0.000283667,0.0000915
2050.899004,0.002106083,0.000141167,0.00010125
2021.526923,0.002173833,0.000450667,0.00008675
1968.703164,0.002076917,0.00029275,0.0001105
1992.98058,0.00212375,0.000291667,0.00010825
2023.694113,0.002061583,0.000433083,0.00010225
1884.176773,0.002152583,0.000265083,0.00004925
1879.119922,0.002177833,0.00043925,0.00015725
1934.750838,0.0021755,0.000227417,0.0000875
1869.420469,0.002603833,0.000624333,0.00007575
1845.796983,0.002019417,0.000357583,0.00008175
1871.586449,0.0020935,0.000498917,0.00009725
1830.122924,0.00213025,0.000945667,0.00009975
1837.650901,0.00236075,0.00065025,0.0001545
1824.619533,0.002763083,0.002596917,8.33E-05
1800.854506,0.003141,0.007468167,0.0001575
1830.578595,0.002276833,0.000262667,0.00010525
1743.458696,0.002920083,0.003729583,0.0001015
1743.345921,0.003337083,0.00424,0.00021675
1787.67748,0.003534,0.005413167,0.00022375
1741.663932,0.003845333,0.014584167,0.0001465
1801.498462,0.004146833,0.009727833,0.000121
1752.674537,0.00335875,0.006469917,0.00014425
1753.435754,0.002332333,0.000337417,0.000113
1704.299401,0.00268825,0.000863417,0.0000905
1644.017056,0.002581917,0.001277917,0.00018
1607.564225,0.00245475,0.00131175,0.00013275
1631.812613,0.002125917,0.000158917,0.0001255
1598.77207,0.002051167,0.000176083,0.000093
1536.502861,0.002124917,0.000775667,0.0001145
1548.47192,0.0019805,0.000127333,7.65E-05
1511.365085,0.0021115,0.000123833,0.0000845
1588.951803,0.002064,0.000201,0.0001035
1594.057786,0.00230125,0.000950833,9.10E-05
1535.347807,0.002291667,0.000194167,0.0001115
1598.756549,0.003033667,0.002709417,0.00007775
1604.487735,0.00253375,0.00141175,0.00010525
1554.14402,0.002216917,0.000285167,0.00011675
1476.702957,0.001888833,0.000132583,8.05E-05
1497.389087,0.002020167,0.000234417,0.0001105
1571.692766,0.001972083,0.000131167,7.83E-05
1532.523186,0.002118417,0.000478667,0.000064
1471.338193,0.002880667,0.001663917,0.0001265
1536.288754,0.001991833,0.00016,0.000083
1456.447716,0.001960333,0.000112667,0.00005075
1438.384124,0.0019615,0.000121583,0.00012275
1447.784318,0.001968917,0.000154417,0.00012725
1483.704106,0.002452667,0.0015885,0.0001035
1433.429325,0.002025917,0.0008175,0.000108
1438.709238,0.00208875,0.000146667,0.00009625
1472.763171,0.002141417,0.000472667,0.0000825
1351.603933,0.002661917,0.001604667,0.0001215
1342.33091,0.002535333,0.000181167,0.00015525
1377.960804,0.0024265,0.00094675,0.000085
1415.242805,0.002327833,0.000298583,0.00007925
1398.082357,0.00263225,0.003102833,0.00012075
1387.335296,0.003002833,0.00242325,0.000143
1373.15675,0.002944083,0.003469333,0.0001125
1374.390699,0.0019835,0.001539083,0.0000875
1413.97158,0.002044167,0.000186583,0.00009825
1381.155009,0.002391,0.0019,0.00008475
1375.118291,0.002494917,0.002110417,0.000107
1415.836878,0.002239667,0.000609167,0.0000745
1369.393486,0.0019445,0.000194917,0.0000675
1472.675511,0.002214667,0.000974,0.0000885
1462.916699,0.001954333,0.000364,0.0000945
1458.658932,0.002176583,0.000162083,0.00008525
1469.965285,0.002218083,0.001888333,0.00007975
1426.396359,0.00197675,0.000112667,0.00009675
1515.452449,0.002182417,0.000193083,0.0000965
1475.967169,0.00202275,0.000411417,5.33E-05
1410.115965,0.002046833,0.000123,0.0000555
1411.101233,0.00203875,0.000128667,0.0000545
1426.689004,0.002347,0.000835167,0.000087
1427.04484,0.002311917,0.000859333,9.33E-05
1469.24836,0.002148667,0.000686833,0.00009525
1389.024203,0.001847,0.000139583,0.00008175
1431.391215,0.002667417,0.002587,0.00012275
1396.40376,0.002373583,0.002285417,9.95E-05
1488.90063,0.0021275,0.000402167,0.000112
1420.156467,0.001881667,0.000127667,6.85E-05
1476.503644,0.002548833,0.002482333,0.0000875
1443.72474,0.00200025,0.000205667,0.00007925
1462.581607,0.002213417,0.001354917,0.000083
1395.531219,0.002066167,0.000540417,8.25E-05
1356.651646,0.002027167,0.000238417,0.00008575
1349.245031,0.001934417,0.000152833,7.90E-05
1341.736631,0.002203667,0.001134167,0.0000695
1368.721606,0.001825667,0.000091,0.00007975
1360.588378,0.00191225,0.00008675,0.00006675
1401.084272,0.002025333,0.000153083,0.00009925
1423.81883,0.00183825,0.000129167,0.0000845
1399.336922,0.002038917,0.00019625,0.000067
1464.893176,0.001988417,0.00011,0.000091
1437.111775,0.001998083,0.00015225,0.000074
1410.479704,0.001910833,0.000124,7.65E-05
1393.771451,0.001908917,0.000104333,0.000072
1340.247309,0.001962833,0.000103167,8.33E-05
1398.946348,0.001962083,9.31E-05,0.0000895
1417.264606,0.00187625,0.000132667,7.05E-05
1392.739377,0.001978,0.000146417,9.18E-05
1355.880011,0.002268417,0.000381583,0.0000925
1404.123194,0.002003417,0.0000915,0.00012025
1364.817459,0.001930833,0.000208833,0.0000965
1321.596466,0.001930167,0.00041025,0.00009675
1381.195436,0.001916417,0.00018425,0.0000795
1396.497543,0.002273167,0.001626833,0.000081
1427.412975,0.00205025,0.000278083,9.85E-05
1382.564643,0.0027715,0.001135667,0.000097
1395.710081,0.002021667,0.000144083,9.13E-05
1368.291662,0.001996083,0.0001125,8.78E-05
1383.699485,0.001965833,0.000129833,0.00009425
1417.705848,0.001914583,0.000132333,0.0000755
1288.47457,0.001924583,0.00118825,7.93E-05
1378.550618,0.00199575,0.00042575,0.0000795
1369.808181,0.001911167,0.00017,7.79E-05
1313.103716,0.002029583,0.0005275,0.00007575
1305.709817,0.001980583,0.000132083,7.89E-05
1325.349167,0.0021415,0.000365917,8.46E-05
1310.652928,0.002900583,0.005550333,0.000113583
1378.044173,0.002361,0.0016455,9.22E-05
1404.846043,0.0021065,0.00012325,9.63E-05
1357.440499,0.002341333,0.00021825,9.73E-05
1374.229206,0.001953833,0.000155917,7.83E-05
1380.344232,0.002305583,0.0001455,9.69E-05
1364.141844,0.001798667,0.000101417,7.74E-05
1346.519359,0.001962667,0.000160667,7.72E-05
1278.078441,0.001987833,0.000196833,7.29E-05
1336.510466,0.00200725,0.000196917,6.24E-05
1423.57456,0.0018835,0.0002055,8.54E-05
1359.681394,0.00208925,0.000142,0.000103917
1270.726282,0.0020515,0.000113333,0.00009075
1235.296435,0.002368083,0.000138583,0.000106583
1343.141174,0.001909167,0.000135333,6.93E-05
1318.317492,0.001939833,0.00011675,5.97E-05
1285.491229,0.0022125,0.000325417,7.44E-05
1284.197608,0.002016083,0.00047825,8.08E-05
1260.499549,0.002045583,0.000576667,7.02E-05
1269.518898,0.002104833,0.000128333,9.44E-05
1306.983148,0.001907167,0.000237417,0.000103417
1265.742755,0.001961167,0.000230333,7.38E-05
1258.783217,0.001937417,0.000102667,8.09E-05
1223.292838,0.002035083,9.87E-05,9.59E-05
1244.454194,0.002013,0.000843083,7.37E-05
1214.235199,0.002125833,0.000294,8.72E-05
1207.95799,0.00199925,0.00027775,8.93E-05
1238.513086,0.001885167,0.000335667,7.70E-05
1331.23543,0.001935083,0.0003085,7.53E-05
1264.879028,0.002199167,0.000691667,7.47E-05
1173.860202,0.002215083,0.003502333,7.89E-05
1256.902253,0.002307417,0.000368167,8.08E-05
1264.27855,0.002206,0.000115667,0.0000915
1188.70368,0.001994333,0.000133083,9.61E-05
1219.118342,0.0020515,0.000202667,0.000104833
1236.511991,0.002027417,0.000345583,0.000087
1312.218818,0.001948167,0.000578833,7.66E-05
1229.639021,0.00189375,0.000355333,7.82E-05
1302.472791,0.00221875,0.000652417,9.22E-05
1254.72309,0.002837833,0.004309833,9.19E-05
1144.461324,0.003177,0.005576417,8.71E-05
1133.590813,0.001911833,0.000177167,7.24E-05
1197.037553,0.00179325,0.000109,5.91E-05
1118.707625,0.001720833,0.000100167,6.83E-05
1214.320001,0.001968417,0.00030925,7.53E-05
1137.112132,0.00183,8.84E-05,6.49E-05
1163.63236,0.00203825,0.000243083,9.04E-05
1197.768846,0.002057167,0.00013825,0.0001065
1127.286241,0.001848083,0.0001105,7.97E-05
1151.869627,0.001915333,9.47E-05,0.000065
1164.417933,0.002164417,0.000152167,0.000119083
1149.619153,0.001984417,0.000239083,5.78E-05
1049.800392,0.002124917,0.000385917,0.00007625
1128.125263,0.002148083,0.000188917,8.58E-05
1119.323928,0.001935417,0.000115083,7.81E-05
1119.198293,0.0023325,0.004530083,7.48E-05
1065.896879,0.00206725,0.00017975,9.68E-05
1027.398836,0.002077333,0.0001015,0.00005825
1075.492079,0.001939667,0.000364667,0.000062
1107.319549,0.0019505,0.00010625,8.23E-05
1148.483448,0.00218925,0.000360667,8.16E-05
1167.901471,0.0019325,0.000116667,9.19E-05
1200.537124,0.002367,0.000609417,0.00010625
1113.950664,0.001996417,0.000109333,0.000077
1141.060484,0.001993333,0.000132083,0.0000875
1150.537382,0.00184875,0.000120167,7.64E-05
1080.868181,0.001927083,9.69E-05,9.12E-05
1180.536406,0.001891167,8.39E-05,0.0000785
1089.992886,0.00185175,0.000118917,7.03E-05
1157.247279,0.0022545,0.000358417,9.33E-05
1146.004255,0.002574667,0.003719083,9.29E-05
1277.223011,0.0020345,0.00013425,8.51E-05
1152.415979,0.001971,0.00036425,0.000058
1138.621008,0.001853667,0.000132417,5.97E-05
1170.847795,0.002010917,9.50E-05,0.00008025
1235.417507,0.002260083,0.000543417,8.47E-05
1252.422772,0.002626833,0.00163075,0.00012375
1218.944052,0.002589833,0.002727917,0.000104333
1155.506006,0.003238583,0.005769083,0.00012375
1112.928852,0.002854083,0.003936917,0.00011275
1160.539485,0.002313,0.00015775,0.000131833
1215.599403,0.002574917,0.00162225,0.000114917
1162.435255,0.002060917,0.000107333,0.00008925
1088.039861,0.002052583,0.000115917,8.21E-05
1180.813599,0.002123917,0.000146917,0.000071
1120.210022,0.00206775,0.000285333,6.06E-05
1135.0737,0.001933417,0.000316,0.00007725
1062.786046,0.00198475,0.000122417,8.96E-05
1107.773401,0.001981917,0.000104417,0.00008075
1150.564871,0.002039417,0.000132833,0.00008325
1126.882082,0.002014417,0.0001505,9.12E-05
1219.051565,0.0022635,0.0004095,8.13E-05
1176.258765,0.001894167,0.00012575,7.54E-05
1191.807272,0.002233833,0.001128417,9.22E-05
1278.821458,0.002197167,0.000145667,8.46E-05
1185.754843,0.002083333,0.000133083,9.97E-05
1177.676822,0.001901417,0.00040025,5.62E-05
1239.59222,0.00195075,0.0001315,7.86E-05
1270.171925,0.00184525,0.00009525,8.72E-05
1228.40689,0.002090917,0.000296333,0.00010925
1227.183919,0.002050333,0.000144083,8.35E-05
1260.650768,0.002265083,0.00013725,0.000104667
1233.68005,0.00233625,0.000708583,9.13E-05
1221.51191,0.00242075,0.000167833,0.000110833
1200.852059,0.002343333,0.0001535,0.000114
1250.932681,0.002289,0.000155167,0.000120833
1270.373819,0.00260025,0.000931417,8.06E-05
1302.807897,0.0022,0.000133167,9.18E-05
1307.781803,0.002033917,0.000128,9.95E-05
1347.561328,0.002088333,0.000560417,9.51E-05
1359.855583,0.00269975,0.000203333,0.000168167
1344.20578,0.002625167,0.000291417,0.000171167
1312.028796,0.002604083,0.001316417,0.000107083
1265.180631,0.002590167,0.00017925,0.000103917
1290.725862,0.00248175,0.00186325,0.000111333
1330.953061,0.002518167,0.000681333,0.000107583
1378.88091,0.002172333,0.000121583,0.000105
1316.179617,0.002174583,0.000190167,0.000112
1223.64752,0.002115083,0.00013175,8.41E-05
1300.856385,0.002282917,0.000259167,0.000117167
1341.42955,0.002233667,0.00054625,8.99E-05
1325.705541,0.002252417,0.000487833,0.000116083
1356.104531,0.002251583,0.00015775,0.00010175
1419.660109,0.001989417,0.000159667,8.23E-05
1361.590763,0.002365417,0.000244583,0.000113583
1372.066781,0.00204775,0.00012725,0.0000895
1360.872359,0.002367333,0.0004605,8.17E-05
1375.49388,0.00272775,0.000245583,0.000121667
1401.973025,0.002464583,0.000198,0.0001185
1420.696658,0.0022505,0.00014825,7.54E-05
1409.353517,0.002141667,0.000137333,9.63E-05
1406.31417,0.00204325,0.000237083,0.000082
1382.050159,0.00218975,0.000149583,0.000100667
1478.220873,0.002068083,0.000235083,7.63E-05
1408.500149,0.002066083,0.000174417,9.04E-05
1395.197464,0.00219775,0.000144667,9.42E-05
1499.302291,0.002113583,0.00281125,8.31E-05
1537.086154,0.002313417,0.000206833,0.000118917
1558.445112,0.002093083,0.000817583,0.000083
1484.017477,0.002167,0.00039175,7.68E-05
1568.428809,0.002307,0.000182083,8.43E-05
1573.843729,0.002289083,0.001005167,0.000088
1548.768667,0.002666417,0.00038625,0.00012425
1473.230408,0.00248,0.0017135,0.000127417
1555.09353,0.002674167,0.002102833,0.00010675
1549.133956,0.002465833,0.000197417,0.000115833
1569.599527,0.002627083,0.000204333,0.000136833
1526.766788,0.002735917,0.001105917,0.000143167
1502.824325,0.002581333,0.0008665,0.000114
1451.179572,0.002150667,0.000258833,8.12E-05
1556.676159,0.002221083,0.00052475,0.000106417
1633.426416,0.00200025,0.000142833,8.46E-05
1482.710733,0.001873917,0.00013625,0.000112833
1583.420782,0.0020105,0.0001595,0.00009575
1525.503733,0.002171833,0.000151667,0.00009125
1582.324119,0.002050167,0.00017175,0.000129333
1566.587322,0.00200375,0.0001685,0.0001095
1601.764796,0.002030167,0.000166,8.98E-05
1638.810667,0.001913583,0.000146667,0.000107083
1583.464385,0.002027917,0.000189833,9.23E-05
1684.368798,0.001834,0.000168917,0.000092
1615.444787,0.001935,0.0001295,9.17E-05
1647.865044,0.00203075,0.00014275,9.13E-05
1665.455776,0.002000833,0.000156417,9.48E-05
1656.402462,0.002156083,0.000143583,9.02E-05
1607.149273,0.0020105,0.000201917,8.99E-05
1645.094365,0.001986167,0.000151583,0.0001125
1668.131664,0.001793333,0.000133917,0.000103583
1667.206921,0.00215925,0.000139917,0.000168583
1600.248839,0.001890417,0.000140417,0.000110833
1652.117175,0.00271925,0.00092325,4.67E-05
1678.572482,0.0019275,0.000159833,0.000036
1658.933187,0.00266575,0.00051975,2.29E-05
1650.534621,0.002864,0.001474,0.000140167
1713.803113,0.0024775,0.000381833,0.000112833
1649.701838,0.002379583,0.001327833,0.00011125
1679.706036,0.002053333,0.000415917,9.56E-05
1641.963713,0.002288,0.00014575,5.93E-05
1687.940431,0.002329583,0.000157167,0.000089
1676.999011,0.0019485,0.000148583,9.90E-05
1770.780961,0.002513417,0.000350083,6.33E-05
1919.380505,0.002235333,0.000426167,0.00006175
1740.574719,0.002630833,0.000474167,7.92E-05
1672.63484,0.00264825,0.000729833,0.000121083
1756.255927,0.0026295,0.000412333,0.000102917
1820.885204,0.002156,0.000181667,0.00006325
1717.200486,0.002224083,0.000157833,9.78E-05
1719.433179,0.002570417,0.0006145,0.000173083
1802.41736,0.002696417,0.000311167,0.000130333
1784.852439,0.002488667,0.00025625,0.000084
1789.635566,0.00196925,0.000119,6.78E-05
1827.910373,0.002226417,0.000710167,0.000118833
1803.390569,0.002757083,0.000673833,0.000172167
1786.216501,0.002815417,0.001553333,0.000107833
1795.3431,0.002761333,0.001601583,0.00018775
1756.288426,0.002593333,0.00115325,0.000103417
1750.2684,0.002238,0.000329,0.000140917
1742.921286,0.002176417,0.000214583,0.000105
1762.788596,0.002043,0.000167583,0.000117083
1832.80212,0.001898167,0.000156,0.000115333
1819.874708,0.002050667,0.00017525,9.21E-05
1842.045794,0.0022605,0.000206333,8.04E-05
1857.705972,0.002812917,0.000428917,0.000164667
1905.118541,0.002835667,0.0015115,0.000156583
1825.158432,0.002428917,0.000212083,0.00012375
1832.308052,0.002362333,0.00067425,0.000127333
1841.479188,0.002425917,0.000237083,0.000153583
1983.958114,0.002381917,0.001442417,0.000136417
1794.052481,0.002605833,0.002472667,0.000165917
1826.228814,0.002660167,0.000338083,0.000127
1875.531022,0.002491833,0.000357667,0.000139
1852.638111,0.00207225,0.000171583,9.54E-05
1861.044956,0.002180417,0.000195917,0.000141333
1908.92141,0.00240325,0.0001805,0.00011975
1932.39907,0.0026115,0.000356833,0.000165583
1893.583722,0.0023675,0.000279667,0.00015
1914.240528,0.00277025,0.002774083,0.000192333
1914.367462,0.0028185,0.000493333,0.000145083
1895.6033,0.002700917,0.00097575,0.000117333
1965.538093,0.002291333,0.000231917,0.000179083
1955.801365,0.0022115,0.000964333,0.000143667
1917.104714,0.003102,0.001042,0.000125083
1943.661159,0.002868417,0.000888083,0.000208333
1948.267737,0.002818917,0.0006315,0.0001455
1884.035343,0.002883,0.001096833,0.00018875
1957.637601,0.002698833,0.000785667,0.000183417
1962.046114,0.0026515,0.00044325,0.000139333
1948.929324,0.002755667,0.001396417,0.000131583
1929.266661,0.002956,0.001689417,0.000154917
1960.475084,0.00333,0.004290583,0.000201333
2014.773087,0.0033715,0.002785833,0.000192583
1934.761519,0.0030845,0.001994083,0.000147833
1923.584107,0.0028505,0.001051917,0.000136333
1946.289527,0.003036583,0.001105167,0.00012625
1984.473916,0.002854,0.00108,0.00012225
1941.890182,0.00293375,0.000803417,0.000342417
1991.620295,0.002833583,0.000529167,0.00013875
2023.282566,0.003054083,0.001969167,0.000153083
1966.625296,0.002406583,0.000227667,0.000129583
1944.89633,0.002972917,0.001161167,0.00016175
1937.789621,0.002553417,0.000276,0.000161
2009.87152,0.002215333,0.000215583,0.000131167
2083.42787,0.002613,0.000309333,0.0001315
2049.16361,0.0033805,0.005032583,0.000160167
2034.246157,0.002828167,0.001175,0.000168417
2036.365915,0.002999083,0.001774667,0.00015325
2004.590841,0.003446167,0.006459417,0.000173333
1978.162986,0.003143167,0.001376917,0.000185667
2009.153608,0.003071667,0.000511083,0.000175667
2060.910721,0.002882917,0.002059333,0.000186083
2064.809216,0.002888917,0.00106275,0.000203667
2023.46791,0.00253875,0.00035725,0.000141
2003.973389,0.00298275,0.001727833,0.000172
2092.596068,0.002790333,0.000951083,0.000165833
2084.892036,0.002911833,0.002584167,0.000143833
2067.622941,0.002774833,0.000827667,0.000144333
2075.314104,0.00283575,0.000611,0.000184333
2065.150416,0.003342167,0.00499875,0.000149917
2044.798819,0.0030805,0.001123083,0.000218
2049.345893,0.003073583,0.001649667,0.00014475
2082.373092,0.00289975,0.001554667,0.0001375
2103.582803,0.002826917,0.001665083,0.0001325
2162.150456,0.003140083,0.002304083,0.0001455
2059.50828,0.003224333,0.0039595,0.000228917
2055.278358,0.003121583,0.00175825,0.000124917
2002.066065,0.00289225,0.001842333,0.000158167
1881.201214,0.002692,0.001712833,0.000143
1937.039919,0.003112667,0.001464667,0.000176083
1912.793468,0.002914083,0.00137975,0.00012375
1875.815413,0.002809833,0.000462083,0.000213417
1968.366022,0.002911583,0.005037917,0.000121083
1996.556081,0.003019083,0.001465083,0.0001345
2025.594425,0.002717167,0.000383333,0.000151167
1996.975172,0.00272175,0.001725583,0.000169083
2024.196197,0.002243083,0.0002475,0.000126917
2055.917241,0.002836667,0.001047833,0.000191
2056.218007,0.0031215,0.002883583,0.000146917
1952.756754,0.003128333,0.003363,0.000147417
1975.208158,0.003437333,0.00132875,0.000203417
2043.246257,0.003263417,0.001782917,0.000184167
1997.864773,0.003046833,0.00224575,0.000177083
1998.112776,0.0029205,0.00256825,0.000183583
2067.99721,0.003015333,0.001337583,0.00020275
2024.506394,0.002364333,0.000244583,0.000203667
2046.650596,0.002413667,0.000691667,0.000114
2044.529524,0.003434333,0.002974583,0.000179583
2048.016787,0.0024105,0.000273083,0.00015325
1956.553099,0.003102417,0.001676333,0.0001745
2143.43848,0.003102417,0.000876167,0.000183167
2050.673661,0.002869,0.001160833,0.00015225
2094.82974,0.003083833,0.00243725,0.000159833
2069.763836,0.002528667,0.000816833,0.000123333
2047.622533,0.00292,0.002404917,0.00013325
2036.936372,0.002803417,0.00068725,0.000169417
2042.381305,0.002757417,0.0006075,0.000146333
2052.242292,0.002984417,0.004330333,0.000153917
2008.860036,0.002572833,0.000297583,0.000128083
2033.580396,0.003089083,0.0017385,0.000145583
2050.667283,0.003073667,0.0022875,0.000218167
2004.746639,0.002858167,0.0003525,0.000154333
2070.669446,0.003103333,0.003886083,0.000157
2060.602596,0.003044417,0.001623333,0.000114083
2005.206587,0.003053,0.002664417,0.000123833
2037.008154,0.002809333,0.001819333,0.000114833
2042.047165,0.002551833,0.00041225,0.000168417
2129.218679,0.00327425,0.001248667,0.000212583
2030.166653,0.003190917,0.003026667,0.000160333
2036.769776,0.003247667,0.001132667,0.000119583
2143.124082,0.00253025,0.000330417,0.000106417
2041.083762,0.002561583,0.0011565,0.000135833
2106.594956,0.002555917,0.001474833,0.0001375
2138.154848,0.0021585,0.000338333,0.000160417
2089.006667,0.0032605,0.001387333,0.00013
2081.169786,0.003379,0.003149417,0.00015625
2112.314309,0.0021875,0.000312833,0.00011825
2103.078661,0.002188083,0.000283167,0.00012375
2188.616851,0.002274917,0.000773833,0.000144333
2202.360849,0.002108,0.0003635,0.0001085
2112.964782,0.003209333,0.004084417,0.000143083
2114.425134,0.00254,0.000863417,0.000121667
2092.942878,0.002578917,0.000855167,0.000149
2095.386269,0.002752083,0.0033005,0.0001005
2133.129834,0.0027015,0.001987917,0.000125667
2123.868258,0.0020965,0.000246667,0.000121417
2168.296263,0.00212925,0.000281583,8.83E-05
2126.600572,0.001936833,0.00013425,9.83E-05
2035.11904,0.00196525,0.000170667,0.00008175
2119.787723,0.002133417,0.000221167,0.000104167
2054.746045,0.001918583,0.001058333,9.42E-05
2099.59256,0.002504417,0.00238275,0.00013975
2128.799481,0.003128583,0.000984833,0.00017475
2170.839251,0.00314925,0.001790083,0.000186083
2107.956021,0.003118583,0.002598083,0.000160167
2109.911615,0.003216417,0.003359,0.000172167
2080.259814,0.0035885,0.00900675,0.000124917
2175.504044,0.003067583,0.001420417,0.000120167
2219.380891,0.003047083,0.001874917,0.000138333
2091.606852,0.002872583,0.002263167,0.000153583
2175.135949,0.002378917,0.0002595,0.0001155
2267.381634,0.002121167,0.000401583,0.000109167
2170.4697,0.00215825,0.000184583,0.000102667
2188.911008,0.002153417,0.000302167,0.000107417
2211.482837,0.002083583,0.000240333,8.62E-05
2169.114143,0.002365833,0.00111775,8.62E-05
2162.899055,0.002257833,0.00022625,8.86E-05
2206.801511,0.002082083,0.0002705,8.98E-05
2224.60938,0.002110667,0.001866833,0.000110417
2246.625058,0.00222925,0.000220417,0.00012675
2255.149493,0.002151,0.000909167,0.000102333
2304.892788,0.00208025,0.00022225,8.76E-05
2508.127403,0.002211083,0.00054125,0.00012275
2266.314665,0.00333475,0.01311625,0.000119
2253.992123,0.0026645,0.00178525,0.000125833
2248.218203,0.003956917,0.007717833,0.00018075
2207.021306,0.0039515,0.01092125,0.000141667
2166.83079,0.003199,0.005607083,0.000156417
2255.005466,0.00325525,0.004684833,0.0001385
2260.38459,0.004308417,0.016809167,0.000174333
2268.601356,0.003839167,0.010527917,0.000119833
2226.915122,0.003315417,0.006253583,0.000135417
2232.308658,0.003404333,0.005134,0.000146583
2253.756777,0.00330875,0.00562725,0.000147667
2214.757917,0.003194583,0.003792167,0.000160167
2231.908333,0.003528667,0.006809667,0.00016025
2201.146553,0.003304833,0.00454225,0.000123333
2283.651227,0.0036285,0.003736917,0.00017375
2219.768574,0.003837,0.007092083,0.000165833
2216.916392,0.0036635,0.0063535,0.00013525
2213.746869,0.00426525,0.014979667,0.000189833
2305.971073,0.003616833,0.007949083,0.000146167
2264.978355,0.00344,0.004676,0.000143917
2150.456503,0.002931917,0.002452667,0.000196667
2248.593849,0.003813583,0.009877167,0.000160667
2258.31894,0.003806917,0.010636583,0.00014225
2249.69434,0.003908667,0.012953167,0.000154333
2241.801101,0.003771083,0.010438917,0.000142917
2278.666214,0.00361625,0.008661667,0.000136167
2231.331016,0.004213333,0.017143417,0.000137917
2178.929627,0.003809667,0.008265833,0.000146833
2248.253851,0.004001667,0.01150125,0.000146917
2269.377825,0.003556333,0.00654775,0.000126333
2327.500625,0.003751667,0.00986375,0.0001385
2271.112754,0.003592167,0.007147333,0.000152417
2252.753941,0.003540667,0.007228,0.000132167
2231.305932,0.003456167,0.006649083,0.000117667
2225.022807,0.003465,0.007129167,0.000132167
2277.069658,0.003848167,0.01179325,0.00013075
2154.182777,0.003540083,0.007008417,0.000125083
2183.457183,0.003934417,0.010867417,0.000150417
2247.548236,0.003697833,0.00956875,0.000119333
2137.784991,0.002672583,0.000466417,0.000136417
2153.22869,0.004292083,0.019256917,0.000144417
2209.276641,0.003500083,0.00509075,0.000126667
2255.18305,0.003855917,0.011642417,0.000161333
2245.906687,0.004204667,0.018374167,0.0001505
2248.09279,0.003593167,0.00862375,0.000117833
2153.037647,0.004593167,0.022293417,0.0001495
2218.478363,0.004339583,0.01690875,0.000190667
2300.935584,0.003512667,0.005500833,0.00018175
2289.080779,0.003605167,0.007137417,0.000140917
2242.676589,0.00365075,0.008929,0.000119
2341.412238,0.004068417,0.015049833,0.000148583
2353.72024,0.003860083,0.012031667,0.000158417
2338.950781,0.003455,0.007394083,0.000140417
2281.425301,0.002658667,0.004562833,0.000113667
2206.61572,0.003909667,0.015887667,0.000126167
2252.414751,0.00428925,0.017692417,0.000140583
2260.078233,0.003731667,0.009719917,0.000141083
2258.055128,0.0041955,0.018916833,0.0001695
2239.679803,0.004029667,0.012327167,0.000214333
2235.763573,0.004105833,0.013540167,0.00014575
2224.042389,0.004934,0.030601917,0.000103917
2209.907646,0.0045445,0.02014875,0.000135833
2278.178582,0.003903167,0.014428833,0.000115417
2236.129389,0.003774583,0.01009575,0.000139417
2231.151538,0.003438583,0.0057465,0.000146417
2206.321165,0.004011167,0.0195495,0.0001205
2230.240169,0.003527167,0.007022833,0.000124833
2262.959811,0.003711333,0.010828167,0.000149667
2110.999169,0.003866167,0.010202417,0.00014725
2208.731171,0.003702333,0.006697917,0.000125833
2197.252281,0.004082333,0.015854083,0.000134583
2206.750048,0.004151417,0.014843667,0.000166083
2179.405561,0.004817083,0.029593417,0.000115833
2187.341754,0.004754667,0.02708675,0.000119167
2299.640438,0.003540167,0.005404583,0.000147417
2253.790898,0.004286083,0.01805025,0.00014075
2303.020557,0.00366825,0.008965,0.000116083
2285.814488,0.003524167,0.006068917,0.000147417
2289.751399,0.003311583,0.0072205,0.00014475
2328.511571,0.003757833,0.010248917,0.000137333
2280.825886,0.0036505,0.013828833,0.000122667
2273.960645,0.0038675,0.011110333,0.00014125
2235.096857,0.003832417,0.010934833,0.000157833
2254.410632,0.004210917,0.02033525,0.000123583
2191.706683,0.005129083,0.036483833,0.000101
2258.393066,0.00438825,0.022700583,8.69E-05
2226.192252,0.003724333,0.007903,9.38E-05
2294.762667,0.004326917,0.022364,7.56E-05
2261.277887,0.003905083,0.013818833,0.000122583
2244.797934,0.003652583,0.012381583,0.00010625
2278.291447,0.00389525,0.013693833,0.000124917
2247.0944,0.004243667,0.020812333,5.37E-05
2282.137434,0.00401625,0.0159305,7.51E-05
2287.014475,0.003519417,0.009239417,0.000104083
2335.096221,0.00395525,0.014586167,4.99E-05
2276.799136,0.003621417,0.009635333,0.000089
2274.90191,0.004938833,0.033794917,0.0000795
2174.005431,0.0051375,0.034541583,0.0001265
2212.654364,0.003650417,0.0118905,7.99E-05
2241.70109,0.004167667,0.013010833,0.0000955
2192.353804,0.004491333,0.021574417,9.83E-05
2386.38187,0.0042575,0.017590583,0.000115667
2231.982657,0.004594583,0.025874667,0.000109667
2359.395285,0.003909083,0.011962417,0.000122167
2336.390747,0.003990417,0.016091083,0.000121833
2314.560853,0.0040145,0.01450875,0.0001165
2388.119103,0.003104083,0.00689575,0.000163333
2289.061128,0.004758083,0.027651833,0.000124583
2239.705614,0.005199583,0.03337975,0.000126
2318.718515,0.004299833,0.01449,0.000152167
2400.706415,0.003950833,0.015298,0.000111417
2373.109211,0.004185833,0.018534417,0.000121833
2296.4908,0.00479225,0.028638083,0.000150917
2284.921171,0.004886333,0.02550925,0.000140667
2219.76842,0.005300833,0.037656083,0.000117417
2287.781214,0.004521917,0.021810167,0.000101667
2292.038734,0.004854583,0.028512,0.000109
2327.280176,0.00435875,0.020153917,0.000109917
2307.201423,0.004591333,0.026581833,0.000149167
2252.229382,0.004371833,0.021546417,9.56E-05
2359.385001,0.004184667,0.015708333,0.00012525
2348.402533,0.004527667,0.02358325,0.000111
2263.788094,0.005058167,0.035146,0.000111417
2320.004681,0.004457167,0.02690275,0.000112417
2388.363878,0.004396167,0.01730975,0.00012975
2304.149147,0.004795667,0.028512417,0.000125917
2350.139999,0.004150333,0.011562417,0.000136667
2259.010005,0.004496667,0.019686833,0.00015425
2270.388336,0.004096333,0.014332833,0.000126583
2256.461772,0.003938583,0.010439583,0.0001125
2268.441081,0.00440425,0.02751925,0.0002055
2330.832328,0.002487083,0.000500917,0.00013925
2322.058622,0.002368833,0.00145075,0.00011875
2318.604106,0.005015667,0.028606417,0.000133
2311.51749,0.00416275,0.016895417,0.000149833
2285.502219,0.004378083,0.015851417,0.000147833
2248.538132,0.0047745,0.021613667,0.000218333
2300.55844,0.004260833,0.017433417,0.00013075
2392.499529,0.00359525,0.006911,0.000156333
2277.825932,0.003963167,0.018193083,0.000168667
2316.034153,0.003846,0.01933425,0.000141083
2251.424885,0.0047915,0.030607917,0.000116917
2294.22872,0.004258583,0.014474917,0.000133167
2308.930994,0.004556083,0.020697333,0.000138083
2274.378,0.004790167,0.025379583,0.000174583
2235.420067,0.004939,0.031974583,0.000111167
2333.60576,0.004353417,0.02150175,0.000121333
2411.555854,0.003983917,0.014573833,0.000117583
2377.460694,0.003824583,0.010510833,0.000138167
2394.675602,0.003726,0.01266575,0.000145917
2436.930705,0.003944917,0.013890083,0.000114083
2382.368375,0.004366833,0.024802083,0.000130083
2374.618682,0.003780083,0.011965417,0.000142417
2365.207975,0.004029083,0.01652925,0.000103083
2356.380828,0.0042575,0.01696025,0.000139333
2387.873997,0.003786333,0.012007833,0.000105
2400.802197,0.003648583,0.0117725,0.000113917
2350.503229,0.003418833,0.006408417,0.00013025
2377.416889,0.003794917,0.012831833,0.000113833
2396.442169,0.003327167,0.010569083,0.000127
2321.803916,0.005020667,0.03077925,0.0001445
2314.835086,0.005247917,0.036214167,0.000103583
2362.775204,0.003836167,0.015030417,0.00010125
2402.711537,0.0035655,0.01530125,0.000127
2454.784795,0.00337625,0.00914825,0.000130417
2351.702103,0.004929,0.02867675,0.00011775
2339.444877,0.004534083,0.024354333,0.000144083
2406.240266,0.004526083,0.03035175,0.00014675
2448.196811,0.003891833,0.015932333,0.000113083
2461.293586,0.004523333,0.02234925,0.000194417
2413.207792,0.004785333,0.028472417,0.000172333
2369.449271,0.004393083,0.020117583,0.0001615
2350.464987,0.004311417,0.01954425,0.000161917
2464.70359,0.003837,0.012861417,0.000116167
2515.676379,0.003989417,0.014759333,0.000172583
2419.015279,0.0041325,0.018483167,0.000139917
2454.638623,0.003963583,0.015884583,0.0001475
2460.910867,0.0037855,0.011668,0.000137
2492.139088,0.004194667,0.020093417,0.000180417
2431.305257,0.005421833,0.03949025,0.000168417
2464.388549,0.004364417,0.020580083,0.000119583
2552.477633,0.004140167,0.014718083,0.000173333
2442.464061,0.004228833,0.019385583,0.0001745
2489.960054,0.004869,0.031003333,0.000158917
2535.89142,0.00429625,0.021568583,0.000150083
2418.509148,0.005044917,0.035394583,0.000124333
2513.956763,0.004081417,0.015779667,0.0001575
2529.345638,0.00374575,0.020609667,0.000138
2597.215222,0.003936083,0.015801167,0.000151583
2643.781113,0.002501417,0.001958917,0.000112333
2639.143485,0.002686083,0.004947417,0.000101833
2581.150415,0.004152333,0.021033667,0.00014075
2606.441574,0.00403175,0.0144025,0.000122417
2571.486622,0.003898167,0.016336,0.000143583
2497.141901,0.003737417,0.0114355,0.0001635
2515.556771,0.00408075,0.016527083,0.000148583
2506.907506,0.004149917,0.0194155,0.000147
2477.771852,0.004240583,0.026038583,0.00011675
2398.220268,0.00462175,0.0315675,0.0001035
2504.532174,0.00435075,0.023301833,0.000138
2408.05938,0.00407175,0.017837917,0.000139
2404.154379,0.003611667,0.009941583,0.00015375
2393.011819,0.003831083,0.010613583,0.000148
2451.543752,0.003946417,0.012958917,0.00012825
2456.606062,0.003620583,0.01041025,0.0001145
2485.76665,0.004029583,0.016688083,0.00014925
2476.201082,0.00364125,0.009661167,0.00013325
2393.152341,0.003502667,0.007497333,0.00013925
2399.406822,0.004359583,0.023488833,0.0001165
2401.903813,0.003793667,0.012387333,0.00015475
2395.251978,0.0043825,0.02180625,0.00014
2401.173738,0.004042333,0.015671667,0.00012775
2383.790983,0.003683,0.011931,0.00011575
2392.709336,0.003883667,0.014053,0.0001075
2282.380414,0.00478775,0.028165583,0.00010175
2299.18532,0.005395583,0.040460083,0.00010875
2298.627509,0.004721,0.029262917,0.0001025
2283.145838,0.003891917,0.014115167,0.00010825
2325.801492,0.003032917,0.00387875,0.000114
2295.713562,0.0037935,0.012879583,0.00013625
2253.570049,0.003755083,0.009485083,0.00013475
2278.36014,0.003617917,0.010422417,0.00017925
2243.237895,0.004081,0.014286167,0.00017
2298.910814,0.00411025,0.015195833,0.00014975
2286.753409,0.003652083,0.0079595,0.00017075
2267.711246,0.004081417,0.016145167,0.00012425
2246.719861,0.003648417,0.01008125,0.000138
2260.34635,0.003740917,0.012377667,0.0001255
2198.847523,0.00382525,0.013126333,0.00010375
2255.593305,0.004185917,0.016972667,0.0001255
2158.91614,0.004161167,0.016310417,0.00011675
2196.655594,0.0028535,0.004816917,0.0001265
2211.548163,0.003672583,0.00995,0.0001325
2150.855302,0.00242725,0.001482333,0.0001385
2175.057711,0.00236,0.000715833,0.00009725
2174.156223,0.003263333,0.006659,0.00010175
2077.292668,0.004437167,0.020258167,0.000144
2042.418166,0.00402,0.018661667,0.0001205
2111.282831,0.003356667,0.00647025,0.00012325
2091.465161,0.004044583,0.014902667,0.00015025
2068.262632,0.003690667,0.008208667,0.00013675
2016.224818,0.003539917,0.00520775,0.00012525
2010.045515,0.003460333,0.006411583,0.00014475
1971.41626,0.004537083,0.01808825,0.00012125
2001.079474,0.003225917,0.004833917,0.000141
1979.731258,0.00215725,0.000342917,0.00012925
1895.657476,0.00296625,0.005118917,0.000138
1975.021514,0.003767167,0.01050325,0.0001045
1877.666261,0.002061167,0.000291167,0.000153
1960.050539,0.002622333,0.002204333,0.0001485
2008.956034,0.002120917,0.00051225,0.0001595
2055.346776,0.002017917,0.000406167,0.00013075
2006.976411,0.002368917,0.001134583,0.00012175
2029.1189,0.002214417,0.000210167,0.00012625
1952.660713,0.002841667,0.003473417,0.00017575
1982.026381,0.002203833,0.000315583,0.00013225
1934.703816,0.002259583,0.0005075,0.000102
1933.61885,0.002131417,0.000196917,0.00011225
1970.165296,0.002129333,0.0006385,0.00017875
1870.558145,0.002160833,0.000225417,0.00012575
1837.151408,0.002223,0.000789333,8.50E-05
1804.967223,0.002187167,0.000314083,0.00011625
1891.11868,0.00216725,0.001733417,0.0001285
1858.110071,0.002309167,0.000250417,0.0001105
1815.010245,0.002060917,0.000153083,0.00014375
1912.398499,0.002273667,0.001228917,0.0000995
1742.117168,0.00193575,0.000207667,0.000104
1769.84208,0.00215075,0.00052525,0.00010725
1853.170269,0.002227667,0.001879417,0.000097
1818.237257,0.002812,0.002622917,0.0001075
1742.1002,0.0034565,0.005042417,0.00013775
1777.090149,0.003913667,0.011398,0.000128
1762.860742,0.002149833,0.0015535,9.38E-05
1746.886542,0.002086333,0.000426417,0.0001045
1687.36737,0.002102667,0.000698333,0.00009775
1660.225756,0.00252525,0.001948083,0.00010525
1611.271403,0.002496083,0.00298775,0.00010425
1611.50466,0.002117083,0.000348417,0.00009425
1576.07867,0.002130583,0.000506667,7.18E-05
1608.110565,0.002077917,0.000159583,0.000133
1599.48043,0.002334083,0.000281833,0.000122
1631.398899,0.0027465,0.001867167,0.00017625
1572.368436,0.002132417,0.001421333,0.000101
1605.804973,0.003095,0.002343917,0.00013925
1591.110854,0.002911417,0.006856,0.000197
1574.862444,0.00295325,0.005026417,0.00011825
1540.78416,0.002800417,0.002368167,0.0001565
1515.691231,0.002185083,0.000634917,0.0001075
1519.348122,0.002319333,0.000736417,0.0001405
1542.597025,0.00255725,0.00265125,0.00012275
1574.915386,0.002120917,0.000347333,0.00011625
1547.894237,0.001927167,0.000181583,9.93E-05
1496.250346,0.002101167,0.000678667,0.0001045
1481.935449,0.00184175,0.000175083,8.65E-05
1443.698939,0.00205775,0.000297167,0.00010575
1479.365762,0.0023335,0.000670417,0.000127
1460.087966,0.002537167,0.004843833,0.00011825
1467.853978,0.001918167,0.000133167,9.60E-05
1446.523551,0.002090917,0.0001735,0.0001045
1446.364218,0.001925917,0.000120333,0.0000875
1477.547724,0.002263167,0.002489167,0.000089
1361.445156,0.002080083,0.000207583,0.000098
1365.826188,0.0019085,0.00011275,0.0000875
1405.739019,0.00213975,0.000921667,9.48E-05
1424.443075,0.002544333,0.004886167,0.0000875
1448.659886,0.0020845,0.000151,0.00009225
1312.515033,0.00192025,0.000119917,0.0001205
1250.516798,0.0019985,0.000131583,0.00008925
1257.491963,0.001979333,0.000104917,0.000099
1349.684814,0.00213675,0.000170583,0.000115
1379.936642,0.002056417,0.0001275,0.00010075
1441.171951,0.002832,0.002497833,0.0001515
1395.960859,0.003079083,0.002875667,0.00012825
1404.632102,0.003258417,0.005233417,0.0001545
1315.032795,0.002801083,0.000845167,0.000156
1318.288684,0.003007417,0.00232725,0.00015125
1378.074774,0.00317925,0.0044085,0.00013775
1383.514134,0.003502833,0.009222583,0.000119
1382.115327,0.002955417,0.00370225,0.00016875
1450.20849,0.003585417,0.010295083,0.000132
1396.690719,0.003197917,0.00505875,0.000096
1444.100406,0.00355325,0.008969083,0.0001025
1327.97167,0.003627583,0.007789667,0.0001355
1395.465783,0.00408125,0.0123435,0.00013325
1446.14228,0.00269375,0.00298025,0.000074
1356.700619,0.003603833,0.006558417,0.000193
1432.933068,0.002474833,0.001167,0.00010475
1400.589988,0.002753333,0.002118583,0.00011975
1370.720992,0.002898167,0.0020655,0.0001345
1391.66365,0.002834,0.003018333,0.00010475
1446.726427,0.00322275,0.004177333,0.00012625
1481.779425,0.003636,0.013011083,0.00012975
1426.814195,0.003648167,0.0071725,0.00010475
1463.50591,0.00300875,0.004845583,9.73E-05
1463.037288,0.002814083,0.00133325,0.0001045
1405.844822,0.002517333,0.000191667,0.000123
1384.617594,0.003009333,0.003177167,9.30E-05
1409.237868,0.00368575,0.01071525,0.00010725
1406.286402,0.002273333,0.00015475,0.00010875
1382.750171,0.002115167,0.0007785,9.03E-05
1458.490794,0.002337333,0.001152083,0.00010225
1435.565175,0.002375333,0.000601917,0.00011375
1417.015892,0.002014417,0.00045925,0.00009775
1475.804464,0.001919583,0.0001965,9.50E-05
1432.127622,0.002615667,0.002657167,0.0001045
1353.871414,0.00245375,0.0003595,9.95E-05
1458.048028,0.00343825,0.007321833,0.00011875
1394.67671,0.002342833,0.00073725,0.00009375
1426.726461,0.002211333,0.000188,8.28E-05
1359.332101,0.002088333,0.000138333,8.40E-05
1373.54201,0.002510583,0.0012475,0.00010175
1328.941194,0.003058,0.003724333,0.00015725
1426.801682,0.00304075,0.007179917,0.00012775
1354.238183,0.004148167,0.01694775,0.00013875
1375.808015,0.003940833,0.014141333,0.00013175
1366.775126,0.002908,0.00315925,0.00011525
1320.762896,0.003368833,0.004535083,0.00010625
1288.060826,0.002759083,0.001888083,0.00012975
1361.483315,0.003301167,0.00575375,0.00011575
1388.715672,0.00350725,0.0075305,8.50E-05
1394.935451,0.003736,0.011034833,1.00E-04
1322.342895,0.003850833,0.01154975,0.00020325
1365.491563,0.003859583,0.008606,0.00010375
1360.390074,0.00392325,0.013809417,0.0000485
1429.234648,0.003386,0.005532583,0.000219
1368.50133,0.002707417,0.0040125,5.30E-05
1322.664951,0.0021075,0.000325667,0.00009225
1314.395373,0.001807917,0.00008075,7.83E-05
1323.509241,0.002607083,0.002622083,6.35E-05
1362.523967,0.001786667,0.0001085,0.00008075
1312.80089,0.00215825,0.000723667,0.00009525
1315.047769,0.001933083,9.76E-05,8.73E-05
1378.970352,0.002127833,0.001264583,0.00006025
1296.987621,0.001917917,9.52E-05,9.45E-05
1319.394715,0.001946333,0.00007725,0.00009775
1407.78064,0.002421333,0.002136417,0.00009825
1319.506455,0.001993917,0.001473583,0.000088
1325.986075,0.002612833,0.0028665,0.0001775
1303.529223,0.002236333,0.000680583,0.00014125
1352.089971,0.0019175,0.000703917,0.0000635
1242.170007,0.001937667,0.000172167,0.00008025
1289.63386,0.002657167,0.004253417,0.000079
1289.426525,0.00202775,0.001329583,0.0001005
1266.828958,0.0018425,0.00009325,0.0000705
1283.405807,0.002043833,0.000165917,0.000159
1299.237156,0.001856083,0.0001055,0.00008525
1263.973004,0.001975333,0.000108667,0.00003775
1267.211017,0.003189083,0.006028083,0.00011075
1279.159885,0.002482333,0.00081075,0.0001435
1328.526879,0.0030555,0.009011083,0.00012125
1280.777459,0.002219,0.00138625,0.00005775
1287.123094,0.00196225,8.72E-05,9.88E-05
1261.38514,0.001997333,0.000222417,0.00009125
1235.663786,0.001972667,0.000103583,1.00E-04
1223.158595,0.0018105,0.00011825,0.0000735
1245.061029,0.002336083,0.004289917,0.0000625
1173.0086,0.00235375,0.000197917,0.00015575
1288.291877,0.003598333,0.006948,9.15E-05
1169.978978,0.003158917,0.006020917,0.00010025
1247.452632,0.0025415,0.000208167,0.000081
1204.692198,0.003047833,0.002257083,0.0001355
1228.195737,0.002396083,0.001292083,8.35E-05
1187.068476,0.002639583,0.00125375,0.00011225
1207.029433,0.002707667,0.002369917,0.000121
1171.914585,0.002841417,0.002596917,0.000107
1211.952193,0.003204417,0.00248675,0.0001105
1214.90612,0.00239375,0.00015075,0.00010425
1249.673331,0.002671667,0.003208583,0.0000925
1222.98581,0.002672917,0.002107583,0.00010825
1166.469178,0.002060583,0.000170583,0.000074
1195.059844,0.002152083,0.000388583,6.88E-05
1221.26041,0.002008,0.000146,0.00011075
1258.061273,0.002230833,0.00019325,0.00011825
1180.271376,0.002522917,0.00094375,0.0001075
1128.417485,0.00302125,0.00413375,0.00010425
1176.501546,0.002795083,0.003646583,8.80E-05
1153.371022,0.001947083,0.000149083,0.00009
1171.085817,0.002198917,0.000252917,0.0000785
1116.817706,0.002231167,0.00034725,0.000083
1132.353912,0.001961583,0.000121333,8.73E-05
1186.303653,0.002439917,0.000910917,0.0001105
1164.624043,0.002567667,0.000581333,0.00011325
1196.619356,0.00358775,0.00788425,0.000106
1221.866919,0.003185083,0.00220325,0.00011275
1093.107223,0.002840167,0.002110583,0.0001255
1094.402052,0.003116333,0.004844917,0.00012175
1163.298404,0.003506417,0.0083315,0.00014075
1164.702846,0.00303075,0.00400925,8.60E-05
1073.841247,0.002714333,0.002581,0.000138
1061.0441,0.002503417,0.001272667,0.00013275
1181.502655,0.00292425,0.002228333,0.00010525
1164.8306,0.00277825,0.002161833,0.00013125
1139.427495,0.002672667,0.000225417,0.00014575
1125.975861,0.002930417,0.003391917,0.00012125
1009.225232,0.002725583,0.000499667,0.0001135
1053.932672,0.002282,0.00441175,7.83E-05
1113.034777,0.002012167,0.000121417,0.00009925
1089.057483,0.001959417,0.000314667,7.05E-05
1111.177618,0.001962917,0.000156667,0.0000895
1127.504242,0.00216375,0.000968167,7.78E-05
1081.235911,0.001971,0.001051167,0.00010025
1143.122506,0.001854667,0.000115333,0.00009775
1177.107671,0.002000083,0.00011975,0.00012175
1137.92015,0.001897417,0.00137225,5.75E-05
1103.551674,0.001824583,0.000112083,0.000057
1137.946391,0.002034667,0.000409917,0.00007325
1146.492881,0.0026005,0.001348167,8.60E-05
1155.945268,0.00262625,0.003908167,0.00011425
1150.047989,0.002007,0.000229083,0.000094
1179.857473,0.00192525,0.000100833,0.00013925
1167.295218,0.00191775,0.000122167,0.000062
1145.753745,0.0018305,0.00010325,8.05E-05
1074.996476,0.0019945,0.0010365,0.00007175
1217.677336,0.00182125,0.000116917,8.80E-05
1124.063587,0.002024083,9.64E-05,0.0000885
1123.019702,0.001869417,9.34E-05,0.00007975
1131.581628,0.002090583,0.000115667,0.00006925
1230.891373,0.001798167,9.86E-05,0.00007375
1187.987202,0.002132333,0.000226417,0.00010025
1208.179951,0.00193975,0.000112583,0.00009
1185.925745,0.002837667,0.002621667,0.000143
1195.242155,0.002527667,0.000180833,0.000158
1196.214438,0.00208375,0.00012575,0.00009125
1279.16691,0.002183333,0.000130417,0.00010775
1316.534798,0.0023095,0.000171417,0.000116
1233.767954,0.002236667,0.000150667,0.00014725
1170.344782,0.002175833,0.00017575,0.000094
1309.890486,0.002705833,0.000424083,0.00013675
1254.243617,0.002506,0.000290667,0.0001125
1203.764835,0.002646583,0.000299083,0.00013025
1215.631572,0.002453083,0.000195167,0.000133
1209.813695,0.00259625,0.000805583,0.00010025
1208.934015,0.002577,0.000219833,0.00012725
1309.602415,0.002648667,0.001294833,0.00013225
1284.951647,0.002558833,0.00026525,0.00013425
1283.219439,0.002990333,0.001017083,0.0001535
1196.483435,0.002731583,0.0002545,0.00011325
1264.49187,0.0025665,0.001396833,0.00012425
1363.429615,0.002627333,0.000357833,0.00012725
1326.90723,0.002399417,0.001416333,0.000109833
1224.999038,0.00259225,0.003017333,0.000104417
1370.344438,0.002691667,0.000224083,0.00012525
1331.224494,0.00259475,0.000647,0.00011775
1230.164333,0.00295075,0.002954917,0.000153167
1291.581976,0.00235825,0.000518833,0.00011225
1269.91977,0.002386667,0.001002083,0.000102083
1279.266727,0.002682417,0.001632,8.84E-05
1281.99102,0.00257525,0.000238917,0.00012575
1339.308522,0.002728417,0.002526333,0.000162667
1359.410242,0.002771083,0.000925417,0.00016075
1437.697338,0.00282425,0.0007825,0.000212833
1336.254221,0.0021385,0.000178,0.000103917
1375.919084,0.0022065,0.000151583,8.33E-05
1381.266385,0.002159083,0.0001375,0.000107417
1371.583301,0.002680083,0.000310833,0.000133
1399.004033,0.002078417,0.000153167,0.000102833
1445.873804,0.002809583,0.00117025,0.000143083
1421.667281,0.002779417,0.001271833,0.000154833
1508.958336,0.002868333,0.001728167,0.000144333
1426.490978,0.00278025,0.000745417,0.000131583
1333.433975,0.002553833,0.0005975,0.000156917
1353.294607,0.0022095,0.00017,0.000130333
1397.861168,0.002043917,0.000156417,0.00012475
1360.023152,0.002008083,0.000132083,9.37E-05
1424.517625,0.00217025,0.000177667,0.000111833
1479.49447,0.00247825,0.000592167,0.000169417
1424.519942,0.002444667,0.0011125,0.000187833
1451.098214,0.003003333,0.002071333,0.000168583
1509.783578,0.00208275,0.000184833,0.000101667
1598.753906,0.002134917,0.000152083,0.000105417
1492.944179,0.001951167,0.000171917,0.000110833
1490.714285,0.002047417,0.000147417,0.000100917
1557.455637,0.00196875,0.00021575,0.000107833
1500.216841,0.002191083,0.000240833,0.000118583
1473.687619,0.001989083,0.00014925,0.000122917
1461.095821,0.00189025,0.000145083,7.11E-05
1556.609461,0.002046917,0.000169833,0.000114667
1565.315825,0.002133417,0.000174083,0.000157167
1547.91149,0.002079833,0.00028075,0.000113917
1587.597699,0.001942583,0.000165667,0.000118167
1561.810828,0.002761833,0.000987833,0.00014
1610.468302,0.00289925,0.000862667,0.000186833
1528.245903,0.002642333,0.00149775,0.00013625
1598.820065,0.002558167,0.000235917,0.000163167
1600.039227,0.00239075,0.000213667,0.000132667
1563.897766,0.00250425,0.001875667,0.000146917
1615.13869,0.002901667,0.001830833,0.000137583
1592.007617,0.002663333,0.001090667,0.00012
1625.83967,0.0026485,0.00205025,0.000115583
1690.143245,0.0024655,0.001123583,0.000124417
1681.530754,0.00259275,0.000205583,0.000146417
1631.07802,0.00278525,0.00033175,0.000183417
1686.447261,0.003375,0.009044167,0.00015825
1690.342424,0.003237333,0.005075167,0.000175333
1568.206773,0.002736167,0.00240325,0.0001845
1643.152028,0.0026495,0.00051775,0.000167917
1598.121537,0.002615,0.001191,0.000129083
1701.45035,0.0031065,0.004063667,0.000188417
1600.153602,0.0026265,0.002522167,0.000132917
1889.655827,0.003433167,0.004728,0.000191833
1693.974848,0.002881917,0.00044475,0.000113917
1637.569447,0.002874583,0.00038075,0.00015725
1638.674295,0.002564667,0.000307167,0.000134083
1667.647836,0.002725417,0.001914417,0.000141917
1686.908525,0.002834083,0.000454833,0.000166333
1614.982743,0.00215475,0.000168083,0.000102917
1675.359372,0.0031975,0.002941083,0.000233667
1654.64414,0.003071083,0.002563333,0.000143
1680.902963,0.002722167,0.000551417,0.000159917
1748.810571,0.003023833,0.0008825,0.000192833
1778.437925,0.002629583,0.000485583,0.0001845
1766.396531,0.002506417,0.0004705,0.000172083
1791.586209,0.002648417,0.001280917,0.000155
1716.738838,0.002648083,0.000307583,0.000176917
1755.255637,0.003028583,0.001012917,0.000177667
1885.115401,0.00303325,0.0015275,0.000190333
1732.099974,0.0027505,0.001482167,0.000157833
1731.885347,0.002648333,0.000273167,0.000132917
1767.882981,0.002825833,0.001533583,0.000160917
1754.428623,0.002838583,0.002155583,0.000161417
1770.605406,0.002580417,0.000421333,0.000129583
1788.683016,0.0027155,0.00270275,0.000121417
1710.864047,0.002714083,0.00201625,0.00012125
1719.393552,0.002810083,0.001419667,0.000141167
1726.054523,0.002783833,0.001423917,0.000129333
1662.462263,0.002648,0.000550167,0.000141083
1791.493985,0.003015083,0.00111575,0.000154167
1789.637967,0.002820333,0.0015215,0.000148333
1694.892947,0.002602167,0.000471833,0.000110583
1744.725969,0.002912,0.000437333,0.000137
1721.231588,0.0026915,0.000479917,0.000124917
1811.0839,0.002902,0.00207,0.000145083
1752.343153,0.002746667,0.000353167,0.0001215
1746.664098,0.002770333,0.001619333,0.00013725
1827.9058,0.00281225,0.00138025,0.00011925
1731.499889,0.002719917,0.002348417,0.000115
1723.386038,0.002720917,0.002137083,0.000159417
1720.49883,0.00293625,0.001556167,0.00016825
1652.907085,0.002480917,0.000246583,0.000141667
1737.910499,0.002839167,0.00038875,0.000179167
1826.35645,0.002867,0.000579833,0.000135333
1808.90197,0.0029415,0.000417167,0.000188083
1757.942999,0.003064833,0.000598083,0.00020075
1693.77282,0.002901833,0.00067375,0.000193667
1723.74207,0.002864833,0.000652083,0.000162
1785.292538,0.002400083,0.000204,0.000123917
1787.459549,0.00280025,0.001672167,0.000140417
1798.792395,0.003018583,0.000684167,0.000182083
1814.961062,0.00296475,0.0015195,0.000177917
1877.169735,0.002869333,0.0022345,0.00018825
1766.543798,0.002804833,0.000336417,0.000135833
1878.034645,0.002837583,0.000417083,0.00014675
1892.297253,0.002869833,0.00203125,0.000134833
1865.677948,0.002831333,0.000646083,0.00017375
1821.695585,0.00284325,0.003486667,0.00016825
1770.546607,0.003061417,0.00498725,0.000169583
1719.4105,0.002825167,0.000892167,0.00017175
1645.006242,0.002666917,0.0002835,0.000165
1628.635398,0.002722417,0.000260833,0.000137333
1705.569789,0.002928083,0.002014833,0.000146
1729.023984,0.00286975,0.002086,0.000155583
1719.56028,0.003164583,0.005250833,0.000163083
1849.88096,0.003070167,0.001721667,0.000152
1678.275314,0.00286275,0.002202583,0.000138333
1674.362873,0.002731417,0.001590333,0.00013
1722.71686,0.002531083,0.000960333,0.000132333
1718.294528,0.003036583,0.001389,0.000148417
1640.869716,0.003301917,0.002981167,0.000173
1710.305943,0.003088083,0.000576667,0.000172667
1731.069581,0.0031325,0.001617833,0.000165667
1761.909889,0.002874167,0.00129525,0.000138167
1761.256215,0.002749083,0.000276917,0.000230417
1714.330169,0.002540917,0.000884917,0.000141583
1732.309908,0.002870833,0.000789083,0.000152417
1748.21705,0.002621167,0.000351583,0.000160833
1730.437425,0.0028155,0.00179325,0.000154667
1747.528357,0.002754,0.000567583,0.00013075
1729.763327,0.002697083,0.002356833,0.00013475
1827.798484,0.002620167,0.001757833,0.000108667
1839.492937,0.002574167,0.000267583,0.000255917
1775.454176,0.002607667,0.00036875,0.000130833
1782.924039,0.002599167,0.000763333,0.000147917
1853.581898,0.003187167,0.010980083,0.00016
1872.449186,0.00276775,0.000329167,0.0001175
1912.145878,0.0025865,0.000952667,0.000139917
1831.534844,0.00253225,0.00110075,0.000119333
1730.970665,0.00286375,0.001335583,0.000211333
1768.748356,0.003173,0.00775475,0.000145333
1775.287954,0.002778583,0.001694,0.000147
1821.578177,0.002440417,0.000854583,0.000198083
1852.878712,0.0022535,0.000181,0.000126917
1795.845441,0.002941167,0.000536333,0.00020375
1753.855314,0.003263917,0.004107333,0.000209417
1791.599937,0.003217083,0.003511667,0.00018925
1889.301679,0.002869833,0.00048125,0.000168417
1746.881546,0.002916833,0.004383667,0.000126083
1837.936807,0.00256025,0.0002545,0.000138083
1810.296387,0.0023845,0.000203167,0.000118
1770.202197,0.0025675,0.000305333,0.00010775
1759.918031,0.002504833,0.0007575,0.00013775
1884.575347,0.0025805,0.000509083,0.00011725
1893.606017,0.002849167,0.000496917,9.03E-05
1867.609063,0.0031865,0.004288667,0.00012975
1888.50539,0.00312875,0.00223275,9.82E-05
1864.467025,0.002938167,0.000407917,0.000125
1885.679173,0.00268525,0.000848917,0.000108083
1952.387489,0.002982333,0.007594,0.000140833
1869.132318,0.002817083,0.001792917,0.00019475
1953.535788,0.002851167,0.000702417,0.000133333
1937.639463,0.002941917,0.003704667,0.000138333
1891.720036,0.0029565,0.002685833,0.000112083
1911.416538,0.003079083,0.002870333,0.00012575
1922.726249,0.0029245,0.002195333,0.000133083
1960.126676,0.002744583,0.000868583,0.000194167
1893.486227,0.003002917,0.005164417,0.0002
1938.942469,0.003081667,0.004404417,0.000155667
1886.945302,0.002231667,0.000877583,8.71E-05
1873.278438,0.002216583,0.000213583,0.00010675
1995.427771,0.002169333,0.000200333,0.00015275
1976.275842,0.002211667,0.000181917,0.000126083
2032.827503,0.002136083,0.000202,0.000117667
2070.12655,0.0020255,0.000243417,0.00010625
1990.799439,0.00218525,0.000258833,0.0001375
2049.379789,0.00217475,0.00043725,0.000140333
2073.827431,0.002182167,0.000217667,0.000140583
2007.994051,0.002849,0.001658667,0.000131833
2004.249837,0.0026395,0.0007835,0.000145667
2001.755907,0.002988167,0.003369833,0.000206
2029.366849,0.002655333,0.000256917,0.000144
2074.990546,0.0027235,0.001058083,0.00014525
1943.34253,0.002737333,0.0023355,0.000173083
2037.158142,0.002793417,0.00178975,0.0001585
2029.847893,0.00308375,0.007311667,0.000148083
2040.357498,0.002851417,0.001847167,0.000119417
1996.885901,0.003275833,0.004443333,0.00012325
2053.381509,0.002687167,0.0005655,0.0001445
2069.076705,0.002865417,0.00158725,0.0001805
2059.610016,0.002690667,0.002144083,0.000132667
2116.762341,0.002890167,0.003324917,0.000141
2056.220009,0.002961167,0.003433417,0.000165083
2132.344563,0.002840333,0.000658083,0.000123333
2197.394825,0.00336075,0.009214,0.0001645
2187.565644,0.003682917,0.016102667,0.000186083
2202.808507,0.002987917,0.001773417,0.00015725
2137.145081,0.002913583,0.00075375,0.000152167
2173.084333,0.003650917,0.01284325,0.000167
2201.306133,0.00323025,0.006560917,0.00015875
2234.386444,0.003217583,0.009160083,0.0001795
2196.720946,0.002984333,0.003530667,0.000165417
2274.799138,0.003476667,0.009555917,0.000131
2195.265209,0.003062333,0.002585,0.000139833
2155.036172,0.003239333,0.003121917,0.00016275
2124.506852,0.004499667,0.024636583,0.000175417
2167.987101,0.003475833,0.00861825,0.000145333
2187.662086,0.00318575,0.002815083,0.00012375
2270.109805,0.003171667,0.003839667,0.000175583
2123.635093,0.003333417,0.01202925,0.000148917
2198.106592,0.003358167,0.005266417,0.000149333
2068.639698,0.003234667,0.003254917,0.000156333
2194.095118,0.00295775,0.001815083,0.000134583
2147.512664,0.003380167,0.005348583,0.000147583
2122.729852,0.003098167,0.009374583,0.00015275
2119.584773,0.0021395,0.000242667,0.00012675
2167.056724,0.003030083,0.003037833,0.000104583
2226.315293,0.003172833,0.005237,0.000123167
2219.787937,0.003290583,0.01244675,0.000102417
2244.79437,0.003077333,0.0028775,0.000139333
2121.187292,0.002790417,0.000638167,0.000114167
2252.386489,0.002085,0.000236917,0.000099
2181.239109,0.002809917,0.001082667,0.000161583
2191.133766,0.003361833,0.005727583,0.00012225
2211.942763,0.00311125,0.004878667,0.000158583
2121.523128,0.003979083,0.016649167,0.000130833
2184.883132,0.003717,0.008507333,0.0001565
2155.32711,0.003511417,0.008438917,0.000165833
2255.938069,0.003190583,0.002708167,0.000191583
2222.90656,0.002577583,0.000932583,0.0001405
2196.917902,0.002878667,0.004523917,0.000167
2218.925624,0.0024625,0.001046583,0.000112917
2232.825715,0.002297167,0.000353083,0.000106167
2206.162882,0.003207333,0.0078005,0.000111583
2123.908099,0.0032265,0.004931167,0.00016525
2242.673341,0.003611917,0.01456275,0.0001275
2159.066493,0.003597917,0.013966667,0.000126167
2201.045207,0.003716417,0.011310417,0.000137083
2233.369163,0.003261583,0.004748833,0.000177167
2084.944669,0.003626583,0.0136395,0.00016125
2120.912472,0.004229,0.019715333,0.00016325
2115.073217,0.004438,0.019506,0.000141333
2102.855439,0.004230083,0.017147,0.000175
2139.808557,0.003056167,0.0033725,0.000191917
2224.054051,0.003393333,0.009814583,0.000129
2138.587733,0.002813417,0.00092725,0.000157417
2190.374707,0.0035295,0.012476667,0.000155833
2115.242345,0.003565333,0.0069135,0.000142167
2197.139197,0.003765167,0.012305083,0.000120917
2161.616722,0.00344975,0.009923917,0.000119667
2186.395888,0.004005333,0.014737833,0.000113083
2114.346863,0.003489583,0.008907333,0.000164167
2264.483467,0.003875583,0.012795583,0.00013825
2186.615456,0.003141167,0.003678917,9.51E-05
2222.523199,0.003185417,0.006256583,0.000123
2186.542406,0.0038,0.009796583,0.000108917
2244.699732,0.003621167,0.008963,0.000151667
2184.321678,0.003376583,0.004491333,0.00014875
2230.038981,0.003206083,0.00496575,0.000122917
2190.940366,0.003203083,0.00298275,0.000131
2214.849536,0.00339075,0.006159167,0.000157667
2218.413924,0.003453833,0.007888833,0.000116
2297.935638,0.003546917,0.0092225,0.000118167
2317.653307,0.003921,0.01734525,0.00009675
2314.969187,0.003528583,0.009027333,0.000112
2327.253722,0.0034195,0.00768175,0.000149083
2283.292353,0.003312333,0.005004667,0.000118
2298.820636,0.003624,0.010336417,0.00013675
2231.27747,0.003535083,0.009412667,0.000127583
2199.908631,0.003894167,0.012000167,0.000117167
2118.68347,0.0044575,0.021384167,0.000153917
2243.05252,0.003530667,0.00761125,0.000154917
2233.391231,0.003880083,0.011991417,0.00014825
2227.206745,0.0034385,0.004877,0.000123917
2200.191684,0.003289833,0.003874583,0.00018875
2179.905891,0.003464917,0.005207417,0.000149833
2161.518413,0.003349333,0.00433975,0.000165917
2289.818207,0.0036945,0.0082945,0.000147167
2230.360121,0.003722667,0.007233917,0.00014125
2233.754574,0.003740833,0.009046917,0.000216167
2190.959794,0.00384325,0.011806333,0.000184417
2214.515274,0.004345417,0.022116083,0.000123833
2215.486829,0.003720917,0.014345083,0.000173083
2150.940672,0.00452975,0.024773,0.000125583
2255.880805,0.004187917,0.020087667,0.000116583
2286.503486,0.004518583,0.0239235,0.000111333
2245.274537,0.004073417,0.016725167,0.000133667
2284.798877,0.00354925,0.012102667,0.000118583
2245.358471,0.00412075,0.012033417,0.00017575
2153.939372,0.004809167,0.02712825,0.000164
2270.904368,0.004239833,0.017992333,0.000129417
2308.676215,0.003430417,0.004501333,0.0001285
2289.546605,0.003502583,0.004377833,0.000147
2274.133207,0.004107667,0.01351475,0.000153833
2289.846958,0.00422925,0.018919333,0.000132833
2260.12217,0.003694083,0.009814667,0.000151833
2207.918723,0.004814667,0.02555275,0.0001485
2197.337706,0.004781583,0.028413167,0.00015775
2139.684249,0.004521,0.020768333,0.000174917
2164.099117,0.005273667,0.034602333,0.000119
2139.712179,0.004585417,0.026953833,0.00009675
2176.081136,0.00538775,0.03694075,0.000089
2196.415919,0.0042935,0.018366083,0.000124167
2234.925003,0.004538083,0.02433725,0.000136
2194.178328,0.004473333,0.024303,9.89E-05
2240.210986,0.00351175,0.005319917,0.00013325
2277.449228,0.003259,0.006448083,0.000132
2249.456497,0.003336167,0.004880083,0.00013525
2217.786364,0.00267725,0.003439583,9.56E-05
2215.017959,0.003950417,0.013361667,0.000121833
2197.682874,0.0026785,0.000526667,0.0001335
2268.661319,0.003925833,0.014667583,0.000161083
2393.028825,0.002976667,0.008269083,0.00009925
2223.754136,0.003554167,0.014591,0.00012025
2357.644396,0.004205,0.020019083,0.00013125
2273.317924,0.0038095,0.012957083,0.00016
2215.084365,0.003317833,0.006902167,0.000126083
2260.754402,0.003489583,0.010570417,0.00012325
2196.396791,0.00387075,0.014003,0.000112667
2203.355489,0.003807083,0.01190425,0.000128417
2258.209469,0.00321475,0.005905333,0.000161917
2243.100953,0.0032605,0.008662667,9.61E-05
2270.133626,0.003601583,0.011154667,0.000119833
2319.257189,0.002324917,0.001254583,0.0001085
2290.322084,0.002888417,0.003604917,0.00014075
2331.522317,0.002664083,0.003142167,9.55E-05
2281.074195,0.0019965,0.000297583,7.27E-05
2278.131716,0.002086417,0.000221333,9.49E-05
2228.294823,0.002059583,0.00198825,0.000112833
2231.32627,0.002373,0.003547667,0.000100417
2251.165129,0.0019795,0.000176167,7.06E-05
2320.319409,0.0023015,0.00077525,0.000100417
2215.660869,0.002145167,0.000244083,0.000105083
2192.950489,0.004051917,0.01527125,0.000179417
2160.138024,0.004848583,0.025547083,0.000129833
2265.316765,0.003465583,0.009367667,0.000139417
2209.835467,0.003309417,0.005472167,0.000133417
2255.295021,0.003658333,0.012039583,0.000106833
2250.497547,0.003915333,0.014745417,0.000107167
2250.236801,0.003278833,0.006248333,0.000104583
2204.931125,0.004256167,0.022716167,0.000125333
2278.575782,0.00399975,0.016262,8.86E-05
2271.75816,0.003335417,0.006304167,0.000111917
2299.519303,0.00340475,0.012743,0.00019525
2370.305115,0.00231525,0.002146083,0.000105
2323.30885,0.003374667,0.009085167,0.000107833
2398.116668,0.002804833,0.003396917,0.000120417
2357.549852,0.00248075,0.003573083,0.00012475
2194.809588,0.0039265,0.0194045,0.0001045
2212.347525,0.003462833,0.009309917,0.0001145
2326.308826,0.003899417,0.012867083,0.000113583
2280.879331,0.003413583,0.009233667,9.39E-05
2330.398218,0.003234167,0.011977333,0.00011625
2262.173435,0.004451833,0.03079975,0.000125083
2342.838875,0.003328083,0.019365583,0.00009375
2350.971305,0.002982583,0.009124917,0.00009775
2377.764687,0.0027785,0.004826,8.96E-05
2353.944822,0.002265333,0.003894,0.00009525
2382.504289,0.002111833,0.000817083,0.000101083
2368.171313,0.002069833,0.00022725,7.92E-05
2357.260679,0.002070583,0.000229917,0.000100917
2330.177532,0.0020245,0.00040075,9.56E-05
2286.114897,0.00254125,0.001543,0.000116833
2293.623892,0.002417833,0.002301917,9.81E-05
2321.748051,0.003487083,0.010629583,0.00011775
2298.182507,0.004051,0.018168,0.000159917
2256.84003,0.003935,0.01037975,0.000142917
2213.680285,0.003354,0.006395,0.000103083
2267.398108,0.003888833,0.013864833,0.000152917
2281.898926,0.003737167,0.012601667,0.000113583
2238.929151,0.003994583,0.015683583,0.00011175
2268.798879,0.0045065,0.025058417,0.000116667
2385.877834,0.002279,0.000509167,8.54E-05
2297.262229,0.003837667,0.01923325,8.72E-05
2327.738858,0.004275417,0.019102833,0.000115167
2309.996171,0.00432475,0.018027417,0.000118667
2263.964687,0.00292425,0.004433667,0.000192417
2301.43315,0.003475083,0.008286,0.000151667
2261.35213,0.004016667,0.013487833,0.000149
2227.047183,0.003822417,0.01680775,0.000212583
2247.631856,0.003178167,0.006956167,0.0001135
2298.393248,0.003870083,0.012265833,0.000118
2220.626184,0.004781,0.025217333,0.000122667
2225.090911,0.005092583,0.031329083,0.00015175
2382.022569,0.004146917,0.022557083,0.000136167
2404.071788,0.003704667,0.011780833,0.000139917
2385.012132,0.00446725,0.02232425,0.00014
2195.541239,0.004285083,0.019867667,0.000152417
2340.022907,0.003443083,0.006428417,0.000166083
2314.558691,0.003254083,0.005007,0.00012
2273.561873,0.004512833,0.0241135,0.000142333
2410.048555,0.003764667,0.009925917,0.000131833
2324.196595,0.003717417,0.013895917,0.000127833
2247.215283,0.00474175,0.024915167,0.00013675
2214.557086,0.004444,0.023186333,0.000147417
2324.492049,0.003602583,0.007436417,0.000162583
2276.158084,0.00379575,0.011748167,0.000170167
2316.007412,0.003759833,0.009291083,0.00013425
2285.896433,0.0046345,0.02581975,0.000145583
2349.60846,0.004156417,0.01904,0.0001215
2399.883393,0.004153667,0.0192845,0.00011
2467.709297,0.004130083,0.018760083,0.000126917
2167.648741,0.00517675,0.038020333,0.000130167
2251.462094,0.004769417,0.030041667,0.00012275
2288.788561,0.0044755,0.022651,0.000140083
2314.750845,0.004062417,0.015446833,0.000137833
2307.658355,0.004520667,0.021166167,0.000124167
2359.185678,0.0038615,0.016344417,0.000152583
2303.481499,0.00473,0.023729667,0.000149833
2364.877333,0.003851167,0.014414333,0.00017275
2444.483473,0.004003083,0.01865925,0.0001165
2405.890125,0.0036585,0.0126085,0.000214083
2367.575005,0.003796583,0.014869167,0.0001145
2364.99321,0.003733,0.013072667,0.000128833
2417.955791,0.004343083,0.02054625,0.000168417
2386.954586,0.004605333,0.026862167,0.0001555
2317.502855,0.004846917,0.02961875,0.000124333
2368.076467,0.00442725,0.024463,0.000119
2351.165956,0.003594833,0.01247225,0.000149833
2382.419349,0.00456025,0.0222655,0.000127833
2272.882842,0.004928333,0.030817667,0.000103833
2386.210238,0.003563833,0.015009333,0.000116917
2480.977828,0.002655167,0.00287975,0.000117833
2356.849557,0.00326225,0.01054725,0.000141833
2393.103801,0.003730167,0.012343833,0.000137083
2341.924004,0.002905083,0.002115083,0.000128333
2386.751519,0.003181417,0.00668325,0.00012225
2330.062847,0.003574167,0.009151583,0.000127667
2338.487052,0.003552167,0.009786333,0.000122
2328.580097,0.00304625,0.005049083,0.000124667
2355.822004,0.003146833,0.002130917,0.000385
2468.892243,0.0023185,0.000289,0.00010275
2453.828102,0.002300583,0.000975667,0.000112417
2303.409956,0.003745917,0.013792083,9.92E-05
2364.004422,0.002510417,0.004362083,0.00004125
2321.561866,0.0020835,0.001455333,2.18E-05
2177.663924,0.0052165,0.03754525,5.82E-05
2314.064292,0.004186417,0.016184083,0.000203083
2308.243754,0.003975667,0.013189333,0.00013375
2364.936753,0.00327475,0.005522333,0.00021625
2303.318732,0.0033765,0.0086385,0.000113583
2279.515902,0.003861167,0.01138025,0.000132083
2277.041668,0.003587167,0.010757417,0.0001245
2142.176999,0.005257333,0.037969833,0.000131
2212.792169,0.004998583,0.03021675,0.000119333
2218.983809,0.0033445,0.009011,0.00016025
2196.201275,0.00372,0.012937833,0.000110083
2194.395593,0.00341075,0.00972575,0.000142
2153.933328,0.0039845,0.014590833,0.000156417
2160.175408,0.003820583,0.0098295,0.000136083
2144.153588,0.003175583,0.006710833,0.000135917
2139.401605,0.003077833,0.004559167,0.000146417
2129.547272,0.003598333,0.005774167,0.000157333
2158.754206,0.00390325,0.008570917,0.00017625
2185.56691,0.003738833,0.01073425,0.00015925
2163.371324,0.003648083,0.006470417,0.000106167
2125.548736,0.003501167,0.008002667,0.000115833
2126.710593,0.003832083,0.010098833,0.000152083
2105.37852,0.004361583,0.022233833,0.000108
2073.473308,0.003838167,0.015420167,0.000114417
2153.126443,0.003288167,0.009616333,9.68E-05
2121.246311,0.00208475,0.000744917,8.03E-05
2170.360021,0.00216925,0.001031833,0.000121
2082.355747,0.002142083,0.000201,8.99E-05
2121.708183,0.002096,0.000314583,0.00012175
2080.38999,0.003217667,0.01040225,0.000129
1994.172399,0.003349583,0.006040833,0.000192417
2050.659549,0.003321083,0.003511583,0.000122583
1992.431538,0.003422833,0.007749667,0.000118667
1954.578189,0.003420583,0.008230333,0.000160417
1990.412311,0.003619833,0.012202833,0.000120417
1986.652193,0.003688333,0.009827,0.000159333
1957.868666,0.00425775,0.021996417,0.000119
1972.728411,0.003586917,0.010202417,0.000100583
2014.655805,0.003798417,0.0119835,0.0001085
1920.120884,0.003201917,0.004147167,0.000114167
1956.717566,0.003292,0.007649417,0.0000755
1940.905062,0.003742917,0.008025417,9.57E-05
1845.455489,0.002931833,0.00467625,0.000116333
1883.486889,0.002489083,0.001470333,0.000111333
1926.020295,0.003238667,0.007336417,0.000110333
1852.65315,0.00313975,0.006512083,9.82E-05
1875.316434,0.003196,0.005926333,0.000137417
1896.842069,0.00303775,0.004990083,0.000130833
1871.30509,0.004065833,0.01435725,0.000197
1898.810378,0.004182417,0.014044,0.000110583
1846.773053,0.003604417,0.0079835,0.000115833
1838.321505,0.00365575,0.007709917,0.000165083
1805.542548,0.004831667,0.022584667,0.000141167
1776.296133,0.003441917,0.009236083,0.000149667
1783.128137,0.003009917,0.001977667,0.00011775
1809.113871,0.003035,0.001580667,0.000123583
1762.734933,0.003213083,0.006220417,0.000124833
1699.539967,0.00353175,0.00593275,0.00015375
1727.882259,0.0030325,0.005773833,0.0001325
1708.386668,0.002463,0.000228667,0.0001115
1684.166674,0.00323725,0.004941417,0.000144667
1777.851467,0.003232917,0.005029417,0.000158
1690.50263,0.002925583,0.001575833,0.000130667
1678.321333,0.002472083,0.001265,0.000128
1625.223645,0.002840333,0.000897,0.000126083
1653.807475,0.00317925,0.006283,0.000142583
1649.220954,0.003160917,0.004453583,0.000127083
1624.744801,0.002838167,0.003053083,0.000126833
1698.637602,0.002588417,0.001552167,0.000127333
1635.915208,0.002549083,0.000551333,0.00011975
1593.280363,0.001976833,0.00024425,0.000127917
1620.913757,0.002080083,0.000193083,0.000132417
1541.171401,0.00306625,0.002518333,0.000149083
1480.336144,0.002397583,0.000351917,0.000108667
1477.744917,0.002134833,0.00047925,9.78E-05
1468.134935,0.00227325,0.000256833,8.99E-05
1493.292822,0.002365667,0.0033775,0.00012725
1468.636748,0.002789333,0.003740583,0.0001065
1508.361245,0.003198167,0.003248917,0.000132417
1498.196879,0.002081667,0.000418083,7.87E-05
1492.625396,0.001830083,0.000124167,0.000078
1424.34825,0.00189625,0.000124333,0.00010625
1454.858554,0.002106917,0.000977083,8.89E-05
1444.493826,0.002515833,0.001159333,0.000109667
1519.89355,0.003536167,0.011134333,0.000144667
1497.907952,0.003089333,0.004850083,0.000109167
1473.687342,0.002570167,0.000703583,0.0001265
1391.604149,0.002025083,0.00016925,0.000124667
1504.40111,0.002861417,0.002170667,0.000131167
1434.469905,0.003218083,0.004954667,0.000111167
1373.781077,0.00254725,0.001321417,0.0001155
1425.668455,0.003192333,0.004345917,0.0001405
1337.115314,0.003129083,0.004556083,0.000160917
1349.058348,0.002542,0.0022,9.70E-05
1375.048065,0.003050417,0.00482325,8.06E-05
1396.954312,0.002990167,0.0017805,0.000131
1411.349999,0.003217083,0.00514925,0.00014875
1366.008965,0.003170583,0.004811583,0.000120667
1290.820206,0.002628083,0.00024625,0.000125917
1200.135855,0.0024675,0.000267417,9.63E-05
1348.808926,0.003002917,0.001597583,0.000142833
1320.686737,0.003086083,0.005414833,0.000126417
1311.986111,0.002560833,0.000943417,0.00012975
1301.696804,0.002175667,0.000657833,8.73E-05
1276.105341,0.0019425,0.000149917,7.61E-05
1294.698637,0.002123833,0.000193,0.0000715
1380.539053,0.002001667,0.0001405,0.0001035
1388.452479,0.001967917,0.000128167,6.83E-05
1250.774333,0.0019915,0.000135833,0.000091
1429.140271,0.002013667,0.0001605,9.85E-05
1314.997709,0.001958083,0.000122417,0.00006575
1301.465575,0.001964333,0.0001155,5.75E-05
1296.302692,0.002041833,0.000137417,0.00008275
1300.239228,0.002461417,0.002140167,0.0000895
1344.94541,0.0027145,0.001826333,0.000129
1316.139476,0.00316275,0.005147417,0.000103
1352.580213,0.00296275,0.004971583,0.00015875
1260.347325,0.00254175,0.002604083,0.000083
1342.726674,0.002172833,0.000962333,9.78E-05
1257.169485,0.002123167,0.00013475,0.0000725
1282.674227,0.00216575,0.00015625,0.00011
1346.697733,0.002078167,0.000117583,0.00009075
1284.881671,0.002303583,0.000209167,9.10E-05
1296.474674,0.00206725,0.00011175,0.00007075
1328.23374,0.00206025,0.00065425,0.0001045
1320.806608,0.00201825,0.0003695,0.000103
1338.572206,0.001984,0.00013125,0.000115
1384.89683,0.001913083,0.000297583,0.0000745
1334.309316,0.001848667,0.000150583,0.00009275
1329.509874,0.002001167,0.00032275,6.88E-05
1277.919989,0.001943083,0.000126917,0.00009475
1286.931455,0.002099167,0.000158417,0.000094
1284.094776,0.001936,0.000352333,0.00006325
1292.908051,0.001927417,9.05E-05,0.000077
1338.506976,0.002102,0.00050325,0.0000915
1199.093038,0.001904833,0.000211667,0.00009125
1239.521154,0.002011417,0.000120583,0.00007
1303.4322,0.002183083,0.000251417,7.05E-05
1258.477456,0.00204575,0.000195417,0.00010625
1314.609228,0.002014833,0.000112417,0.0001095
1276.866018,0.001888167,0.000142167,0.00008175
1262.987632,0.00202425,0.000116167,0.00009075
1331.614868,0.003142333,0.005980833,0.00011
1291.068312,0.002065333,0.000151,8.48E-05
1349.357578,0.001949,0.000112833,0.000079
1323.096208,0.002326833,0.001053333,0.00011375
1256.943054,0.002133333,0.000128333,0.00009425
1335.194859,0.002124667,0.00011075,0.0000935
1267.69637,0.002751333,0.00162925,0.00011025
1358.146184,0.002457,0.001738,0.000114
1291.490942,0.002253417,0.001913417,7.93E-05
1314.68628,0.00202425,0.00010375,0.0000795
1274.432061,0.001988833,0.000773417,0.00007
1290.61766,0.001876583,0.000127083,0.00006825
1284.657193,0.002080833,0.000108583,0.00009175
1302.541853,0.002100417,0.000116417,0.000072
1244.144473,0.002800417,0.001165583,0.00010075
1264.644591,0.003277833,0.006646833,0.00012775
1306.879234,0.002072167,0.000118,8.05E-05
1263.321461,0.002286417,0.001219833,0.00006325
1263.768179,0.002195167,0.000136417,0.000115
1333.194533,0.002212333,0.00013675,0.0001185
1316.361263,0.002053083,0.000134417,9.70E-05
1310.845435,0.002018333,0.000213833,0.000078
1262.834834,0.002315667,0.000834583,8.33E-05
1245.725293,0.002111917,0.000308417,0.0000855
1262.033783,0.002031667,0.00010925,7.25E-05
1277.548714,0.001861167,0.000105667,0.00009275
1231.894636,0.002193417,0.00013025,7.85E-05
1291.174875,0.002150583,0.000140083,0.00010025
1263.361987,0.0025625,0.001893,0.0001125
1241.895516,0.002529833,0.004329917,0.0000935
1264.335267,0.001990583,0.000706417,0.00007975
1226.261472,0.001976667,0.0002225,0.00008025
1303.490314,0.002146583,0.000870167,7.08E-05
1236.32405,0.001921167,9.72E-05,8.48E-05
1245.387057,0.001834667,0.00013525,0.00009175
1222.276234,0.00205225,0.000193583,0.000067
1199.719326,0.001973917,0.000151333,9.05E-05
1190.547665,0.0019575,0.000113083,0.000085
1195.159502,0.001815833,8.26E-05,0.0000695
1189.462687,0.002056917,0.000113083,7.48E-05
1281.253056,0.002141917,0.00017775,0.00011475
1191.003686,0.001945583,0.000347083,0.00006825
1172.103229,0.002136167,0.00028725,0.00012975
1171.326701,0.001779417,7.78E-05,0.0000835
1264.113953,0.002971417,0.002585583,0.00010075
1226.208052,0.002941917,0.002547833,0.00011925
1215.019856,0.003052667,0.004685667,0.0000975
1218.365132,0.002782333,0.001991667,0.00012525
1190.1945,0.00212175,0.00011225,0.0000875
1192.304988,0.00243775,0.00169275,0.0000965
1164.01935,0.0021595,0.000138333,7.93E-05
1199.578797,0.003152833,0.004188667,0.00011
1234.514926,0.002401583,0.000256083,9.10E-05
1178.3486,0.002391083,0.000180333,0.000103
1205.987079,0.002196667,0.000682167,0.000083
1268.052411,0.002117083,0.00016175,0.0000895
1214.766889,0.00220475,0.00016775,0.00009075
1164.542701,0.002004667,0.000323667,0.00009125
1185.55152,0.002060083,0.000156,0.00009875
1189.650155,0.002361417,0.00015675,0.0001185
1192.835403,0.002669167,0.003760667,0.0001125
1176.909336,0.002488667,0.000472417,9.60E-05
1249.580294,0.002505667,0.002747417,9.60E-05
1220.655437,0.00208275,0.000404417,0.000092
1107.767511,0.002019083,0.000120833,0.00011075
1156.68464,0.002269583,0.000155667,0.00016225
1157.174892,0.002124583,0.001148,0.000089
1206.407187,0.002653583,0.002257583,0.00007875
1124.779995,0.002280167,0.000446917,0.000091
1144.61498,0.002166917,0.000254667,8.93E-05
1122.495012,0.002234917,0.000202083,8.05E-05
1190.601404,0.002229583,0.0011635,0.0001195
1200.9964,0.002220917,0.002842,0.000111
1160.924439,0.002852083,0.003121,0.00011525
1185.69999,0.00240125,0.00078175,0.0000955
1137.658692,0.002428083,0.000779833,0.000112
1149.451181,0.0018465,7.87E-05,0.00006725
1101.358384,0.0021525,0.00061025,0.00008925
1093.042303,0.002144583,0.000104,9.80E-05
1101.278255,0.002092083,0.000490917,8.83E-05
1072.068709,0.002167333,0.0001725,0.00010325
1083.476568,0.001913667,0.000114333,0.00009025
1044.935559,0.002392167,0.00187125,0.00010425
1071.096212,0.002114083,0.0010045,0.0000745
1127.098878,0.001916667,0.000104333,0.000074
1153.040616,0.002008833,0.000116833,8.50E-05
1094.543218,0.002055167,0.000103333,0.0000925
1121.672995,0.0020755,0.000110333,7.65E-05
1044.971879,0.002259,0.00338325,0.000085
1204.388967,0.002105583,0.00013525,0.0001045
1122.987773,0.00209675,9.71E-05,0.00007975
1104.58009,0.002355833,0.000156833,0.0001215
1124.398786,0.002329083,0.0002475,9.50E-05
1126.020657,0.002148333,0.00013175,9.50E-05
1143.831588,0.00226125,0.000154333,0.00010525
1116.521366,0.00238075,0.000566333,0.0001115
1110.103727,0.002579167,0.00018725,0.00010775
1049.712955,0.002986417,0.00426475,0.0000955
1073.613369,0.002833917,0.00049025,0.0001255
1136.430496,0.002761833,0.00116675,0.0001105
1172.976849,0.002329,0.000176083,0.000137
1120.822412,0.002393583,0.000173083,0.000173
1094.41672,0.00224075,0.00017475,0.0001175
1125.645519,0.002644167,0.00124875,0.00015475
1126.535569,0.00271175,0.00028525,0.00017125
1153.174083,0.002475083,0.00110275,0.0001155
1157.096817,0.002158333,0.000148333,0.00009525
1138.196262,0.002189333,0.000217333,0.0000815
1106.501155,0.002464,0.002318,9.35E-05
1192.309008,0.002328583,0.000149333,0.00008625
1129.992212,0.002477917,0.000671083,0.0000865
1016.083411,0.002655333,0.000167,0.00010275
1083.70986,0.00268075,0.002133833,0.0001105
1064.624579,0.00262225,0.002689,0.00014125
1104.228326,0.002937417,0.001513083,0.0001285
1260.760835,0.002550667,0.000395833,0.0001185
1190.935062,0.00247925,0.000226917,0.000107
1168.664462,0.00264375,0.003019917,0.00015825
1227.13662,0.00290275,0.001550583,0.00011025
1209.86151,0.003006917,0.0026545,0.0001385
1218.428849,0.002858333,0.003317167,0.00011325
1218.712891,0.002697667,0.000418833,0.00011425
1215.678169,0.00260375,0.000805583,0.00014775
1211.781574,0.002793167,0.004116083,0.0001295
1252.169579,0.002108833,0.00013425,0.00008625
1211.725982,0.002471583,0.0001585,0.00011225
1198.691366,0.002861167,0.001660417,0.00014
1250.695913,0.002838083,0.001033417,0.00014675
1229.346613,0.00301975,0.002248417,0.00017125
1263.070078,0.00264675,0.002465583,0.00015125
1177.20849,0.002827083,0.0012915,0.000134
1157.333762,0.002726917,0.001607,0.00014825
1186.981759,0.002609917,0.000502583,9.25E-05
1222.85359,0.00271725,0.001003417,0.000091
1264.656676,0.002761,0.000226,0.0001505
1205.713146,0.002603083,0.000175667,0.00026625
1310.620424,0.00241625,0.000221417,0.0001085
1332.020523,0.002923167,0.002334167,6.08E-05
1276.199919,0.002490667,0.000184667,0.00015075
1217.4653,0.0025375,0.000346167,0.00009025
1229.819666,0.002336083,0.00021775,0.00015975
1266.310211,0.002690333,0.0011745,0.00012275
1187.37666,0.00237425,0.00018175,0.0001035
1257.312645,0.002585917,0.0002375,0.0001095
1291.846064,0.002799417,0.001928,0.0001105
1251.826588,0.002485417,0.001008417,0.00009175
1378.486519,0.002782417,0.001802417,0.00012825
1447.98171,0.002770333,0.000277333,0.00024775
1385.240965,0.003015167,0.00284125,0.0001405
1307.045574,0.002266583,0.000349833,0.0001305
1373.088759,0.002746583,0.0014065,0.000104
1313.651976,0.002238417,0.000737167,0.00005675
1337.011539,0.002087167,0.000400917,0.000104
1351.791384,0.00191425,9.83E-05,0.000104
1395.494433,0.002132333,0.0001305,0.00007725
1356.234991,0.002147583,0.000172833,0.000069
1377.19435,0.00287,0.004404667,0.0001405
1343.780314,0.002416917,0.001387833,0.00005475
1462.338607,0.002314333,0.000744667,0.0000775
1376.91901,0.002315333,0.0002145,0.00008525
1421.719827,0.002908667,0.005205333,0.00010725
1455.676135,0.002326,0.000165333,0.0001285
1451.126682,0.002149667,0.000158417,0.0000925
1400.029022,0.00250325,0.0009315,0.0001165
1405.729052,0.00231325,0.000181833,0.000101
1460.236254,0.002638333,0.000224917,0.0001035
1459.844263,0.0024675,0.0003145,0.00011025
1554.886637,0.002957,0.004284833,0.00014275
1464.976972,0.002367833,0.000336667,0.000113
1432.969611,0.002130667,0.00015175,6.63E-05
1408.519451,0.002041667,0.001007833,0.00012125
1450.217116,0.001943083,0.000133,0.00007825
1500.328359,0.00214775,0.001588917,0.00009125
1535.662967,0.0019635,0.000172667,0.00011675
1456.597339,0.00245675,0.000166,0.00010275
1454.102681,0.002497167,0.000231667,0.00013375
1387.032927,0.002402167,0.000692167,0.00013025
1547.31931,0.0024995,0.0006145,0.00014
1483.053798,0.002602,0.001390833,0.0001725
1510.650384,0.002904,0.000436083,0.00033225
1582.767097,0.003024083,0.003449917,0.0001585
1468.971874,0.0027065,0.001486417,0.000137
1566.303631,0.002269333,0.00019225,0.00012175
1527.177719,0.00233625,0.001912167,9.15E-05
1571.431923,0.002371417,0.000428333,0.000094
1484.673287,0.0019945,0.00013825,0.00004825
1619.365227,0.002228,0.000868667,0.000123
1595.280044,0.00257625,0.003127,0.00013875
1560.795359,0.002299667,0.000176583,0.000137
1555.299946,0.002557417,0.000281917,0.00012325
1692.726784,0.002396917,0.0007425,0.000084
1622.240936,0.003433333,0.0079035,0.000184
1580.36618,0.002627083,0.001396333,0.0001175
1628.941252,0.002017667,0.00018425,0.00012225
1647.789456,0.002125917,0.0002405,0.00013025
1649.098097,0.0020765,0.000166917,0.000114
1606.834041,0.001871167,0.000133,7.48E-05
1615.006645,0.0019695,0.000146667,0.00012125
1565.115499,0.002314417,0.000468167,9.63E-05
1537.944369,0.00257125,0.001068,0.00014975
1523.26139,0.002075,0.0001715,0.000075
1548.562789,0.001901917,0.000180083,0.000088
1588.34447,0.0021435,0.000203583,0.000104
1537.532371,0.002449417,0.000303583,0.000109
1778.011301,0.002527333,0.001631917,0.00011225
1681.66619,0.002273167,0.00025275,0.00011475
1788.241104,0.001959667,0.000190833,0.00011375
1646.027181,0.001865,0.0001305,0.00010225
1579.761504,0.002036333,0.000143083,8.15E-05
1666.091874,0.002102417,0.000157917,0.0001185
1617.595478,0.002029417,0.000154667,0.0000935
1590.864127,0.001961417,0.000216917,6.58E-05
1644.502889,0.002077417,0.000172083,8.73E-05
1665.422378,0.002372167,0.0005905,0.00012425
1700.174434,0.002867,0.002951167,0.000127
1669.911012,0.002657167,0.00053375,0.0001735
1692.910322,0.002970583,0.000358333,0.0001645
1658.857504,0.003118833,0.002225417,0.000211
1732.391396,0.002283833,0.000160583,0.000111
1671.405762,0.002347583,0.000196833,0.0001095
1657.498048,0.00209,0.000184583,0.00010825
1698.764754,0.00180875,0.000155667,7.80E-05
1707.986255,0.001960667,0.000171167,0.00010025
1742.195098,0.002175583,0.000171167,0.00010875
1732.627895,0.002484833,0.000237333,0.0001285
1704.466799,0.002820583,0.001609083,0.00018525
1803.237433,0.002708333,0.002827917,0.0001695
1824.509003,0.002507583,0.00160925,0.00013275
1715.707868,0.002330083,0.000217833,0.00012875
1733.392797,0.002289583,0.000467667,0.00011875
1696.304141,0.002690667,0.000319,0.00013175
1727.513783,0.0026385,0.002374917,0.00012875
1690.183826,0.002252417,0.000162667,0.00009
1735.271252,0.0019105,0.000198583,0.0001155
1743.919757,0.002576083,0.000592583,0.0001225
1743.956523,0.002857667,0.001598833,0.0001135
1798.917577,0.002660833,0.001170917,0.0001495
1758.104688,0.002733833,0.003031,0.00013375
1761.443683,0.002727167,0.000328667,0.000142
1817.320429,0.002687167,0.00026175,0.0001105
1731.326751,0.00270675,0.001428333,0.0001215
1727.885721,0.00285425,0.000506083,0.00013775
1705.31627,0.002357083,0.000175583,0.000132
1732.958131,0.00258975,0.000873667,0.0001225
1753.151598,0.002705667,0.001202833,0.00016275
1757.65125,0.002218833,0.000485167,0.00012525
1758.872317,0.001968,0.000184083,0.00011
1754.086266,0.002378,0.000691833,0.000151833
1841.295887,0.002432667,0.001265167,0.0001635
1806.368001,0.002644917,0.00035925,0.000107583
1834.941036,0.00288175,0.001309417,0.000133917
1805.646689,0.002788167,0.001199667,0.000149
1788.319502,0.002517083,0.000962417,0.000129333
1759.498841,0.0029455,0.001554083,0.0002415
1771.099953,0.002507,0.000931917,0.000196333
1874.878954,0.002488083,0.000584417,0.000092
1856.975539,0.00255825,0.001270583,0.000111417
1886.12839,0.00271475,0.001244583,0.000129417
1802.557054,0.002401333,0.000346333,9.97E-05
1821.373628,0.002546167,0.001123083,0.00020075
1865.930377,0.003214917,0.005089667,0.000180333
1829.625193,0.002965,0.001947167,0.00013425
1737.184317,0.0021045,0.000179167,0.000121667
1688.618318,0.002107917,0.00019075,0.000157667
1651.345043,0.002463667,0.000597917,0.000146667
1768.05177,0.002655583,0.001249417,0.000141333
1771.131564,0.002740917,0.004764667,0.000119417
1662.771901,0.002352917,0.000181333,0.000121833
1645.921595,0.00246175,0.001517417,0.000121417
1699.771916,0.002264833,0.000221333,0.000185083
1621.667126,0.002461333,0.000834667,0.000134583
1659.363646,0.002826,0.001116167,0.00018375
1676.137427,0.002848667,0.002328333,0.000172167
1702.65297,0.002887833,0.00173825,0.000143917
1680.424326,0.00268575,0.003221917,0.000116
1659.774797,0.0025625,0.000277667,0.000129333
1675.373484,0.002830083,0.002975833,0.000166167
1747.229065,0.00270525,0.0007375,0.000126917
1730.380111,0.00249275,0.000593667,0.000132083
1764.950165,0.002834,0.000807417,0.000161333
1751.260372,0.00258725,0.000269833,0.000125917
1725.121448,0.002578833,0.000260833,0.000146333
1769.749247,0.002630583,0.000260667,0.00010275
1806.883245,0.002762333,0.001002333,0.000119667
1767.989165,0.002695583,0.000671583,0.00014825
1693.405626,0.002897583,0.00064625,0.000179667
1764.305891,0.002872,0.001453833,0.0001715
1727.126157,0.002590333,0.0002515,0.000160667
1704.066713,0.002532,0.0007205,0.000119083
1735.802776,0.002568417,0.001168333,0.000145917
1764.788336,0.0027165,0.000485167,0.000124083
1736.429293,0.002711833,0.000583583,0.00012425
1796.561281,0.002543917,0.000316583,0.000165083
1833.371999,0.002569417,0.001433,0.00014525
1933.548839,0.002666583,0.001622167,0.000108917
1887.808895,0.002419583,0.000986583,0.000102333
1747.879544,0.002286,0.002146333,0.000113
1782.66016,0.002120917,0.0002995,8.19E-05
1765.384612,0.00215325,0.000310583,0.000125833
1794.497107,0.0028985,0.003411417,0.000106083
1789.347376,0.00224775,0.00185925,0.00016275
1835.378432,0.00271825,0.000839083,0.000151167
1876.349401,0.002864417,0.001825083,0.000100167
1858.959989,0.002928667,0.0035,0.000142167
1832.718176,0.002843417,0.000773583,0.000161333
1779.676921,0.003489167,0.0110925,0.000125333
1864.704236,0.003045667,0.001666833,0.0001605
1852.907798,0.0029155,0.0029275,0.000178417
1871.524897,0.002868917,0.000472667,0.000168083
1833.123278,0.002822333,0.000827333,0.000155
1808.19186,0.0023435,0.000319583,0.000134083
1856.674082,0.002338917,0.00021375,0.0001165
1833.294382,0.00222875,0.000234167,9.41E-05
1914.597735,0.002054333,0.000319083,0.000136583
1869.356799,0.002708,0.00153475,0.000145083
1854.562803,0.002803833,0.001463417,0.000141167
1936.4062,0.0026595,0.00133125,0.000183083
1956.460107,0.00293125,0.000821083,0.0001705
1877.640708,0.002819583,0.000841,0.000221583
1844.451529,0.002755167,0.00092725,0.000128667
1836.084923,0.002706333,0.002225417,0.000123083
1925.933009,0.003113583,0.002510083,0.00016575
1902.789286,0.003052333,0.00300175,0.000156167
1870.124575,0.002686667,0.00217075,0.000170833
1959.379895,0.002853917,0.00455375,0.000122917
1933.010261,0.003026417,0.003791917,0.000114
1948.249665,0.003271,0.004730083,0.000145583
1923.462537,0.002596083,0.002322333,0.000144
1898.626056,0.002491667,0.001242583,0.00014825
2030.007274,0.002883417,0.002197833,0.000148833
2058.87006,0.002217917,0.000189583,0.000131667
2038.967254,0.002157,0.00022475,9.97E-05
2038.081479,0.00206375,0.000558167,0.000118
2010.106479,0.003229667,0.004386,0.000150583
2053.803164,0.002608583,0.000811667,0.000121583
2104.11025,0.002719667,0.001645,0.000104833
2045.658304,0.002115167,0.000226083,9.66E-05
2058.661443,0.002125,0.000185333,0.00010825
2132.010925,0.002314833,0.00079875,0.00013975
2138.250808,0.0023535,0.00164625,0.00013475
2140.154778,0.002697167,0.00134975,0.00015325
2108.631789,0.002395583,0.00168925,0.000126917
2158.254397,0.002485833,0.001202833,0.0001485
2186.29308,0.002343583,0.001051167,0.00013925
2168.095775,0.00211475,0.0002905,0.000165583
2147.175633,0.002278917,0.00231575,0.000120083
2346.589667,0.002426667,0.002117,0.000130917
2285.943361,0.0021495,0.00121325,9.99E-05
2269.699054,0.0025485,0.002474583,0.000124333
2160.694012,0.00313175,0.00295725,0.00018825
2203.984398,0.002809167,0.002398083,0.000114083
2227.824282,0.002285417,0.003534417,0.000115167
2113.697388,0.002044417,0.00020675,0.000110667
2166.112029,0.002400333,0.000317917,0.00011825
2237.327035,0.002185917,0.001204667,0.000120667
2227.787617,0.001993667,0.00051625,0.000140833
2261.522394,0.002225667,0.002659833,0.000114333
2212.995199,0.0027565,0.002367917,0.000126167
2114.979071,0.002081083,0.000290167,0.000108667
2195.40862,0.002963583,0.003632083,0.000161083
2174.557315,0.003413917,0.007662333,0.000171917
2176.469414,0.00306625,0.00190075,0.0001865
2238.737082,0.00269475,0.001659833,0.000135083
2247.049185,0.003546833,0.006655167,0.000197
2266.551418,0.00316625,0.001754417,0.0001735
2250.003932,0.003563583,0.00839375,0.00019325
2183.436472,0.002558333,0.001542167,0.0001385
2233.787349,0.003002,0.00591125,0.000141083
2241.876809,0.00320225,0.005598833,0.000145083
2264.731285,0.003164583,0.004341417,0.000197833
2403.546381,0.002034333,0.000585833,0.00009675
2375.326624,0.003221167,0.009466167,0.000176083
2269.590188,0.00346375,0.007680167,0.000177833
2464.917001,0.003481333,0.005117083,0.0002005
2353.07664,0.0035825,0.008706583,0.000153833
2353.598966,0.003341583,0.006104167,0.0001545
2247.170135,0.003419583,0.007629167,0.000155083
2255.059297,0.003311833,0.00439775,0.0001935
2249.0039,0.003666667,0.015053167,0.000182167
2236.071345,0.003351667,0.007202917,0.000132167
2162.246145,0.0037795,0.01011875,0.00017575
2256.075207,0.003699167,0.008149,0.000175417
2277.526488,0.003012,0.003175333,0.00016475
2203.330401,0.003553167,0.00841975,0.000185917
2239.586258,0.003146833,0.005453667,0.000172083
2248.93564,0.004164583,0.023478,0.000187833
2319.835345,0.003919333,0.016053833,0.000190917
2291.985228,0.004140833,0.020159083,0.000194667
2289.811467,0.00381975,0.013275333,0.000115417
2213.678857,0.003916083,0.016753833,0.000137
2280.244741,0.003867667,0.022238,0.0001475
2278.475298,0.00351125,0.007188833,0.00012225
2262.152478,0.003176,0.0085065,0.000112333
2293.360493,0.003206917,0.006043,0.000159167
2378.103455,0.002473417,0.001271083,0.000137583
2330.998939,0.002278333,0.001033833,0.000137833
2365.060754,0.002144833,0.000266667,0.000153167
2264.30682,0.002231083,0.000865667,0.000171417
2299.513617,0.003501,0.012531,0.000145583
2040.545457,0.002118333,0.000271083,0.000129833
2366.381741,0.002342917,0.001720833,9.53E-05
2239.091409,0.00380475,0.013141,0.000145917
2243.904461,0.0039995,0.012380583,0.000165583
2194.140895,0.00382425,0.01392475,0.00015875
2302.964117,0.0040635,0.013570667,0.000161917
2277.144654,0.003809167,0.009773333,0.000155333
2293.578045,0.004454583,0.023621583,0.000175167
2267.610532,0.003395667,0.00743825,0.000106583
2297.577176,0.003180583,0.00376975,0.000199417
2375.215719,0.002221,0.0004715,0.000160583
2307.373706,0.002879833,0.004535083,0.0002285
2248.096433,0.003305,0.00829425,0.000108667
2232.458409,0.003907917,0.010212,0.000145167
2152.250078,0.003508167,0.00680275,0.000260917
2244.696413,0.003548417,0.009129083,0.0002225
2390.698028,0.002104333,0.000234583,0.000145417
2336.153529,0.00226375,0.001563833,7.82E-05
2297.960117,0.00361125,0.0185225,0.0001305
2226.067432,0.004421583,0.02461,0.000121417
2295.648715,0.003535417,0.010914333,0.000130167
2265.797207,0.00358225,0.014336917,0.000127333
2182.226888,0.003795667,0.0165485,0.000102
2179.880929,0.004667833,0.027856833,0.000115333
2288.029235,0.004000917,0.0137265,0.000134083
2402.529149,0.00382975,0.012717583,0.000157083
2325.880228,0.003982083,0.018965167,0.00010875
2351.549169,0.00361225,0.008006,0.000197167
2326.0588,0.003803667,0.010315167,0.000155667
2287.864635,0.003716,0.01237075,0.000116417
2244.474156,0.00407475,0.015333083,0.000159583
2306.279377,0.00384625,0.01206325,0.000137917
2122.65698,0.005733083,0.044645,0.000101
2266.606132,0.005784083,0.049799833,9.68E-05
2247.047619,0.004271833,0.02103925,0.000115667
2353.198318,0.003348833,0.014079333,0.00010225
2281.930977,0.003667167,0.014740833,0.00013175
2173.197581,0.003828083,0.012036917,0.000144917
2194.540711,0.004625,0.025635,0.000146
2216.642816,0.004458833,0.024139417,0.000129667
2145.845535,0.004723167,0.02605825,0.00012125
2240.505549,0.002892,0.005559,9.56E-05
2266.691255,0.003617,0.008775583,0.00012425
2221.148768,0.003131833,0.0034045,0.000161667
2229.494311,0.004063083,0.016628333,0.000122167
2223.868586,0.004160167,0.021285167,0.000153333
2218.409716,0.003993417,0.016952417,0.000135167
2199.165197,0.004351917,0.019784083,0.00015925
2279.575496,0.0042045,0.024143083,0.0001495
2289.114113,0.00341925,0.010824167,0.0001385
2248.064246,0.004314417,0.021723833,0.000122917
2156.672632,0.004681333,0.024639667,0.000117417
2223.367252,0.00406125,0.014568583,0.000127917
2292.765685,0.00430725,0.019832667,0.00014175
2186.177443,0.005141,0.037389833,0.000144833
2227.922282,0.005117417,0.0340225,0.00015825
2261.771966,0.005088417,0.035989333,0.000172167
2277.501287,0.00440675,0.021857,0.000145083
2224.570471,0.004726333,0.031077333,0.00012325
2215.673302,0.005144083,0.038454917,0.000122
2158.333125,0.004666417,0.029152,0.00010425
2211.769474,0.00417125,0.017890417,0.000142833
2281.199013,0.0038395,0.010446583,0.000176083
2309.52391,0.004038167,0.0152295,0.0001455
2243.73568,0.0046445,0.024424583,0.000131417
2265.666939,0.003547,0.010212417,0.000112583
2588.157214,0.0023125,0.001779,0.000121583
2420.249443,0.0026985,0.00451625,0.000114917
2277.434659,0.002994333,0.008348417,0.000121083
2376.584626,0.002101417,0.00070275,0.000133083
2299.836336,0.003237833,0.00609975,0.000129667
2395.711018,0.002240667,0.001538833,0.000118583
2313.581428,0.0031245,0.006557,0.000134833
2258.037759,0.00288275,0.004432083,0.000104833
2179.595486,0.004916667,0.032181167,0.000105833
2290.483349,0.003537333,0.006229833,0.000130917
2240.911682,0.00283575,0.00459575,0.000124
2229.783164,0.003992167,0.01567725,0.0001695
2233.389011,0.0030585,0.007033583,0.000125083
2153.882981,0.004903083,0.025478167,0.000139333
2246.293692,0.004220167,0.018668417,0.000153917
2120.420494,0.004769667,0.026039917,0.000129
2218.230316,0.004915167,0.028846417,0.00013275
2213.570031,0.004651667,0.02575,0.000120167
2270.889306,0.0028905,0.004318833,0.000128667
2299.175334,0.004044417,0.019460833,0.000106667
2208.157376,0.003673833,0.011507917,0.000144083
2204.932888,0.0040835,0.011884583,0.00017125
2191.477421,0.004990583,0.029288917,0.000186083
2263.327305,0.00424725,0.017054333,0.000123583
2351.361781,0.003385667,0.009571083,0.00014525
2310.20912,0.00245075,0.001660083,0.000116667
2316.740215,0.002330333,0.000549833,0.000119917
2356.047116,0.002275167,0.000923167,0.000158917
2400.186295,0.002239083,0.001111417,0.000135
2327.496146,0.0021025,0.000407917,8.50E-05
2372.946312,0.00228,0.000821583,0.000160667
2378.247191,0.0021255,0.00031375,0.000134
2315.009767,0.00360475,0.01523,0.0001115
2256.672903,0.002274083,0.000998833,0.00012325
2188.916576,0.00209875,0.000211083,0.000116333
2303.362682,0.00270975,0.0056175,0.000129
2290.416681,0.004513167,0.021579583,0.000161833
2239.758986,0.003676,0.01147,0.000137
2257.590861,0.00219275,0.000227833,0.000109333
2215.986491,0.003152167,0.009382583,0.000108667
2255.47224,0.003884167,0.014059583,0.000167167
2254.178239,0.003683167,0.014196,0.00014375
2191.332173,0.004187083,0.020824667,0.000123917
2203.924967,0.003557083,0.017139083,0.00016925
2417.746067,0.002884667,0.006828167,0.000146583
2076.387857,0.00526925,0.039561167,0.0001315
2252.329901,0.00415575,0.02039925,0.000128167
2310.207927,0.00398825,0.015471667,0.000150833
2267.275056,0.00401325,0.015185417,0.000130167
2226.594687,0.004119667,0.011722917,0.000218417
2160.811795,0.00518975,0.03761475,0.0001575
2363.4255,0.002164083,0.001068083,0.000117333
2236.46839,0.002507417,0.00175125,0.00015375
2237.894548,0.003777667,0.01205425,0.00017625
2295.716979,0.003736,0.00890125,0.00018625
2285.583052,0.003762333,0.01073325,0.00013775
2253.529687,0.004130667,0.016953333,0.0001295
2236.307881,0.004044833,0.017271083,0.0001475
2324.602831,0.004299333,0.023002167,0.00012775
2374.537744,0.004155,0.0192265,0.000140333
2247.526486,0.005072583,0.032575583,0.000132917
2331.048279,0.005314917,0.044620167,0.000167417
2218.688046,0.005222417,0.039249417,0.000138083
2144.807501,0.005249417,0.036372417,0.000116833
2191.320501,0.005343083,0.0360585,0.000120417
2174.617611,0.005634,0.04817025,0.000114
2121.597243,0.0053145,0.039311833,0.000119583
2220.853093,0.004465333,0.02826425,0.000141917
2239.849,0.004497833,0.022335917,0.000119167
2231.783214,0.0036675,0.009350083,0.000111417
2161.16238,0.005841083,0.049207917,0.0001245
2257.094325,0.003759583,0.012549167,0.000143333
2364.453885,0.004041667,0.0183965,0.0001625
2262.498794,0.003655417,0.012121667,0.000154083
2270.183746,0.00438625,0.018530917,0.000140417
2315.118831,0.004236583,0.018516417,0.000158917
2306.638205,0.004225667,0.013834583,0.000162083
2193.505712,0.004656917,0.0256905,0.00014075
2234.798182,0.004711,0.029809417,0.000135667
2207.159278,0.00488975,0.034642,0.000118917
2219.722367,0.004972583,0.03139475,0.00011025
2147.761545,0.006020167,0.05367525,0.00011425
2231.542556,0.005635417,0.047473667,0.000149583
2238.933178,0.004656,0.028433833,0.000114167
2354.410716,0.003830667,0.011366333,0.00013525
2293.039164,0.00310625,0.0069865,0.000137667
2227.444518,0.003354333,0.01231525,0.000143417
2194.355862,0.003589917,0.01332775,0.000104
2307.780035,0.00310625,0.005142167,0.00014025
2297.220546,0.003694,0.0128865,0.000145417
2316.275829,0.003682083,0.00892625,0.00014275
2238.156449,0.005279667,0.045770833,0.000111917
2094.530668,0.0052835,0.038308083,0.000110417
2434.393446,0.004582,0.02199225,0.000157667
2410.716566,0.003038083,0.005037083,0.00011475
2331.84963,0.003544417,0.009365167,0.00014625
2473.962463,0.003073417,0.009541667,0.000145417
2417.93901,0.002274833,0.000928083,0.000122167
2477.048861,0.0022055,0.000924167,0.000137417
2539.045161,0.002208167,0.001242167,9.78E-05
2434.410614,0.003856667,0.020353917,0.0001015
2349.015345,0.0048535,0.030691917,0.000149417
2333.90671,0.004398583,0.02446975,0.000113
2355.397501,0.00380625,0.013003917,0.000137667
2340.218145,0.00382425,0.015221,0.000114583
2451.140181,0.003523583,0.014780083,0.0001105
2285.940993,0.005163,0.033538333,0.000114
2445.20637,0.00225375,0.000800083,0.0000975
2403.642469,0.0033055,0.011194,0.00014475
2184.615892,0.004751417,0.027684667,0.000115917
2345.235669,0.003141917,0.009471917,0.000114417
2293.236675,0.003935417,0.01737925,0.000127167
2386.037831,0.002910667,0.004397917,0.000144417
2305.229726,0.002180667,0.00137675,0.000127833
2308.348267,0.002848917,0.008688333,0.0001105
2306.352379,0.002223083,0.00133225,0.00009575
2240.47051,0.003315917,0.013707667,0.000131333
2105.945301,0.004854,0.027197417,0.000158333
2210.716849,0.0041725,0.017302083,0.00016175
2208.734872,0.004123583,0.016286167,0.000112833
2217.126174,0.00376975,0.010877833,0.000145833
2247.349245,0.004093417,0.018256083,0.00015
2237.788158,0.0038775,0.0124995,0.000114083
2221.344374,0.004160167,0.017902667,0.000169
2175.768543,0.00411975,0.017254917,0.000207667
2194.088007,0.00362575,0.01247275,0.00013925
2115.071225,0.003804167,0.01763875,0.000151167
2160.847539,0.003564,0.013362833,0.000107167
2141.036119,0.003990583,0.015055583,0.00012
2055.201897,0.003326333,0.0088475,0.00013
2157.29087,0.003742167,0.01359425,0.000111917
2259.009051,0.00307925,0.005849167,0.000202167
2225.998689,0.00258975,0.001916833,0.000112583
2203.296101,0.002331667,0.000589333,0.00012775
2136.126067,0.002661917,0.0039125,0.000119917
2112.988301,0.003515917,0.01006625,0.000163667
2054.690146,0.004122,0.017509833,0.000132
2091.988956,0.003248667,0.013091583,0.000105833
2033.593272,0.004219333,0.017784667,0.000120583
1970.587944,0.004872167,0.029314083,0.000114083
1987.944069,0.004406583,0.0171405,0.000113583
2009.843317,0.00394725,0.013344083,0.00012775
2082.19796,0.002554667,0.00523125,0.0001645
1898.384303,0.003402667,0.009222583,0.000134083
1985.263452,0.003585417,0.008297083,0.000141583
2028.192428,0.00385775,0.011646417,0.000137083
2016.102945,0.00304625,0.0051535,0.000122417
1941.91851,0.002926417,0.004133,9.78E-05
1963.608523,0.003110917,0.004586417,0.000132167
1983.562853,0.003429333,0.007215417,0.000127167
2011.480029,0.002799917,0.001665,0.000131833
2028.983052,0.003515917,0.007261667,0.000118667
1909.352431,0.003139167,0.003831917,0.000103333
1921.051082,0.003242417,0.005121,0.0001205
1910.577083,0.002930917,0.003083917,0.00011
1845.16032,0.003149417,0.003903833,0.000123083
1884.217666,0.002826167,0.0040435,0.0001375
1883.025545,0.003083083,0.00572775,0.000134333
1808.753226,0.002053083,0.000198083,9.24E-05
1814.853757,0.004314333,0.017305667,0.000192417
1851.348398,0.003484417,0.00590475,0.000103917
1838.421534,0.003837417,0.014962,0.000125167
1825.733985,0.003176,0.007118,0.00011375
1786.478188,0.0029345,0.001215917,0.000134583
1824.395476,0.003159917,0.00305375,0.000175667
1810.514287,0.0029825,0.002354083,0.000154167
1777.258897,0.003691333,0.0126345,0.000174417
1775.384771,0.003741667,0.006754917,0.00015075
1736.790617,0.003868083,0.011518333,0.000125
1709.961917,0.002930833,0.002551667,0.000108167
1758.931243,0.00315125,0.003923,0.000106917
1713.599107,0.00297375,0.004861583,0.000117583
1767.968285,0.002671917,0.001735667,0.000106083
1695.156259,0.002647833,0.0022555,0.000126917
1686.059804,0.003046333,0.00519125,0.000142833
1673.636016,0.0029235,0.003005,0.0001085
1629.047857,0.002288583,0.000614583,0.000106667
1710.562855,0.002278167,0.000172917,0.0001055
1663.85966,0.00319475,0.00719925,0.00009475
1646.994337,0.003040333,0.004393333,0.00011
1660.917482,0.003256333,0.00482475,0.000118833
1648.734816,0.0030655,0.00412375,0.000108333
1561.980366,0.0026985,0.002058167,0.000109917
1525.38159,0.002718333,0.00262525,0.000116917
1531.911185,0.00274425,0.002474333,0.000138917
1578.758064,0.00273625,0.00176475,9.34E-05
1489.085453,0.0029295,0.003860417,0.000110583
1467.742222,0.002599083,0.002530833,0.000125667
1504.050077,0.003087667,0.003961667,0.00011925
1427.355301,0.0032175,0.003994,0.000150333
1567.567124,0.00279725,0.002324583,0.000103083
1503.260972,0.00293,0.003149333,0.000117417
1431.949256,0.00301575,0.00256925,0.000134417
1481.123993,0.00312225,0.00113775,0.000150167
1541.931407,0.00312525,0.002794917,0.000186083
1457.037533,0.0033815,0.009327417,0.000115917
1459.75197,0.002258167,0.0001305,9.72E-05
1349.022969,0.003200833,0.007429083,0.000105583
1402.256778,0.003290833,0.007295583,0.000117667
1423.565008,0.003302583,0.006803583,0.00014425
1426.113093,0.002243167,0.000430833,0.00010525
1365.844858,0.002234333,0.000343083,9.94E-05
1370.316604,0.002239833,0.000453333,0.000102167
1366.811115,0.001993583,0.000184667,0.000101917
1447.595037,0.002264917,0.0006165,9.12E-05
1389.818497,0.0026405,0.00131975,9.52E-05
1367.008838,0.002500167,0.000864167,0.000110667
1431.392239,0.002647333,0.000383,0.00017125
1461.409979,0.002068167,0.000336167,0.00013
1419.044569,0.00226,0.000245333,0.000102
1391.831563,0.002283583,0.001929833,0.000087
1324.548104,0.002976417,0.004334833,4.91E-05
1312.842537,0.002838833,0.00217275,0.000121417
1281.846452,0.002789083,0.00197325,8.22E-05
1329.568666,0.002965167,0.00564775,5.68E-05
1258.331194,0.003372667,0.009734,8.02E-05
1252.332472,0.00278575,0.004023417,7.52E-05
1286.492557,0.003728417,0.007454917,0.0001845
1318.427126,0.003750833,0.010332083,8.23E-05
1293.114272,0.003448167,0.010157,0.000103417
1322.571716,0.003261,0.005846917,0.000163083
1329.175509,0.002651417,0.001716833,0.000136583
1360.021569,0.003119167,0.004870333,0.0000725
1348.806261,0.003225417,0.005048333,0.000118917
1366.295752,0.003301333,0.005438917,0.000118417
1324.872733,0.002808583,0.0030975,0.000107917
1281.693453,0.002487333,0.00276075,0.00012975
1404.42825,0.002740667,0.002929917,0.0001005
1400.180411,0.002822,0.003,8.66E-05
1397.423513,0.002625667,0.000869833,0.000112833
1340.988018,0.003266583,0.006567167,9.99E-05
1402.069242,0.002839083,0.002837417,0.000112583
1343.247636,0.00355425,0.006285833,0.000107667
1389.849881,0.00303325,0.00463225,0.000143
1376.978288,0.003115833,0.003951667,0.00013325
1314.594029,0.00305825,0.003700417,0.000154167
1349.312943,0.002765833,0.00171825,0.000121917
1354.174172,0.00279325,0.002699833,9.98E-05
1313.765451,0.00278925,0.000852667,0.000162417
1359.765126,0.002970917,0.0045315,0.00012625
1310.241237,0.00311525,0.00508825,0.000116917
1323.293703,0.0028755,0.002193083,0.000138333
1319.334019,0.003438417,0.00724075,0.000147
1361.057507,0.002433583,0.001495333,0.000101
1362.014083,0.002296667,0.001654583,0.000101167
1322.808535,0.00245525,0.000896833,9.36E-05
1300.158296,0.002194167,0.000188333,0.00008
1306.2876,0.002683917,0.00057575,0.00010925
1277.206261,0.002187,0.001439583,9.92E-05
1293.584849,0.002318167,0.001092417,0.0001135
1354.631144,0.002935417,0.005299917,9.58E-05
1329.770918,0.002512583,0.00143,0.000103917
1247.802965,0.002991917,0.005000083,9.25E-05
1266.241623,0.002216,0.000313667,0.0001325
1307.547821,0.002114333,0.000182833,0.000113833
1356.162181,0.002239917,0.000180083,0.000113583
1292.47508,0.00210525,0.000152417,0.000111917
1296.156022,0.0029795,0.0037305,8.79E-05
1377.588203,0.002638,0.003542667,0.000112833
1319.144743,0.002387083,0.00067525,9.70E-05
1316.433496,0.0023475,0.000262333,0.0001025
1278.465268,0.002641333,0.006001333,0.000122583
1256.788783,0.002208667,0.001553083,0.000100583
1372.021726,0.00217025,0.00041925,0.0000895
1321.797935,0.00327925,0.005725667,0.000113833
1383.217475,0.002875417,0.001457333,0.000129833
1275.052302,0.002961083,0.00256025,0.00013575
1289.018684,0.002522167,0.0006175,0.000118917
1303.41615,0.002884583,0.001931167,0.000107833
1247.005453,0.002694917,0.000613583,0.00016725
1323.00512,0.003176667,0.002635583,0.000158583
1291.387031,0.003138917,0.002676833,0.000133833
1284.730657,0.003223167,0.004068167,0.000125667
1219.856125,0.002949583,0.002481,0.000119
1257.572013,0.002941583,0.001031833,0.0001225
1287.494883,0.002947417,0.00186375,0.000118417
1249.917011,0.003056917,0.004611917,0.000127167
1345.232237,0.002900083,0.00569675,0.000163917
1305.125955,0.003075,0.003139583,0.000123083
1254.464009,0.003111417,0.006866167,0.00011925
1228.014853,0.00287275,0.002413333,0.00013225
1300.916526,0.002633083,0.00150825,0.000118417
1212.794728,0.003114417,0.002390417,0.000126917
1246.910794,0.002957167,0.002306417,0.000148583
1196.007968,0.003248083,0.003455583,0.000127333
1257.445195,0.002972833,0.002184,0.00010275
1244.541934,0.002793583,0.000638667,0.00011875
1237.085081,0.00303125,0.003745583,8.88E-05
1280.050228,0.002980083,0.000637083,0.00013775
1205.147541,0.003064583,0.004265,0.000133667
1220.702535,0.003404,0.0066895,0.000113167
1200.117667,0.003438833,0.00672625,0.000113833
1175.104201,0.002810833,0.0048315,0.000103667
1164.767532,0.00294475,0.004865,0.000113917
1149.29686,0.00279825,0.00145325,9.44E-05
1179.475049,0.00302625,0.004076917,0.000102167
1204.402991,0.003002833,0.002959,0.000123083
1229.257601,0.002918917,0.001450667,0.000115833
1196.899748,0.003880083,0.009238083,0.000115417
1190.967579,0.002589917,0.002232083,0.000097
1194.349778,0.00279825,0.001847167,0.000121
1232.007815,0.00315075,0.008608333,0.000116333
1170.305018,0.001937583,9.05E-05,7.52E-05
1182.503747,0.001961,0.000156083,9.18E-05
1144.279612,0.002930083,0.002972333,0.00014025
1189.765034,0.003192667,0.00397075,0.00012425
1226.714638,0.002969583,0.001070333,0.00011625
1229.969878,0.002734333,0.002461,0.000111583
1229.49353,0.002603083,0.003601667,0.0001345
1156.604287,0.002670833,0.0028535,0.000110167
1245.415978,0.00281475,0.003154167,0.000114917
1205.665948,0.002267667,0.000145,0.000133833
1207.601196,0.002403417,0.000141,0.000129833
1179.578545,0.002473333,0.002770083,0.000118917
1182.444772,0.002519833,0.000472083,0.000142583
1221.894813,0.002423333,0.000562917,0.000152917
1088.762633,0.002468333,0.001696333,0.000133167
1110.241185,0.002172583,0.00010225,9.88E-05
1168.956401,0.001883167,0.000123167,0.00008175
1188.244202,0.002156,0.001744083,0.000102
1148.063996,0.00222825,0.000614833,0.000078
1193.709612,0.002416667,0.00091875,0.000105
1187.811838,0.002275167,0.001332167,0.000088
1229.549419,0.002187333,0.000406167,0.00010175
1163.884985,0.002567083,0.002162083,8.78E-05
1168.394253,0.00210375,0.000149333,0.00009575
1229.009557,0.0026025,0.002087917,0.00010925
1163.94573,0.002567833,0.001502833,0.000102
1175.475616,0.002102917,0.00014625,8.15E-05
1213.748483,0.002296583,0.001360583,0.00010575
1128.831938,0.002615583,0.000472,7.83E-05
1187.898191,0.00306225,0.004050917,0.0000935
1107.227767,0.0023895,0.00013825,0.00011325
1126.655935,0.002268083,0.000123917,0.00007825
1113.412678,0.003241417,0.00586575,0.00013225
1067.82969,0.00375025,0.008559667,0.000115
1175.046972,0.003394917,0.00705725,0.00015625
1094.863026,0.002666583,0.000425583,0.000097
1082.500964,0.0027015,0.00175775,0.00011575
1148.844781,0.002849083,0.00078775,0.000141
1097.503147,0.002813083,0.0013045,0.000128
1150.549893,0.002676,0.001159,0.0001075
1154.66933,0.002929583,0.003767333,0.00013925
1062.028952,0.002493917,0.000301417,0.00011525
1198.3668,0.00282325,0.005062417,9.93E-05
1077.296071,0.002682833,0.000242917,0.0001255
1139.812123,0.00266125,0.001951,0.00012475
1168.721536,0.00289425,0.0027,0.0000825
1071.857199,0.002848417,0.00378575,0.00011525
1087.753949,0.002702,0.001752,0.0001195
1134.478028,0.003097167,0.003934583,0.000125
1095.493438,0.002638833,0.000138667,0.00011425
1064.114079,0.002523583,0.000153833,9.83E-05
1110.192727,0.002739833,0.002405833,0.00011525
1081.356768,0.002648083,0.001259,0.000105
1055.455436,0.002674667,0.00160575,0.00012325
1135.641832,0.002496333,0.000165583,0.00012225
1171.808039,0.00329075,0.006748417,0.0001165
1113.183126,0.002781667,0.0002845,0.000126
1146.796222,0.002941333,0.000698167,0.00012225
1163.684892,0.00258525,0.000146833,0.00009975
1238.294746,0.002739583,0.000689833,0.0001505
1204.270338,0.0028935,0.000712167,0.000098
1151.770218,0.002630583,0.00111825,0.00011475
1083.572393,0.00243175,0.000126083,0.00009475
1064.216924,0.002686083,0.001322333,0.00008875
1174.292768,0.002597417,0.000762333,0.000089
1132.581268,0.002669917,0.000620083,0.0000825
1113.540686,0.002608333,0.000385917,0.000102
1128.055028,0.002840333,0.000745,0.00015475
1132.138701,0.002092417,0.0001065,0.000096
1237.784329,0.002118667,0.0001275,0.0001035
1257.264235,0.002328583,0.00078275,0.0001345
1210.269862,0.002630083,0.000757333,0.00013525
1236.65299,0.002666917,0.00187275,0.000105
1293.274213,0.002705083,0.000541083,0.0001005
1229.986453,0.002471417,0.002121583,0.0001175
1190.04213,0.00240725,0.000124417,0.000073
1295.619336,0.002311083,0.00028425,0.000114
1220.087798,0.002326667,0.000149,0.00011125
1225.063184,0.002447167,0.000249667,0.00012125
1267.274671,0.002502167,0.00016,0.000118
1225.452539,0.00264175,0.000585833,0.00013025
1201.593142,0.002259,0.0006865,0.00009925
1175.669078,0.002493167,0.001413,0.00012375
1173.223196,0.00245925,0.000127417,0.00010375
1235.864266,0.002612917,0.000965667,0.00012775
1332.86859,0.002613583,0.00065175,0.00014975
1283.178998,0.002725667,0.000497083,0.00011125
1196.351628,0.002521833,0.001189167,0.00015325
1314.167606,0.00255425,0.000279583,0.000102
1361.013817,0.002635,0.001847917,0.00011525
1255.40998,0.002807,0.003686167,0.0000965
1253.930699,0.002641167,0.0016995,0.00010675
1242.798091,0.002671583,0.00180675,0.00018375
1284.176802,0.002565583,0.002368583,9.38E-05
1231.668399,0.002902833,0.003681917,0.00012575
1257.500378,0.002415,0.000327833,0.0000855
1344.262882,0.002701,0.001787333,0.00008675
1309.936346,0.002379167,0.000315917,0.00010625
1323.718917,0.0024135,0.000133583,9.78E-05
1314.516982,0.002831667,0.001245583,0.000124
1332.121984,0.00271575,0.000343583,0.000185
1358.689305,0.002764,0.0002495,0.00013725
1397.935496,0.002787333,0.001966,0.00012725
1402.115088,0.00280625,0.00018925,0.0001595
1403.871303,0.0026275,0.000784833,0.00011325
1476.605835,0.002912667,0.00223475,0.00012375
1335.56676,0.002698167,0.002145167,0.0001475
1387.165145,0.002808333,0.002205417,0.000159
1314.541934,0.002531917,0.001336917,0.00013375
1340.849723,0.002658583,0.00229025,0.00011325
1366.72133,0.00235525,0.000284667,0.00011225
1485.37876,0.00245325,0.000266667,0.0001195
1395.031415,0.002539417,0.000476583,0.0001385
1406.703744,0.002585917,0.001349083,0.00012075
1417.249751,0.002568583,0.000209167,0.0001645
1481.567706,0.002686583,0.00033475,0.00009575
1448.64161,0.002397833,0.000465833,0.0001105
1388.178467,0.002255417,0.000180083,0.000094
1472.298066,0.002711833,0.00113375,0.00012
1452.750512,0.002311167,0.000191417,0.00012775
1453.751687,0.002181333,0.00017725,0.000117
1533.783118,0.002554667,0.0002255,0.00008775
1521.608745,0.0023085,0.000178,0.00010875
1485.553869,0.002065667,0.000188833,0.00009125
1459.249816,0.002005583,0.000198333,9.63E-05
1448.277508,0.001700167,0.00013625,0.00008225
1547.864998,0.001930583,0.000132,0.000113
1502.428318,0.002100583,0.000150583,0.00010925
1498.629465,0.001970083,0.000126083,0.00008625
1537.058471,0.002096917,0.000204083,9.28E-05
1518.516036,0.002008,0.0001275,0.00008575
1532.028038,0.002003583,0.0001605,0.00017725
1512.228079,0.001964,0.00038725,0.000114
1525.362643,0.00185325,9.51E-05,0.00006125
1576.046268,0.001934083,0.0001475,0.00007425
1546.089848,0.002209583,0.00089175,0.0001275
1534.843609,0.00189625,0.0009225,0.0000895
1529.904264,0.001917833,0.0003095,0.000071
1524.6754,0.001979417,0.000147583,0.00011075
1543.966543,0.00205025,0.000516583,0.000112
1578.375259,0.001974167,0.00018225,0.000109
1587.309184,0.001914417,0.000184167,8.68E-05
1532.77354,0.001935,0.000255667,0.00008
1563.063664,0.002041583,0.000173917,0.000097
1609.704268,0.002020083,0.000275583,0.00010625
1557.165537,0.001808083,0.00015625,0.00011525
1651.172694,0.002110667,0.000171583,0.000126
1627.307292,0.002041083,0.000160083,0.00009475
1588.942424,0.00191975,0.00013525,9.93E-05
1595.807437,0.002101167,0.000325667,0.0001075
1632.870028,0.002055917,0.000179083,0.00010475
1649.790911,0.002371917,0.000177667,0.0001245
1610.35532,0.002128333,0.000191833,0.0000885
1595.989598,0.00186225,0.000169833,0.00008325
1461.008938,0.00202,0.00014575,8.33E-05
1531.410229,0.001872583,0.000183333,0.00011825
1582.644791,0.001815833,0.000168833,0.00007175
1675.786542,0.00219125,0.000346917,0.0001275
1690.015055,0.002124083,0.00123575,0.00010775
1770.966369,0.0019015,0.0002455,0.000104
1778.910563,0.001882917,0.000256667,6.48E-05
1608.139793,0.001894417,0.000151833,0.0000735
1697.900762,0.002000917,0.000228417,0.00008925
1728.670529,0.002192667,0.000759417,0.0000795
1720.432964,0.001934167,0.000161417,0.00012225
1688.5303,0.002282167,0.000173167,0.000128
1757.583388,0.001916333,0.000177083,8.68E-05
1731.739927,0.002193833,0.00050925,0.0001015
1723.322537,0.002025083,0.00017475,0.0001285
1653.97119,0.00187575,0.000153,0.000102
1672.684848,0.002021667,0.000127167,0.000096
1677.044925,0.002169667,0.000299,0.00016375
1625.798079,0.002144083,0.000155833,0.00012775
1663.387864,0.00211125,0.000161083,9.58E-05
1711.567817,0.0020145,0.000339917,0.0001245
1700.841592,0.0023915,0.00151675,0.000115
1714.094432,0.00206775,0.000174417,0.000105
1844.746345,0.002131667,0.00016175,0.0001235
1797.845524,0.002262333,0.000773833,0.000104
1840.181375,0.002034333,0.000184,0.000107
1769.323985,0.002057417,0.00133375,0.000101
1724.499134,0.002229833,0.000160583,0.0000855
1803.202534,0.002107417,0.000128,0.00012175
1691.420567,0.002123333,0.001223083,0.0001255
1697.68753,0.0020685,0.000217167,0.00011325
1712.934289,0.002786417,0.002046917,0.000134
1752.22475,0.002650167,0.000430417,0.00015325
1783.060158,0.002609833,0.000979083,0.00013975
1725.39489,0.002983833,0.00213025,0.0001465
1730.478905,0.002744667,0.000478417,0.00018925
1715.805595,0.00281425,0.001321583,0.00016675
1719.677798,0.00277375,0.000956917,0.000133
1704.82963,0.0031015,0.003904083,0.00016775
1674.31122,0.00267975,0.001847417,0.00011275
1798.819687,0.002148667,0.000597333,0.000082
1864.667874,0.002696083,0.001991833,0.000073
1750.412671,0.0022495,0.00036125,0.0001485
1757.728282,0.001906917,0.0001635,0.00021425
1744.559411,0.001940417,0.000159333,0.000156
1842.893237,0.002010333,0.00016975,0.00007725
1788.105625,0.002083083,0.000721917,0.00013675
1878.611345,0.0019745,0.000162333,0.00015025
1840.3423,0.002038917,0.00014925,0.00009525
1805.880713,0.002000167,0.000169583,0.00012275
1755.775817,0.001988,0.00017475,0.00013
1820.606952,0.0018915,0.000185083,0.00011525
1753.058152,0.00192675,0.000210667,0.00011275
1879.158404,0.002233333,0.000224833,0.0001465
1813.159727,0.002486667,0.00154725,0.000119
1807.103028,0.001948583,0.0001565,0.000114
1785.125515,0.001992667,0.000159917,0.00012675
1828.396528,0.002246,0.000596667,0.00007875
1822.137299,0.002133333,0.000194417,0.00011575
1861.644849,0.002098333,0.00022525,0.0001375
1747.278691,0.0021915,0.00020275,0.00015075
1787.718653,0.00197975,0.000142833,9.38E-05
1798.233,0.002000917,0.000181,0.000143
1766.696335,0.00203975,0.000783667,9.43E-05
1770.975788,0.002099667,0.000196917,0.0001015
1830.021918,0.002081583,0.000180417,0.00012575
1813.299079,0.001979583,0.000138917,0.00011125
1816.800138,0.001927083,0.000297083,0.00009
1813.824613,0.002069667,0.000211167,0.00011825
1813.980079,0.002112083,0.000298917,0.0001325
1875.217344,0.00197525,0.000219167,0.0001975
1828.44097,0.00212025,0.000146583,0.00008825
1921.489346,0.002054167,0.00033625,0.000125
1896.129116,0.002125667,0.00024625,0.000121
1961.765933,0.003080833,0.0016595,0.0001595
1817.563606,0.002606417,0.000568417,0.0001245
1874.348737,0.002127,0.000150083,0.00019575
1950.264379,0.002149917,0.000213083,0.00009725
1905.036926,0.002108583,0.000194917,0.000125
1854.305483,0.00243075,0.000765917,0.000105
1779.449402,0.002019667,0.000392,0.000077
1834.90088,0.002084,0.000228417,0.0000875
1789.457554,0.002092417,0.000193917,0.000127
1723.311944,0.002158417,0.000703,8.70E-05
1731.329106,0.001824333,0.000155083,0.000083
1716.589163,0.00205525,0.000133833,0.00007375
1812.038272,0.002059833,0.000789833,0.00012725
1747.817178,0.0021465,0.001707917,0.0001545
1777.215364,0.002364083,0.001127417,0.0001455
1730.33909,0.0021085,0.000155,9.83E-05
1763.158524,0.002217417,0.000174167,0.00014125
1716.689882,0.002094333,0.000400417,0.00011025
1724.273374,0.0019925,0.000158,0.0000965
1756.27434,0.002101667,0.00024725,0.000121
1750.84155,0.0021575,0.000669583,0.00011825
1801.115199,0.002313,0.00050375,0.0001165
1734.805075,0.002950417,0.000368333,0.000229
1706.316553,0.002952917,0.00113375,0.000204
1722.870566,0.002639167,0.000955167,0.000178
1755.884394,0.00280575,0.0011345,0.00014025
1792.155176,0.002773083,0.001406333,0.0001925
1798.319124,0.002765667,0.00052225,0.00019625
1761.689342,0.002961667,0.002552583,0.00018075
1775.863972,0.00293075,0.001574167,0.00019675
1910.804283,0.0032635,0.00475025,0.00018375
1835.774936,0.002633333,0.000328083,0.000172
1901.222887,0.00256225,0.0014815,0.00014825
1885.824489,0.00293925,0.00169875,0.00015725
1835.782177,0.003179167,0.00404775,0.0001865
1771.830987,0.002734333,0.00389075,0.00015325
1801.938339,0.00291575,0.002979333,0.00012675
1854.904747,0.002791167,0.00222775,0.00014975
1818.354481,0.002721583,0.00126375,0.00013275
1833.408386,0.003000583,0.004680583,0.00009475
1852.671444,0.002891417,0.001582083,0.00016275
1842.266333,0.00275675,0.000405333,0.00017375
1887.763377,0.003116583,0.00332475,0.000191
1843.523491,0.002866167,0.00389825,0.000125
1874.567717,0.003253833,0.006743667,0.0001465
1940.926888,0.00300125,0.00289,0.000188
1929.648496,0.0024285,0.000334083,0.000146
1843.243545,0.002741,0.001662583,0.0001655
1828.499861,0.00268075,0.0003395,0.000186
1866.184148,0.00271425,0.002047833,0.00017425
1962.343039,0.002101333,0.00027275,0.0001265
1974.594208,0.00245675,0.000294167,0.0001255
1975.634159,0.002833417,0.002217167,0.00022425
1913.42203,0.0028185,0.000620917,0.00018075
1929.38272,0.002735833,0.000342,0.0001895
1962.22757,0.00218025,0.000221333,0.00011675
1960.294861,0.0020025,0.00017725,0.00011075
2011.75301,0.002212417,0.000351917,0.00011775
2011.34601,0.002140333,0.0001995,0.000121
1998.594958,0.002189667,0.000257917,0.000146
2100.488305,0.002166167,0.000261,0.000113
2068.54962,0.002168333,0.000259833,0.00013
1987.239918,0.0025255,0.001385083,0.00011175
2036.37333,0.003157583,0.006700583,0.00013525
2043.818466,0.002033417,0.00022075,0.00011125
2010.129042,0.00193325,0.000442083,0.000105
2009.497437,0.002594917,0.002867333,0.00013025
2069.603004,0.00205475,0.000207667,0.0000975
2091.688094,0.002018417,0.0006845,0.00013025
2111.226273,0.00248775,0.003055167,0.00012425
2085.332287,0.002112,0.000202833,0.0001125
2077.010025,0.002155583,0.000538417,0.00014175
2095.680737,0.002031083,0.000329083,0.0001125
2015.973568,0.002144917,0.0002235,0.0000975
2020.428425,0.002051167,0.000200667,0.000111
2063.958753,0.002128083,0.000350333,0.00012575
2023.841764,0.002045417,0.000176,0.00012525
1963.083543,0.001968833,0.000291167,0.00008375
2019.294531,0.0019975,0.000227,0.00008375
1954.197358,0.00206825,0.000208583,0.000127333
2089.720449,0.00241475,0.000296583,0.000128667
2009.712448,0.00206,0.000450167,0.00011025
1971.696551,0.0020255,0.00023825,0.000107417
2006.934936,0.00209525,0.00034675,0.000111333
1957.273214,0.002573167,0.000746583,0.000188083
1961.589075,0.003031333,0.00747275,0.000116583
1945.87821,0.003180333,0.004722667,0.000136083
2035.043344,0.002345833,0.001125583,0.000136
2064.863165,0.002094333,0.00023075,0.000121
2123.050678,0.002373333,0.005231333,0.000127667
2032.045149,0.002424333,0.000434,0.000136083
2198.403275,0.002165167,0.001830167,9.86E-05
2082.411956,0.0031305,0.006535083,0.000144833
2004.582801,0.002507583,0.004337583,0.000112833
2021.059108,0.003642333,0.00990625,0.000150417
2045.90254,0.003359417,0.007487833,0.000141333
2205.542006,0.002804833,0.002622167,0.000125917
2148.327289,0.00234125,0.000802917,0.000139
2200.918872,0.002644833,0.00300675,0.000144083
2178.19967,0.003505917,0.005397417,0.000219083
2093.881195,0.003835417,0.01227,0.000105667
2136.383232,0.002196583,0.000860667,0.000109417
2168.77998,0.002954833,0.004510167,0.000110917
2093.017498,0.002262583,0.000838,0.000124917
2096.926033,0.002526167,0.001655417,0.000125833
2059.087971,0.002353,0.00226675,0.00015825
2112.712932,0.002273583,0.000356667,0.000134583
2081.627438,0.002377,0.001503167,9.98E-05
2089.223759,0.002110917,0.000245,0.0001195
2049.674284,0.002214417,0.000764417,0.000244667
2083.011174,0.002241833,0.002346,9.57E-05
2036.753159,0.003220167,0.00546425,0.000138167
2002.421843,0.002942917,0.002505583,0.000149083
2104.383038,0.0030935,0.003153583,0.000154
2124.668156,0.002411,0.002175083,0.000136083
2106.689395,0.002656917,0.001,0.000152167
2124.24621,0.002165667,0.0002305,0.0001115
2119.634318,0.002463417,0.002665,9.78E-05
2113.917748,0.003627667,0.009066917,0.000142667
2142.75652,0.0037445,0.013534083,0.000153
2122.601424,0.003462333,0.008692083,0.000140833
2116.76263,0.00223825,0.000399167,0.000126417
2092.393905,0.0024465,0.001065083,0.000114333
2109.224304,0.00313525,0.0053585,0.0001595
2142.34553,0.00244625,0.000548417,0.000112583
2060.029072,0.0020505,0.000221167,0.000138917
2167.466537,0.003212083,0.003284833,0.000143667
2171.318536,0.00242525,0.000928833,0.000173833
2214.70068,0.002239167,0.000941083,0.0000955
2149.991871,0.00310175,0.0033255,0.000140417
2178.065313,0.003187917,0.006508917,0.00013925
2146.207728,0.002839,0.003885583,0.000107
2151.566644,0.00350125,0.00992675,0.000127833
2118.084679,0.00322875,0.003952917,0.0002145
2117.27744,0.00341375,0.008472667,0.000107333
2060.241966,0.003793417,0.011319917,0.000125917
2089.034919,0.002931417,0.002277,0.00016925
2066.469146,0.00277825,0.003173833,0.000144167
2148.65507,0.002271833,0.000636083,0.00011425
2160.00584,0.002491583,0.002631167,0.00013525
2265.288858,0.002457583,0.001778083,0.000108417
2142.434948,0.0029885,0.003966917,0.0001545
2128.660545,0.003613917,0.012123083,0.0001345
2068.557165,0.003250333,0.007657917,0.000132667
2100.620997,0.003430417,0.010188833,0.0001295
2104.347843,0.002660417,0.003434917,0.0001655
2164.950749,0.002673333,0.000550417,0.000123667
2135.184174,0.002997333,0.004356417,0.000156667
2054.032977,0.004086583,0.01605175,0.00023625
2143.083961,0.00321675,0.008703167,0.000139583
2068.197347,0.0038175,0.010358833,0.000151583
2147.59515,0.002405083,0.001422417,0.000106417
2162.78304,0.002041583,0.000276667,0.00010125
2162.252537,0.002641,0.001782,0.000103667
2042.786111,0.00403525,0.0152315,0.000134
2068.261825,0.003848333,0.012314,0.000138083
2129.585349,0.003064,0.006813667,0.00011525
2022.997693,0.002996167,0.001385917,0.000151
2080.015556,0.003316417,0.004139583,0.000131333
2025.250711,0.00315675,0.004736917,0.000145833
2088.503423,0.003566833,0.007302,0.000162417
2104.188117,0.003523,0.010675917,0.000151167
2038.438865,0.003426917,0.011685167,0.000121583
2031.145666,0.003419333,0.007797167,0.000131167
2081.793671,0.00309,0.006845417,0.000148917
2078.954514,0.003735833,0.011220083,0.000112
2030.328709,0.003430167,0.0078335,0.000130417
2143.408134,0.00283475,0.00191575,0.00013575
2020.858293,0.00366225,0.0097875,0.00013375
1993.831514,0.003483167,0.009368333,0.000130417
2061.361069,0.003772333,0.01202,0.0001
2105.737639,0.004291583,0.017255667,0.000123167
2083.997018,0.003339,0.007943417,0.000135417
2079.123749,0.00345925,0.00877725,0.000163667
2110.401585,0.003575,0.008874417,0.000160917
2084.906522,0.0030725,0.0055965,0.00011625
2082.099531,0.00250975,0.00374925,0.00010875
2186.619001,0.002151333,0.000476333,0.00009675
2100.970459,0.003958667,0.01614475,0.000133667
2100.617189,0.004550583,0.0212885,0.000125417
2055.455521,0.004019833,0.01566675,0.000137667
2073.258558,0.004032833,0.0169395,0.000115917
2082.930584,0.00326325,0.006191833,0.000133417
2037.752553,0.003869833,0.015146583,0.000105917
2057.702187,0.004604667,0.0256605,0.000158917
2036.987494,0.003830083,0.012524083,0.000144417
2053.113253,0.003764167,0.01376525,0.000162167
2115.14718,0.003749333,0.012361,0.00013575
2161.659255,0.0020515,0.000709333,9.81E-05
2135.370051,0.002209333,0.0003265,0.00014225
2034.855067,0.0022605,0.000373,0.000136917
2160.444835,0.002324583,0.000593167,0.00011425
2117.618797,0.002097917,0.000497333,0.000098
2092.113394,0.003222583,0.00830175,0.0001285
2111.594906,0.002585333,0.00480375,0.000120083
2040.314017,0.0027415,0.002436333,0.000158167
2015.654445,0.002625833,0.004135417,0.000224583
2135.83691,0.00271725,0.004619833,0.0001325
2049.851242,0.0030235,0.005158417,0.000198833
2083.647254,0.002439083,0.000320417,0.000132167
2072.737663,0.002911333,0.003381167,0.000142583
2143.394162,0.002471333,0.000703333,0.000103833
2111.765547,0.002254667,0.000311583,0.00011375
2074.251921,0.002203,0.000279417,0.000114583
2153.401591,0.002113167,0.00031575,0.000108833
2114.889972,0.002473,0.003291083,0.000113667
2139.911194,0.002982083,0.003870333,0.000150083
2061.676066,0.00262925,0.00308025,0.000114
2028.7678,0.002399167,0.000546833,0.000177417
2105.7478,0.002231667,0.001009333,0.000113583
2203.515445,0.00256925,0.00293825,0.000116833
2154.672754,0.002738083,0.0027425,0.0001275
2112.644875,0.00238025,0.003128833,0.000110917
2123.627778,0.002161333,0.000862,0.00011625
2060.798739,0.00220875,0.001054083,0.000130333
2010.422414,0.002363833,0.003316417,0.000129583
2095.282012,0.003090667,0.005754667,0.000102583
2063.618989,0.003318833,0.008798417,0.000134917
2043.565894,0.002429083,0.001036167,0.000161667
2046.15373,0.00223125,0.000909583,0.00013175
2012.680499,0.003205417,0.008811083,0.000109667
2129.884906,0.003343667,0.0060175,0.000153167
2033.193711,0.003554417,0.01084775,0.000149917
2046.138631,0.003305833,0.007270417,0.000117083
2022.388235,0.003245167,0.0072865,0.00012925
1991.815043,0.003400917,0.007696333,0.0001275
2017.741686,0.003208333,0.003947417,0.000114
1969.632964,0.003007417,0.002617667,0.000121083
1898.624312,0.00384075,0.016296417,0.000130417
1987.305754,0.003438333,0.009326167,0.000121833
2007.194893,0.003174333,0.004117333,0.000170833
1948.302956,0.00338875,0.008766583,0.000166917
1959.369437,0.00270275,0.002139,0.00011775
1962.031191,0.003144917,0.006533083,0.00011475
1948.621528,0.003468333,0.00814825,0.00013675
2020.777373,0.004211583,0.015226,0.000155833
1907.203959,0.004117833,0.013970583,0.000162833
1972.250873,0.002999833,0.003941667,0.0001295
1966.045136,0.002985417,0.0047045,0.000136583
1935.967684,0.002432,0.002216,0.00014775
1982.385598,0.002395583,0.00054625,0.0001205
2089.852792,0.00228125,0.00030125,0.0001215
1920.333824,0.00223475,0.001662917,0.000112667
1949.203158,0.00234025,0.001086,0.000167417
2010.318136,0.00249725,0.001053583,0.000156583
1996.963964,0.0024825,0.002483083,9.43E-05
1943.277794,0.00331025,0.006840917,0.00014825
1948.331575,0.002462083,0.001163,0.0001245
1972.098974,0.003126333,0.004442,0.000135417
1930.250202,0.0036715,0.010293167,0.000112583
2007.146568,0.00411275,0.017502583,8.82E-05
2012.916261,0.004921083,0.0266105,2.43E-05
1927.137325,0.004243,0.015541417,0.000110583
1978.100441,0.00336,0.008256833,7.21E-05
2025.446255,0.003642917,0.012115417,0.000124833
1956.370394,0.0028705,0.003232833,0.000107667
1899.751158,0.003132417,0.0040035,7.31E-05
1971.520613,0.003284667,0.003646583,0.000125
1976.38842,0.003235833,0.004988333,0.000120667
1978.103869,0.003752667,0.01265875,0.000127083
1986.781093,0.00376425,0.010648,0.000113417
1984.153667,0.003485667,0.009061083,0.00010375
1984.215906,0.003191167,0.0092935,0.000151917
2019.437528,0.003562667,0.009645083,0.000160667
2061.241646,0.003659083,0.009051667,0.000133417
2033.930275,0.003056833,0.002727083,0.000131583
2030.666762,0.0025255,0.00104625,0.000131333
2104.141519,0.002222833,0.000224333,0.0001095
2080.746588,0.002727083,0.002835833,0.000107667
2019.88469,0.003289833,0.00670825,0.00015775
2034.961767,0.003325333,0.006385417,0.000104333
1965.963547,0.003253583,0.0033185,0.000141
2011.266101,0.003243667,0.00330125,0.000163333
2007.465686,0.002527,0.001214833,0.000175167
2000.089838,0.002606417,0.002428,0.000103
2070.80975,0.003477083,0.007514417,0.000128833
1921.464219,0.00366425,0.011107167,0.000170833
2020.977502,0.00304125,0.00231725,0.000141667
1974.366732,0.003638333,0.009667917,0.000150667
1960.748514,0.0033335,0.004335,0.000124917
1930.792736,0.003299083,0.006462417,0.000149
1974.634472,0.002907583,0.0026695,0.000227333
1967.631726,0.002174167,0.000224417,0.000137667
1937.695426,0.00287625,0.0038305,0.000200167
1965.82581,0.00229425,0.000739833,0.00022825
1963.970101,0.002527833,0.001725083,0.000139167
2031.770006,0.004101167,0.0172235,0.000134167
2028.916695,0.00302375,0.005035917,0.00014675
1994.3826,0.002858417,0.0049875,0.0001425
2062.837765,0.002405583,0.000453167,0.000140083
2083.508707,0.00264675,0.002711583,0.000102
1999.556609,0.002719417,0.00264075,0.000135417
1982.863787,0.00263125,0.001527583,0.000110417
2078.181736,0.00296275,0.007024583,0.000139917
1986.495862,0.003930833,0.009830917,0.00016125
2057.19852,0.002564,0.0031335,0.000103
2021.688063,0.003159667,0.006816,0.000157417
2023.646869,0.0038205,0.013620083,0.000197
1987.070161,0.00407975,0.01251325,0.000162917
2024.75599,0.002631917,0.0023225,0.000112167
1992.6163,0.003330333,0.009972167,0.000178167
2078.461942,0.0035305,0.007537333,0.000164583
1978.108667,0.002986083,0.0026195,0.000126
1957.60377,0.003401833,0.005329167,0.000175
1946.987761,0.002323,0.001913,0.000120833
1969.200793,0.002466917,0.000883,0.000113083
1937.658444,0.002761,0.003242667,0.000126583
1974.362718,0.00367,0.007706833,0.000140167
1947.002364,0.003209333,0.00338275,0.000193917
1885.195044,0.003092333,0.002902917,0.000149
1884.110759,0.002521417,0.000842833,0.000122
1925.188201,0.002820667,0.000750083,0.00014225
1856.882907,0.0029095,0.002191917,0.0001475
1977.266857,0.002741917,0.00236525,9.98E-05
1914.086235,0.00227575,0.001744833,9.14E-05
1818.725298,0.002802417,0.004095,0.0001245
1860.727407,0.002487333,0.004251083,0.000120583
1830.987568,0.0022315,0.002008167,0.000133083
1867.052832,0.002686083,0.005411667,0.0001165
1829.632968,0.00255225,0.001092083,0.000121083
1886.536589,0.002546667,0.001352083,0.000125583
1861.670429,0.002779167,0.003743417,0.00011675
1843.843963,0.002868,0.00344875,0.00009625
1785.859167,0.003059417,0.003123167,0.000141833
1852.401808,0.003212833,0.005515833,0.00014875
1747.577357,0.002888917,0.004915333,0.000161333
1798.761052,0.003066083,0.00337575,0.000142167
1876.905988,0.002936583,0.004071833,0.000112667
1855.415018,0.003184083,0.007856583,0.000123333
1828.818479,0.003340417,0.012101583,0.000119583
1793.059061,0.002890417,0.004012833,0.0001045
1797.121943,0.002719083,0.001689583,0.000121
1734.191327,0.003512083,0.009118667,0.00014375
1764.623109,0.003125833,0.00437075,0.0001345
1786.76164,0.003196917,0.008481833,0.00015225
1723.318961,0.003001667,0.004227583,0.000110917
1732.198876,0.003188083,0.005029167,0.0001365
1730.498107,0.003362917,0.008903833,0.0001325
1690.101142,0.002847333,0.003133917,0.0001255
1778.140003,0.002432333,0.000288833,0.000131333
1682.907945,0.002755917,0.00314675,0.000119333
1741.538808,0.00300925,0.00153775,0.000125667
1698.439617,0.003209333,0.007754083,0.000129667
1760.63485,0.003397167,0.007128,0.000143667
1726.592305,0.003456167,0.010118167,0.000122083
1650.670645,0.003266583,0.008005917,0.000106167
1695.047866,0.003502583,0.006701667,0.00013975
1642.978442,0.00255625,0.00313175,9.86E-05
1661.187765,0.00322125,0.00484325,0.000158167
